id,gender,age_group,goc
1,Men,Middle,Mid
2,Women,Middle,High
3,Men,Middle,Low
4,Women,Middle,Mid
5,Men,Middle,High
6,Women,Young,Low
7,Women,Older,Low
8,Men,Middle,High
9,Women,Young,Low
10,Women,Middle,High
11,Women,Young,Mid
12,Women,Older,High
13,Women,Older,High
14,Women,Older,Mid
15,Women,Older,Low
16,Women,Middle,Mid
17,Women,Older,Mid
18,Women,Older,Mid
19,Women,Middle,Low
20,Women,Young,Mid
21,Women,Older,Mid
22,Women,Young,Mid
23,Women,Young,Low
24,Women,Older,High
25,Women,Older,High
26,Women,Young,Mid
27,Men,Middle,Mid
28,Women,Older,Mid
29,Women,Older,High
30,Women,Older,Mid
31,Women,Young,Low
32,Women,Middle,Low
33,Men,Middle,Mid
34,Women,Young,Mid
35,Men,Middle,Mid
36,Women,Older,Mid
37,Women,Older,High
38,Women,Young,High
39,Women,Older,High
40,Women,Young,Low
41,Men,Middle,Low
42,Women,Young,Mid
43,Women,Older,Low
44,Men,Middle,High
45,Women,Young,Mid
46,Women,Young,Mid
47,Women,Older,Low
48,Women,Older,Mid
49,Women,Young,High
50,Women,Young,Low
51,Women,Young,Low
52,Women,Middle,Mid
53,Women,Young,Low
54,Women,Older,Low
55,Women,Young,Low
56,Women,Young,Low
57,Women,Young,Low
58,Women,Middle,Low
59,Women,Middle,Low
60,Women,Young,Low
61,Women,Middle,Mid
62,Men,Middle,Low
63,Men,Middle,Low
64,Women,Middle,Mid
65,Men,Middle,Mid
66,Men,Middle,High
67,Women,Young,Low
68,Women,Older,Low
69,Women,Young,Low
70,Women,Older,Low
71,Women,Young,Mid
72,Women,Young,Low
73,Women,Older,Mid
74,Women,Older,Low
75,Men,Middle,Mid
76,Women,Middle,Mid
77,Women,Middle,Low
78,Women,Young,Mid
79,Women,Older,Mid
80,Women,Middle,Low
81,Women,Older,Mid
82,Women,Older,Mid
83,Women,Older,High
84,Women,Middle,High
85,Women,Older,Mid
86,Women,Older,High
87,Women,Older,High
88,Women,Older,High
89,Women,Young,Low
90,Women,Middle,Mid
91,Men,Middle,Low
92,Women,Middle,Low
93,Women,Middle,Low
94,Women,Young,Mid
95,Men,Middle,Low
96,Women,Older,Low
97,Women,Young,Mid
98,Women,Young,Low
99,Women,Older,Low
100,Women,Young,Mid
101,Women,Older,Mid
102,Women,Middle,High
103,Women,Young,Mid
104,Women,Young,High
105,Women,Older,Low
106,Women,Young,Mid
107,Women,Middle,Mid
108,Women,Young,Low
109,Women,Older,Low
110,Women,Older,Mid
111,Women,Young,Mid
112,Women,Older,High
113,Women,Older,Mid
114,Women,Young,Mid
115,Men,Middle,Low
116,Women,Older,Low
117,Women,Middle,High
118,Women,Young,High
119,Women,Young,Low
120,Men,Middle,High
121,Women,Older,Mid
122,Men,Middle,Mid
123,Women,Middle,Low
124,Women,Older,High
125,Women,Middle,Low
126,Men,Middle,Low
127,Women,Young,Low
128,Women,Older,High
129,Women,Young,Low
130,Women,Older,High
131,Women,Older,Mid
132,Women,Young,Low
133,Women,Older,High
134,Men,Middle,Low
135,Women,Older,Low
136,Women,Young,High
137,Men,Middle,Low
138,Women,Older,Low
139,Women,Young,High
140,Women,Older,Low
141,Men,Middle,Mid
142,Women,Older,Mid
143,Women,Young,Mid
144,Women,Older,High
145,Women,Young,High
146,Men,Middle,High
147,Women,Young,Low
148,Women,Older,Low
149,Women,Older,Mid
150,Women,Older,Low
151,Women,Older,High
152,Women,Middle,Mid
153,Women,Older,Mid
154,Women,Young,High
155,Women,Older,Low
156,Women,Young,High
157,Women,Middle,Low
158,Women,Older,Low
159,Women,Older,Mid
160,Women,Young,Low
161,Women,Young,Low
162,Women,Older,Low
163,Women,Young,Low
164,Women,Young,Mid
165,Women,Young,High
166,Women,Young,Low
167,Men,Middle,Mid
168,Women,Older,Mid
169,Men,Middle,High
170,Men,Middle,Low
171,Women,Older,High
172,Women,Young,Low
173,Women,Young,Low
174,Women,Older,Mid
175,Women,Older,Mid
176,Women,Older,Low
177,Women,Young,Low
178,Women,Young,Low
179,Women,Young,Mid
180,Women,Older,Mid
181,Women,Older,Low
182,Women,Older,Mid
183,Women,Older,High
184,Women,Older,Low
185,Men,Middle,Low
186,Women,Middle,Mid
187,Women,Older,High
188,Men,Middle,Mid
189,Women,Older,Mid
190,Women,Middle,Mid
191,Men,Middle,Mid
192,Men,Middle,High
193,Women,Young,Low
194,Women,Middle,Mid
195,Women,Young,Low
196,Women,Older,Low
197,Women,Middle,Mid
198,Men,Middle,Low
199,Women,Middle,Low
200,Men,Middle,Low
201,Women,Older,High
202,Men,Middle,Mid
203,Men,Middle,High
204,Women,Middle,Mid
205,Women,Older,Mid
206,Women,Middle,Mid
207,Women,Young,Low
208,Women,Older,Mid
209,Women,Young,Mid
210,Women,Young,High
211,Men,Middle,Mid
212,Women,Young,Low
213,Women,Older,Mid
214,Women,Older,Low
215,Men,Middle,High
216,Women,Older,Mid
217,Men,Middle,Mid
218,Women,Older,Low
219,Women,Older,High
220,Women,Young,Low
221,Women,Young,Low
222,Women,Middle,Low
223,Women,Older,Low
224,Women,Older,High
225,Women,Older,High
226,Women,Older,Mid
227,Women,Middle,Low
228,Men,Middle,Mid
229,Women,Older,Mid
230,Women,Older,Low
231,Women,Young,Low
232,Women,Middle,Mid
233,Women,Older,Mid
234,Men,Middle,Low
235,Men,Middle,High
236,Men,Middle,Low
237,Women,Middle,Mid
238,Women,Older,Mid
239,Women,Older,Low
240,Men,Middle,Mid
241,Women,Middle,High
242,Women,Young,Low
243,Women,Young,High
244,Women,Young,Low
245,Women,Middle,High
246,Women,Older,Low
247,Women,Older,Mid
248,Women,Young,Low
249,Men,Middle,Mid
250,Women,Older,Low
251,Men,Middle,Mid
252,Women,Middle,Low
253,Women,Older,Mid
254,Women,Older,Mid
255,Women,Young,Low
256,Women,Older,High
257,Men,Middle,Low
258,Men,Middle,Mid
259,Men,Middle,Mid
260,Women,Older,High
261,Women,Young,Low
262,Women,Older,Low
263,Women,Middle,Mid
264,Women,Older,Mid
265,Women,Older,Low
266,Women,Middle,Low
267,Women,Older,Mid
268,Women,Young,Low
269,Women,Older,High
270,Women,Young,Low
271,Women,Young,Low
272,Men,Middle,Low
273,Women,Middle,High
274,Women,Young,Mid
275,Women,Older,High
276,Women,Older,Low
277,Women,Older,Mid
278,Men,Middle,Mid
279,Women,Older,Low
280,Men,Middle,Mid
281,Women,Young,Mid
282,Women,Young,Mid
283,Women,Young,Low
284,Women,Middle,Low
285,Men,Middle,Low
286,Women,Young,Low
287,Men,Middle,High
288,Women,Young,High
289,Women,Middle,Low
290,Women,Older,High
291,Women,Young,High
292,Women,Young,Low
293,Women,Older,Mid
294,Men,Middle,Mid
295,Women,Young,High
296,Women,Young,Mid
297,Men,Middle,Low
298,Men,Middle,Low
299,Women,Young,Mid
300,Women,Older,Low
301,Women,Older,Low
302,Women,Older,Low
303,Women,Middle,Mid
304,Women,Middle,Mid
305,Women,Older,Mid
306,Women,Middle,Mid
307,Men,Middle,High
308,Women,Young,High
309,Women,Middle,Mid
310,Men,Middle,Low
311,Men,Middle,Mid
312,Women,Young,High
313,Women,Middle,High
314,Women,Older,Low
315,Men,Middle,Low
316,Women,Older,High
317,Men,Middle,Mid
318,Men,Middle,Low
319,Women,Older,High
320,Women,Middle,Low
321,Women,Young,Mid
322,Women,Middle,Mid
323,Women,Older,Low
324,Women,Young,Low
325,Women,Young,High
326,Women,Young,High
327,Women,Older,Low
328,Women,Older,Mid
329,Women,Older,Low
330,Women,Middle,Mid
331,Women,Older,Mid
332,Men,Middle,Mid
333,Women,Middle,High
334,Men,Middle,Low
335,Women,Older,High
336,Women,Young,Low
337,Women,Middle,Mid
338,Women,Older,Mid
339,Women,Older,High
340,Women,Older,Mid
341,Women,Older,Mid
342,Women,Older,Low
343,Men,Middle,High
344,Women,Young,High
345,Women,Middle,Mid
346,Men,Middle,Mid
347,Men,Middle,Low
348,Women,Older,Mid
349,Women,Older,Mid
350,Men,Middle,High
351,Women,Older,High
352,Women,Young,Low
353,Women,Middle,Low
354,Women,Older,Mid
355,Men,Middle,Low
356,Women,Young,Mid
357,Women,Young,Mid
358,Women,Young,Mid
359,Women,Young,Mid
360,Women,Young,Mid
361,Women,Older,High
362,Women,Middle,Low
363,Women,Middle,Low
364,Women,Middle,High
365,Women,Middle,Mid
366,Men,Middle,Low
367,Women,Middle,Low
368,Women,Older,Mid
369,Men,Middle,Mid
370,Women,Older,Mid
371,Men,Middle,Low
372,Men,Middle,Low
373,Women,Young,Mid
374,Women,Older,High
375,Women,Young,High
376,Women,Older,Mid
377,Women,Young,Mid
378,Women,Middle,Low
379,Women,Older,Mid
380,Women,Young,Low
381,Women,Middle,Low
382,Men,Middle,Low
383,Women,Middle,High
384,Women,Young,Mid
385,Women,Older,Mid
386,Women,Older,Mid
387,Women,Young,Low
388,Men,Middle,Low
389,Women,Young,Low
390,Women,Young,High
391,Women,Young,Low
392,Women,Older,Low
393,Men,Middle,High
394,Women,Middle,High
395,Women,Young,Mid
396,Women,Young,Low
397,Women,Older,Low
398,Men,Middle,Low
399,Women,Young,Low
400,Women,Young,High
401,Women,Older,High
402,Women,Older,Mid
403,Women,Older,Mid
404,Women,Middle,Low
405,Women,Older,High
406,Women,Older,Mid
407,Men,Middle,Mid
408,Men,Middle,Low
409,Women,Older,Mid
410,Women,Young,Low
411,Women,Young,Mid
412,Women,Older,Mid
413,Women,Young,High
414,Women,Young,Low
415,Women,Young,Low
416,Women,Young,Low
417,Women,Older,Low
418,Women,Young,High
419,Men,Middle,Low
420,Women,Older,High
421,Women,Older,Mid
422,Men,Middle,High
423,Men,Middle,High
424,Women,Young,Low
425,Women,Young,Low
426,Women,Older,Low
427,Men,Middle,Low
428,Men,Middle,Low
429,Men,Middle,Low
430,Women,Older,Mid
431,Men,Middle,Low
432,Men,Middle,Low
433,Women,Young,Mid
434,Women,Young,Low
435,Men,Middle,Low
436,Women,Young,Low
437,Women,Middle,Low
438,Women,Older,Mid
439,Women,Older,Mid
440,Women,Middle,High
441,Women,Young,Low
442,Men,Middle,Low
443,Women,Middle,High
444,Women,Young,Low
445,Women,Middle,Mid
446,Women,Older,Mid
447,Men,Middle,Mid
448,Women,Young,Mid
449,Women,Older,High
450,Women,Older,High
451,Women,Middle,Mid
452,Men,Middle,Mid
453,Women,Young,Low
454,Men,Middle,Low
455,Women,Young,High
456,Women,Young,High
457,Women,Older,High
458,Men,Middle,Mid
459,Women,Young,Low
460,Women,Young,High
461,Women,Middle,High
462,Women,Young,Low
463,Women,Young,Mid
464,Women,Older,Mid
465,Women,Young,Low
466,Women,Young,Low
467,Women,Young,Low
468,Women,Older,Mid
469,Women,Older,High
470,Women,Middle,Mid
471,Women,Young,Low
472,Women,Older,Low
473,Women,Middle,Low
474,Women,Older,Mid
475,Women,Middle,Mid
476,Men,Middle,Mid
477,Women,Young,Low
478,Women,Older,Mid
479,Women,Older,Low
480,Women,Young,Low
481,Women,Middle,Mid
482,Men,Middle,Low
483,Women,Young,High
484,Women,Older,Low
485,Women,Young,Low
486,Men,Middle,Mid
487,Men,Middle,Low
488,Women,Young,Low
489,Women,Middle,Mid
490,Women,Middle,Mid
491,Women,Middle,High
492,Women,Young,Low
493,Women,Older,Mid
494,Women,Older,Mid
495,Women,Young,Low
496,Women,Older,Low
497,Women,Older,Low
498,Men,Middle,High
499,Women,Older,Low
500,Women,Older,Low
501,Women,Young,Mid
502,Men,Middle,High
503,Women,Middle,Mid
504,Women,Young,Low
505,Women,Older,High
506,Women,Older,High
507,Women,Young,High
508,Women,Older,High
509,Women,Older,High
510,Women,Young,Mid
511,Women,Middle,High
512,Women,Young,High
513,Women,Middle,Mid
514,Women,Middle,Low
515,Women,Young,Low
516,Women,Older,Low
517,Women,Middle,Mid
518,Women,Young,High
519,Women,Older,High
520,Women,Older,Mid
521,Women,Older,Mid
522,Women,Young,Low
523,Women,Older,Low
524,Women,Middle,High
525,Women,Middle,Mid
526,Women,Young,Low
527,Women,Young,Low
528,Women,Young,Mid
529,Women,Middle,Low
530,Women,Older,Mid
531,Women,Young,Low
532,Women,Young,Low
533,Women,Middle,High
534,Women,Young,Mid
535,Women,Middle,Low
536,Women,Young,High
537,Women,Older,Mid
538,Women,Middle,High
539,Men,Middle,Low
540,Women,Middle,Low
541,Women,Middle,High
542,Women,Young,Low
543,Women,Older,High
544,Women,Older,Low
545,Women,Older,Low
546,Women,Older,High
547,Women,Young,Mid
548,Women,Older,High
549,Men,Middle,Low
550,Women,Young,Low
551,Women,Young,Low
552,Women,Older,Mid
553,Women,Older,Low
554,Women,Young,Low
555,Women,Older,Mid
556,Women,Older,Low
557,Women,Young,Low
558,Women,Middle,Mid
559,Women,Middle,Low
560,Women,Middle,High
561,Women,Young,Low
562,Men,Middle,Mid
563,Women,Middle,Mid
564,Women,Older,Mid
565,Men,Middle,High
566,Women,Young,Low
567,Women,Young,Mid
568,Women,Young,Mid
569,Women,Older,Mid
570,Men,Middle,High
571,Women,Young,Mid
572,Women,Older,Mid
573,Men,Middle,Low
574,Women,Older,Mid
575,Women,Young,Low
576,Women,Middle,Mid
577,Women,Middle,Low
578,Women,Older,Low
579,Women,Older,Low
580,Women,Young,Mid
581,Women,Young,Low
582,Men,Middle,Mid
583,Women,Older,Mid
584,Women,Middle,Mid
585,Women,Older,High
586,Women,Young,Low
587,Women,Older,Mid
588,Women,Older,High
589,Women,Middle,Low
590,Women,Older,High
591,Women,Older,High
592,Women,Young,High
593,Women,Young,Low
594,Women,Middle,Mid
595,Women,Older,Mid
596,Women,Young,Low
597,Women,Middle,Mid
598,Women,Middle,Mid
599,Women,Middle,Low
600,Women,Middle,High
601,Men,Middle,Mid
602,Women,Young,Mid
603,Women,Older,Low
604,Men,Middle,Low
605,Men,Middle,Low
606,Women,Older,High
607,Women,Middle,High
608,Women,Young,Mid
609,Men,Middle,Low
610,Women,Older,High
611,Men,Middle,Mid
612,Women,Middle,High
613,Men,Middle,High
614,Women,Older,Low
615,Men,Middle,Low
616,Women,Older,High
617,Women,Older,Mid
618,Women,Young,Low
619,Men,Middle,Mid
620,Women,Older,Mid
621,Men,Middle,Low
622,Women,Older,High
623,Women,Older,Low
624,Women,Young,High
625,Women,Young,Low
626,Women,Young,Mid
627,Women,Older,Low
628,Women,Older,High
629,Men,Middle,Low
630,Women,Older,Mid
631,Women,Young,Mid
632,Women,Middle,High
633,Women,Older,High
634,Women,Older,High
635,Women,Young,Low
636,Women,Young,Mid
637,Women,Older,Low
638,Men,Middle,Low
639,Women,Young,Low
640,Women,Middle,Mid
641,Men,Middle,Low
642,Men,Middle,Mid
643,Men,Middle,Mid
644,Women,Older,High
645,Men,Middle,Low
646,Men,Middle,Low
647,Women,Middle,Low
648,Men,Middle,High
649,Women,Older,High
650,Women,Young,High
651,Women,Older,Low
652,Men,Middle,High
653,Women,Middle,Low
654,Women,Middle,Low
655,Women,Young,Low
656,Women,Older,High
657,Women,Young,Low
658,Women,Young,Low
659,Women,Older,Low
660,Women,Older,Mid
661,Women,Young,Low
662,Women,Middle,Low
663,Women,Young,Mid
664,Men,Middle,Low
665,Women,Older,High
666,Women,Young,Mid
667,Women,Young,Low
668,Women,Older,Mid
669,Women,Older,Mid
670,Women,Young,Low
671,Women,Older,Low
672,Men,Middle,Low
673,Women,Older,High
674,Women,Older,Low
675,Men,Middle,High
676,Women,Young,Low
677,Women,Middle,High
678,Women,Older,High
679,Women,Older,High
680,Women,Middle,Mid
681,Women,Middle,Low
682,Men,Middle,High
683,Women,Older,Mid
684,Men,Middle,High
685,Men,Middle,Mid
686,Women,Young,Mid
687,Women,Middle,Low
688,Women,Older,Low
689,Women,Older,High
690,Men,Middle,Mid
691,Men,Middle,Mid
692,Women,Older,Mid
693,Women,Young,Mid
694,Men,Middle,Mid
695,Women,Young,Low
696,Women,Young,Mid
697,Women,Older,Mid
698,Women,Young,Low
699,Women,Middle,Mid
700,Men,Middle,Low
701,Men,Middle,High
702,Women,Middle,Low
703,Women,Young,Mid
704,Women,Middle,Low
705,Women,Older,Mid
706,Women,Older,Mid
707,Women,Young,Low
708,Women,Young,Low
709,Women,Older,Low
710,Men,Middle,Low
711,Women,Young,Mid
712,Women,Older,High
713,Men,Middle,Mid
714,Men,Middle,Mid
715,Women,Young,Low
716,Women,Middle,High
717,Women,Middle,Mid
718,Men,Middle,Mid
719,Men,Middle,Low
720,Women,Young,Low
721,Women,Middle,Mid
722,Women,Older,High
723,Men,Middle,Mid
724,Women,Older,Low
725,Women,Older,Low
726,Women,Young,Mid
727,Women,Older,High
728,Women,Young,High
729,Women,Older,Mid
730,Women,Middle,Mid
731,Women,Older,Low
732,Men,Middle,Mid
733,Women,Older,Low
734,Men,Middle,High
735,Women,Older,Mid
736,Women,Young,High
737,Women,Older,Mid
738,Women,Middle,Low
739,Women,Young,Low
740,Women,Young,High
741,Women,Older,Low
742,Women,Young,Low
743,Men,Middle,High
744,Women,Young,Low
745,Women,Older,High
746,Women,Young,Low
747,Women,Older,Mid
748,Women,Middle,Low
749,Women,Young,High
750,Men,Middle,Mid
751,Men,Middle,Mid
752,Women,Middle,Mid
753,Women,Young,High
754,Women,Young,Low
755,Women,Older,Mid
756,Women,Older,High
757,Women,Older,Mid
758,Men,Middle,High
759,Women,Young,Low
760,Men,Middle,Mid
761,Women,Middle,Mid
762,Women,Young,Mid
763,Women,Young,High
764,Women,Young,Mid
765,Men,Middle,High
766,Women,Young,Mid
767,Men,Middle,Low
768,Women,Young,Low
769,Women,Middle,Mid
770,Women,Older,Low
771,Women,Middle,Low
772,Women,Middle,Mid
773,Women,Older,High
774,Women,Young,Low
775,Women,Young,Low
776,Women,Young,Low
777,Women,Older,High
778,Women,Young,Low
779,Men,Middle,Mid
780,Women,Older,Low
781,Women,Young,Low
782,Women,Older,Mid
783,Women,Older,Mid
784,Women,Young,Low
785,Women,Middle,Low
786,Women,Older,High
787,Women,Older,Mid
788,Men,Middle,High
789,Men,Middle,Mid
790,Women,Older,High
791,Women,Middle,Low
792,Women,Young,Mid
793,Women,Young,Low
794,Women,Middle,High
795,Men,Middle,Mid
796,Women,Older,High
797,Women,Middle,Low
798,Women,Older,High
799,Women,Older,Low
800,Women,Older,Mid
801,Men,Middle,Mid
802,Women,Young,Low
803,Women,Older,High
804,Women,Older,Mid
805,Men,Middle,Mid
806,Men,Middle,Mid
807,Men,Middle,Mid
808,Men,Middle,High
809,Men,Middle,High
810,Women,Older,Low
811,Women,Older,Mid
812,Women,Older,Mid
813,Men,Middle,Mid
814,Women,Older,High
815,Women,Older,High
816,Women,Young,Low
817,Women,Middle,Low
818,Women,Older,Low
819,Women,Middle,Low
820,Women,Young,Low
821,Men,Middle,High
822,Women,Young,Low
823,Women,Middle,Low
824,Men,Middle,Mid
825,Women,Older,Mid
826,Men,Middle,Low
827,Women,Middle,Low
828,Men,Middle,High
829,Women,Older,Low
830,Women,Older,Mid
831,Women,Young,Low
832,Women,Middle,High
833,Women,Young,Mid
834,Men,Middle,Mid
835,Men,Middle,Mid
836,Women,Older,Mid
837,Women,Older,Low
838,Women,Young,Mid
839,Men,Middle,High
840,Women,Young,Low
841,Women,Older,Low
842,Men,Middle,Mid
843,Women,Middle,Low
844,Women,Older,Low
845,Women,Middle,Mid
846,Women,Older,Low
847,Women,Middle,Mid
848,Men,Middle,Low
849,Men,Middle,High
850,Women,Young,High
851,Women,Older,High
852,Women,Older,Low
853,Women,Middle,Low
854,Women,Middle,High
855,Women,Middle,High
856,Women,Older,Mid
857,Women,Young,High
858,Women,Middle,Low
859,Women,Older,Low
860,Women,Older,High
861,Women,Middle,Low
862,Women,Older,Mid
863,Women,Young,Low
864,Women,Young,Low
865,Women,Middle,Low
866,Women,Young,Low
867,Men,Middle,Low
868,Women,Older,Mid
869,Women,Young,Low
870,Women,Young,Mid
871,Women,Older,Mid
872,Men,Middle,Low
873,Women,Older,High
874,Women,Older,Low
875,Women,Older,High
876,Women,Middle,Low
877,Women,Young,Mid
878,Women,Middle,Mid
879,Women,Young,Mid
880,Women,Middle,Mid
881,Women,Older,Low
882,Women,Older,Low
883,Women,Young,High
884,Women,Older,Low
885,Women,Older,Low
886,Women,Middle,Low
887,Women,Older,Low
888,Women,Middle,High
889,Women,Middle,Low
890,Women,Middle,High
891,Women,Older,Low
892,Men,Middle,Low
893,Women,Middle,Low
894,Men,Middle,Mid
895,Men,Middle,Mid
896,Women,Young,Mid
897,Women,Young,Low
898,Men,Middle,Low
899,Women,Young,Low
900,Women,Young,Low
901,Women,Young,Mid
902,Women,Middle,Low
903,Women,Young,Mid
904,Women,Older,Mid
905,Women,Young,Mid
906,Women,Older,Mid
907,Women,Middle,Low
908,Men,Middle,Low
909,Men,Middle,Low
910,Women,Middle,Mid
911,Women,Older,Mid
912,Women,Young,Mid
913,Women,Older,High
914,Women,Middle,Low
915,Men,Middle,Mid
916,Women,Older,Mid
917,Women,Older,Mid
918,Women,Older,Low
919,Women,Older,Mid
920,Women,Young,Low
921,Women,Older,Mid
922,Men,Middle,Mid
923,Women,Older,Low
924,Women,Middle,Mid
925,Women,Older,Mid
926,Women,Middle,High
927,Women,Young,Low
928,Women,Older,Mid
929,Women,Young,Mid
930,Men,Middle,Low
931,Women,Middle,Low
932,Women,Middle,Low
933,Women,Older,Low
934,Women,Young,Mid
935,Women,Young,Mid
936,Women,Older,Mid
937,Women,Young,Low
938,Women,Young,Mid
939,Women,Young,High
940,Women,Young,Low
941,Men,Middle,Low
942,Women,Young,Low
943,Women,Young,Mid
944,Women,Older,High
945,Women,Young,Mid
946,Women,Young,Low
947,Women,Older,High
948,Women,Young,High
949,Women,Young,Low
950,Women,Older,Low
951,Women,Older,Mid
952,Men,Middle,Mid
953,Women,Middle,Low
954,Women,Young,Mid
955,Women,Young,Low
956,Women,Young,Low
957,Women,Older,Low
958,Women,Middle,Low
959,Women,Older,High
960,Men,Middle,Low
961,Men,Middle,Low
962,Women,Middle,Low
963,Men,Middle,Mid
964,Women,Young,Mid
965,Women,Middle,Mid
966,Women,Young,Mid
967,Men,Middle,High
968,Women,Young,Mid
969,Women,Older,Mid
970,Women,Older,Low
971,Women,Middle,High
972,Women,Older,Mid
973,Women,Older,Low
974,Women,Older,Mid
975,Women,Young,Mid
976,Women,Young,Mid
977,Women,Older,High
978,Women,Older,High
979,Women,Older,Low
980,Women,Older,High
981,Women,Older,High
982,Men,Middle,Low
983,Men,Middle,High
984,Women,Young,Low
985,Women,Older,High
986,Women,Middle,High
987,Men,Middle,Low
988,Women,Older,Mid
989,Women,Older,Low
990,Men,Middle,Low
991,Women,Older,Mid
992,Men,Middle,Low
993,Women,Older,Mid
994,Women,Older,High
995,Women,Older,Mid
996,Women,Young,Low
997,Women,Older,Low
998,Women,Young,Mid
999,Women,Older,Mid
1000,Men,Middle,Low
1001,Women,Older,Mid
1002,Women,Middle,Low
1003,Women,Older,Mid
1004,Women,Young,High
1005,Women,Older,High
1006,Women,Older,Low
1007,Women,Older,High
1008,Men,Middle,Mid
1009,Women,Young,Low
1010,Women,Young,Low
1011,Women,Young,Mid
1012,Women,Middle,Low
1013,Women,Older,Low
1014,Men,Middle,High
1015,Women,Young,Low
1016,Women,Middle,High
1017,Women,Young,Mid
1018,Women,Older,Low
1019,Women,Young,Low
1020,Women,Middle,Low
1021,Women,Older,Mid
1022,Women,Young,Low
1023,Women,Young,Mid
1024,Women,Older,High
1025,Women,Young,High
1026,Women,Young,Mid
1027,Men,Middle,Low
1028,Men,Middle,Mid
1029,Men,Middle,Low
1030,Men,Middle,Low
1031,Women,Young,Low
1032,Women,Young,Low
1033,Women,Older,High
1034,Women,Young,Mid
1035,Men,Middle,High
1036,Women,Older,Mid
1037,Women,Middle,Low
1038,Women,Middle,Mid
1039,Women,Middle,Low
1040,Women,Young,Mid
1041,Women,Older,Mid
1042,Men,Middle,Low
1043,Men,Middle,Low
1044,Women,Young,High
1045,Women,Older,Mid
1046,Men,Middle,High
1047,Men,Middle,Low
1048,Women,Young,Low
1049,Women,Middle,Low
1050,Women,Older,High
1051,Men,Middle,Low
1052,Men,Middle,Low
1053,Women,Middle,High
1054,Women,Older,Mid
1055,Women,Older,High
1056,Women,Older,Low
1057,Women,Middle,Mid
1058,Women,Middle,Low
1059,Women,Older,High
1060,Women,Older,Low
1061,Women,Older,High
1062,Women,Young,High
1063,Men,Middle,Low
1064,Women,Young,Low
1065,Women,Older,Low
1066,Men,Middle,Mid
1067,Women,Older,High
1068,Women,Young,High
1069,Women,Young,Low
1070,Women,Young,Low
1071,Women,Young,Mid
1072,Women,Older,Mid
1073,Women,Older,Low
1074,Women,Older,Mid
1075,Women,Older,Mid
1076,Women,Young,Low
1077,Women,Older,High
1078,Women,Young,Mid
1079,Women,Older,Mid
1080,Women,Older,Low
1081,Women,Older,High
1082,Women,Young,Low
1083,Women,Young,Mid
1084,Men,Middle,Mid
1085,Women,Young,Low
1086,Women,Middle,Low
1087,Women,Older,Mid
1088,Women,Middle,High
1089,Women,Middle,Low
1090,Women,Middle,High
1091,Women,Young,Low
1092,Women,Young,High
1093,Men,Middle,Mid
1094,Women,Young,High
1095,Men,Middle,Mid
1096,Women,Middle,Mid
1097,Women,Older,Low
1098,Women,Older,Low
1099,Men,Middle,Low
1100,Women,Older,Mid
1101,Women,Older,Mid
1102,Women,Older,Low
1103,Women,Young,Mid
1104,Women,Middle,Low
1105,Women,Young,Low
1106,Women,Young,Mid
1107,Women,Middle,Mid
1108,Women,Older,Mid
1109,Women,Middle,Low
1110,Women,Older,High
1111,Women,Young,Low
1112,Women,Young,Low
1113,Women,Older,Low
1114,Women,Older,Mid
1115,Women,Older,High
1116,Women,Young,Mid
1117,Women,Young,Low
1118,Men,Middle,Low
1119,Women,Older,Mid
1120,Women,Middle,Mid
1121,Men,Middle,High
1122,Women,Young,Mid
1123,Women,Older,Low
1124,Women,Older,High
1125,Women,Middle,Mid
1126,Women,Older,High
1127,Women,Older,Low
1128,Women,Middle,Low
1129,Women,Middle,Low
1130,Women,Young,Low
1131,Women,Older,Low
1132,Women,Young,Mid
1133,Women,Young,High
1134,Men,Middle,Mid
1135,Women,Young,Low
1136,Women,Middle,Low
1137,Women,Young,Low
1138,Women,Middle,Mid
1139,Women,Older,Mid
1140,Women,Middle,Low
1141,Women,Older,Low
1142,Women,Middle,Low
1143,Women,Older,Low
1144,Women,Older,Mid
1145,Women,Young,Low
1146,Women,Middle,High
1147,Women,Older,Mid
1148,Women,Young,Mid
1149,Women,Young,Mid
1150,Women,Older,High
1151,Men,Middle,Low
1152,Women,Older,Low
1153,Women,Young,Mid
1154,Women,Older,High
1155,Men,Middle,Low
1156,Men,Middle,Low
1157,Women,Middle,Mid
1158,Men,Middle,Low
1159,Women,Older,Mid
1160,Women,Middle,Low
1161,Women,Young,Low
1162,Women,Older,Mid
1163,Women,Older,Low
1164,Women,Middle,High
1165,Women,Young,Mid
1166,Men,Middle,Low
1167,Men,Middle,Low
1168,Women,Young,Low
1169,Women,Middle,High
1170,Women,Middle,Low
1171,Women,Older,Low
1172,Women,Middle,Low
1173,Women,Young,High
1174,Women,Older,High
1175,Men,Middle,Low
1176,Women,Young,Mid
1177,Women,Older,Low
1178,Women,Young,Mid
1179,Women,Middle,High
1180,Men,Middle,Mid
1181,Women,Young,Mid
1182,Women,Older,Low
1183,Women,Older,High
1184,Women,Middle,Low
1185,Women,Middle,High
1186,Women,Older,Low
1187,Women,Young,Low
1188,Women,Middle,High
1189,Women,Older,Low
1190,Women,Young,Low
1191,Women,Older,High
1192,Men,Middle,Mid
1193,Women,Older,Low
1194,Women,Young,Low
1195,Women,Young,Low
1196,Women,Young,Low
1197,Women,Middle,Mid
1198,Women,Middle,Low
1199,Women,Young,Low
1200,Women,Young,High
1201,Men,Middle,Mid
1202,Women,Young,Low
1203,Women,Older,Low
1204,Women,Older,Low
1205,Women,Older,High
1206,Women,Young,Mid
1207,Women,Middle,Low
1208,Women,Older,Mid
1209,Women,Older,Mid
1210,Women,Middle,Mid
1211,Women,Middle,High
1212,Women,Older,High
1213,Women,Middle,Low
1214,Women,Older,Mid
1215,Women,Young,Low
1216,Women,Older,High
1217,Women,Older,Mid
1218,Women,Young,Low
1219,Women,Older,Mid
1220,Women,Young,Low
1221,Men,Middle,Mid
1222,Women,Older,Mid
1223,Women,Older,Low
1224,Women,Middle,Mid
1225,Women,Young,High
1226,Women,Middle,Low
1227,Women,Young,Low
1228,Women,Middle,Low
1229,Women,Older,Low
1230,Women,Young,Low
1231,Women,Young,Low
1232,Men,Middle,Low
1233,Women,Older,Mid
1234,Women,Young,Low
1235,Women,Young,Low
1236,Women,Older,Low
1237,Women,Older,Mid
1238,Women,Young,Mid
1239,Women,Older,Low
1240,Women,Older,Low
1241,Women,Young,High
1242,Men,Middle,High
1243,Women,Young,Low
1244,Women,Young,Low
1245,Women,Young,Mid
1246,Women,Older,Mid
1247,Men,Middle,Low
1248,Women,Older,Low
1249,Women,Older,Mid
1250,Women,Young,Low
1251,Women,Middle,Low
1252,Women,Middle,High
1253,Men,Middle,High
1254,Women,Older,Low
1255,Men,Middle,Low
1256,Women,Older,Mid
1257,Women,Young,Low
1258,Women,Young,Low
1259,Women,Middle,Mid
1260,Women,Older,Mid
1261,Women,Young,Low
1262,Men,Middle,Mid
1263,Men,Middle,Low
1264,Women,Middle,Mid
1265,Women,Young,High
1266,Women,Older,High
1267,Men,Middle,Low
1268,Women,Young,High
1269,Men,Middle,Low
1270,Women,Young,High
1271,Men,Middle,Mid
1272,Women,Young,Low
1273,Men,Middle,Mid
1274,Women,Young,Low
1275,Women,Young,Low
1276,Women,Young,Low
1277,Men,Middle,Low
1278,Women,Older,Mid
1279,Women,Young,Low
1280,Women,Middle,Low
1281,Women,Older,Mid
1282,Women,Older,Mid
1283,Women,Young,Low
1284,Men,Middle,Mid
1285,Women,Older,Mid
1286,Women,Young,Low
1287,Men,Middle,Low
1288,Women,Young,Low
1289,Women,Middle,Mid
1290,Women,Older,High
1291,Women,Young,Mid
1292,Men,Middle,Low
1293,Women,Older,Low
1294,Women,Older,High
1295,Women,Older,Low
1296,Men,Middle,Mid
1297,Women,Young,High
1298,Men,Middle,Mid
1299,Men,Middle,High
1300,Women,Older,Low
1301,Women,Young,High
1302,Women,Older,Mid
1303,Men,Middle,Low
1304,Men,Middle,Mid
1305,Men,Middle,Low
1306,Women,Older,High
1307,Men,Middle,Mid
1308,Women,Older,Mid
1309,Women,Young,Low
1310,Men,Middle,Mid
1311,Men,Middle,Mid
1312,Women,Middle,High
1313,Women,Young,Mid
1314,Men,Middle,Mid
1315,Women,Middle,Low
1316,Women,Young,Low
1317,Women,Middle,Mid
1318,Women,Older,High
1319,Women,Older,Mid
1320,Men,Middle,Mid
1321,Women,Older,Low
1322,Women,Middle,Mid
1323,Women,Older,Low
1324,Women,Older,Low
1325,Women,Young,Mid
1326,Women,Young,Mid
1327,Women,Older,Low
1328,Women,Older,Mid
1329,Women,Young,High
1330,Women,Middle,Low
1331,Men,Middle,Mid
1332,Women,Older,Mid
1333,Men,Middle,Mid
1334,Women,Older,High
1335,Women,Older,Mid
1336,Women,Older,Low
1337,Women,Middle,Low
1338,Women,Young,High
1339,Men,Middle,Low
1340,Women,Middle,Low
1341,Women,Older,Low
1342,Men,Middle,High
1343,Women,Young,High
1344,Women,Young,Mid
1345,Women,Young,Low
1346,Men,Middle,Mid
1347,Women,Older,Low
1348,Women,Older,Low
1349,Women,Middle,Low
1350,Women,Middle,Mid
1351,Men,Middle,Low
1352,Women,Young,Low
1353,Women,Older,Low
1354,Women,Middle,High
1355,Women,Older,Low
1356,Women,Older,Mid
1357,Men,Middle,Mid
1358,Men,Middle,Low
1359,Women,Older,High
1360,Women,Older,Mid
1361,Women,Older,High
1362,Women,Older,Mid
1363,Women,Older,Mid
1364,Women,Young,Low
1365,Women,Older,Mid
1366,Women,Young,Mid
1367,Women,Middle,Low
1368,Women,Young,High
1369,Women,Young,Mid
1370,Women,Middle,Mid
1371,Women,Young,Mid
1372,Women,Young,Low
1373,Women,Older,Mid
1374,Women,Middle,Low
1375,Men,Middle,Mid
1376,Women,Older,Mid
1377,Men,Middle,Low
1378,Women,Middle,Mid
1379,Women,Young,Low
1380,Men,Middle,High
1381,Women,Older,Low
1382,Women,Older,High
1383,Women,Older,Low
1384,Women,Young,Low
1385,Men,Middle,Low
1386,Men,Middle,Mid
1387,Women,Young,Mid
1388,Women,Young,Mid
1389,Women,Older,High
1390,Women,Older,High
1391,Women,Middle,High
1392,Women,Older,High
1393,Women,Middle,Low
1394,Women,Young,Low
1395,Women,Older,Low
1396,Women,Young,Low
1397,Women,Older,Low
1398,Women,Middle,High
1399,Women,Middle,High
1400,Women,Middle,Mid
1401,Women,Middle,Low
1402,Women,Young,Mid
1403,Men,Middle,Mid
1404,Women,Older,Mid
1405,Men,Middle,Low
1406,Women,Older,Low
1407,Women,Young,Mid
1408,Men,Middle,Low
1409,Women,Young,Low
1410,Women,Young,Low
1411,Women,Young,Low
1412,Women,Young,Mid
1413,Women,Older,Mid
1414,Women,Older,Low
1415,Women,Middle,Mid
1416,Women,Older,Low
1417,Women,Young,Mid
1418,Women,Older,Mid
1419,Women,Older,Low
1420,Women,Young,Low
1421,Men,Middle,Low
1422,Women,Young,Mid
1423,Women,Older,Mid
1424,Women,Middle,Low
1425,Women,Young,Low
1426,Men,Middle,Low
1427,Women,Young,Low
1428,Women,Older,High
1429,Women,Young,Low
1430,Women,Older,High
1431,Women,Young,Low
1432,Women,Young,High
1433,Women,Young,Low
1434,Women,Older,Low
1435,Women,Young,High
1436,Women,Older,Mid
1437,Women,Older,Low
1438,Women,Older,High
1439,Men,Middle,Mid
1440,Men,Middle,Low
1441,Women,Young,Low
1442,Women,Older,Mid
1443,Men,Middle,High
1444,Women,Young,Low
1445,Women,Older,High
1446,Women,Young,Low
1447,Women,Middle,Mid
1448,Women,Young,Low
1449,Women,Young,Low
1450,Women,Older,Low
1451,Men,Middle,High
1452,Women,Older,High
1453,Women,Middle,Low
1454,Women,Older,High
1455,Women,Young,Low
1456,Women,Older,High
1457,Women,Middle,High
1458,Women,Older,High
1459,Women,Middle,Low
1460,Women,Middle,Low
1461,Women,Young,High
1462,Men,Middle,Low
1463,Women,Older,Mid
1464,Women,Young,Low
1465,Women,Older,Low
1466,Women,Older,High
1467,Women,Middle,Mid
1468,Men,Middle,High
1469,Women,Young,Mid
1470,Women,Older,Low
1471,Men,Middle,Low
1472,Women,Middle,Low
1473,Women,Older,Low
1474,Men,Middle,Low
1475,Men,Middle,High
1476,Women,Young,Low
1477,Men,Middle,Mid
1478,Women,Older,Mid
1479,Men,Middle,Mid
1480,Women,Middle,Mid
1481,Women,Middle,Low
1482,Men,Middle,Low
1483,Women,Young,Low
1484,Women,Older,Low
1485,Women,Young,Mid
1486,Women,Young,Low
1487,Women,Middle,High
1488,Women,Older,Mid
1489,Women,Middle,Mid
1490,Women,Young,High
1491,Women,Young,Low
1492,Women,Middle,High
1493,Women,Older,High
1494,Women,Older,Mid
1495,Women,Young,Low
1496,Women,Older,Mid
1497,Women,Young,Mid
1498,Women,Older,Mid
1499,Men,Middle,High
1500,Women,Young,Mid
1501,Women,Older,High
1502,Women,Older,High
1503,Women,Older,Mid
1504,Women,Older,Mid
1505,Men,Middle,Low
1506,Women,Young,High
1507,Women,Young,Low
1508,Women,Older,Mid
1509,Women,Older,Mid
1510,Women,Middle,Low
1511,Women,Middle,High
1512,Women,Middle,Mid
1513,Women,Young,Low
1514,Women,Young,Mid
1515,Women,Older,Mid
1516,Men,Middle,Low
1517,Women,Young,Low
1518,Men,Middle,Mid
1519,Women,Young,Low
1520,Women,Middle,Low
1521,Men,Middle,Low
1522,Women,Young,High
1523,Women,Older,Low
1524,Women,Middle,Low
1525,Men,Middle,Low
1526,Women,Young,Low
1527,Women,Older,Low
1528,Women,Older,High
1529,Women,Young,High
1530,Women,Young,Low
1531,Women,Older,Mid
1532,Men,Middle,Mid
1533,Women,Young,High
1534,Women,Middle,Mid
1535,Men,Middle,Mid
1536,Women,Older,Mid
1537,Men,Middle,Mid
1538,Women,Young,Mid
1539,Women,Older,Low
1540,Women,Older,High
1541,Women,Young,Low
1542,Women,Older,Mid
1543,Men,Middle,Mid
1544,Men,Middle,High
1545,Women,Older,Low
1546,Men,Middle,Mid
1547,Women,Middle,Low
1548,Men,Middle,Mid
1549,Women,Young,Mid
1550,Women,Middle,Mid
1551,Women,Older,High
1552,Women,Older,Mid
1553,Women,Older,Low
1554,Men,Middle,High
1555,Women,Middle,High
1556,Women,Young,High
1557,Women,Older,Mid
1558,Women,Young,High
1559,Women,Older,Low
1560,Women,Young,Low
1561,Women,Middle,Low
1562,Men,Middle,High
1563,Women,Older,High
1564,Women,Young,High
1565,Women,Older,Low
1566,Women,Older,Low
1567,Women,Middle,Mid
1568,Women,Young,Mid
1569,Women,Young,Low
1570,Women,Older,Low
1571,Women,Middle,High
1572,Women,Older,Low
1573,Women,Older,High
1574,Women,Older,Mid
1575,Women,Middle,Low
1576,Women,Young,Mid
1577,Women,Young,Low
1578,Women,Older,Low
1579,Women,Older,Low
1580,Women,Older,Low
1581,Women,Older,Low
1582,Women,Middle,Mid
1583,Women,Young,Mid
1584,Women,Older,Mid
1585,Women,Older,Mid
1586,Men,Middle,Mid
1587,Women,Young,Mid
1588,Men,Middle,Mid
1589,Women,Young,High
1590,Women,Middle,Low
1591,Women,Young,Low
1592,Women,Older,Mid
1593,Women,Older,Low
1594,Women,Older,Mid
1595,Women,Middle,Low
1596,Women,Older,Low
1597,Women,Middle,Low
1598,Women,Middle,Low
1599,Women,Middle,Low
1600,Women,Young,Mid
1601,Women,Young,High
1602,Men,Middle,Mid
1603,Women,Middle,High
1604,Women,Older,Mid
1605,Women,Young,Mid
1606,Women,Young,Low
1607,Women,Young,Mid
1608,Women,Older,High
1609,Women,Young,Mid
1610,Women,Middle,Mid
1611,Women,Older,High
1612,Men,Middle,High
1613,Women,Young,Mid
1614,Women,Middle,High
1615,Women,Young,High
1616,Women,Middle,High
1617,Men,Middle,High
1618,Women,Older,Mid
1619,Men,Middle,Low
1620,Women,Young,High
1621,Women,Older,Low
1622,Women,Older,Low
1623,Men,Middle,Low
1624,Women,Older,Mid
1625,Women,Older,Mid
1626,Women,Middle,Mid
1627,Women,Young,Low
1628,Women,Older,Low
1629,Women,Young,Low
1630,Men,Middle,Low
1631,Men,Middle,High
1632,Women,Middle,Low
1633,Women,Older,Mid
1634,Women,Young,Low
1635,Women,Middle,Low
1636,Women,Young,Low
1637,Women,Older,High
1638,Women,Older,Low
1639,Women,Young,High
1640,Men,Middle,Low
1641,Women,Middle,High
1642,Women,Older,High
1643,Women,Older,Mid
1644,Women,Older,Mid
1645,Women,Older,High
1646,Women,Middle,Low
1647,Men,Middle,Low
1648,Women,Older,Low
1649,Women,Young,Low
1650,Women,Older,High
1651,Women,Young,Mid
1652,Women,Young,Low
1653,Women,Young,Low
1654,Women,Young,High
1655,Women,Young,Mid
1656,Women,Young,Low
1657,Women,Older,Mid
1658,Women,Young,Low
1659,Women,Young,High
1660,Women,Young,Low
1661,Women,Young,Mid
1662,Women,Older,Mid
1663,Women,Middle,Low
1664,Women,Young,Low
1665,Women,Young,High
1666,Women,Young,Mid
1667,Women,Older,Mid
1668,Women,Older,Low
1669,Women,Young,Mid
1670,Women,Middle,Low
1671,Women,Middle,High
1672,Women,Older,Low
1673,Women,Older,High
1674,Women,Young,Low
1675,Women,Young,Low
1676,Women,Older,Mid
1677,Women,Young,High
1678,Women,Young,Mid
1679,Women,Young,Mid
1680,Women,Young,Mid
1681,Women,Older,Mid
1682,Women,Older,Mid
1683,Women,Older,Low
1684,Women,Older,Low
1685,Women,Older,Low
1686,Women,Young,Mid
1687,Women,Older,Mid
1688,Women,Older,Mid
1689,Women,Older,Mid
1690,Women,Older,Mid
1691,Women,Young,High
1692,Men,Middle,Low
1693,Women,Young,Low
1694,Men,Middle,High
1695,Men,Middle,High
1696,Women,Older,Low
1697,Men,Middle,Low
1698,Women,Middle,Low
1699,Men,Middle,Low
1700,Women,Young,High
1701,Women,Older,Low
1702,Women,Middle,Mid
1703,Women,Middle,Low
1704,Women,Older,Mid
1705,Women,Middle,Mid
1706,Women,Older,High
1707,Women,Older,Mid
1708,Men,Middle,Mid
1709,Men,Middle,High
1710,Women,Older,High
1711,Women,Middle,Low
1712,Women,Older,High
1713,Women,Young,Mid
1714,Women,Young,High
1715,Women,Young,Low
1716,Women,Young,Low
1717,Women,Middle,Low
1718,Men,Middle,Low
1719,Women,Young,Low
1720,Women,Older,Low
1721,Women,Older,Mid
1722,Women,Middle,Low
1723,Women,Older,Mid
1724,Women,Young,Low
1725,Women,Older,Low
1726,Women,Young,Low
1727,Men,Middle,Mid
1728,Women,Young,Low
1729,Women,Young,Low
1730,Women,Older,High
1731,Women,Middle,Low
1732,Women,Young,Low
1733,Women,Young,Mid
1734,Women,Older,Low
1735,Women,Middle,Mid
1736,Women,Older,Low
1737,Men,Middle,Low
1738,Women,Young,High
1739,Women,Older,Low
1740,Women,Young,Mid
1741,Women,Middle,Low
1742,Women,Middle,Low
1743,Women,Young,Low
1744,Women,Older,Mid
1745,Women,Young,Low
1746,Men,Middle,Mid
1747,Women,Young,Low
1748,Women,Young,Mid
1749,Women,Middle,High
1750,Women,Older,Mid
1751,Women,Middle,Mid
1752,Women,Young,Low
1753,Women,Young,Low
1754,Women,Young,Low
1755,Women,Middle,Low
1756,Women,Older,Low
1757,Women,Older,Mid
1758,Women,Older,Low
1759,Women,Young,Mid
1760,Women,Young,Mid
1761,Women,Older,Mid
1762,Women,Older,Low
1763,Women,Older,Low
1764,Women,Older,Low
1765,Women,Young,Mid
1766,Women,Older,Mid
1767,Women,Older,Mid
1768,Men,Middle,Low
1769,Men,Middle,Mid
1770,Men,Middle,Mid
1771,Women,Older,Mid
1772,Men,Middle,Low
1773,Women,Young,High
1774,Women,Young,Low
1775,Men,Middle,High
1776,Women,Older,High
1777,Women,Young,Mid
1778,Women,Young,Low
1779,Women,Middle,Low
1780,Women,Older,Mid
1781,Women,Older,Mid
1782,Women,Middle,Low
1783,Women,Middle,Mid
1784,Men,Middle,Low
1785,Women,Middle,High
1786,Women,Young,Low
1787,Women,Young,Low
1788,Women,Older,Mid
1789,Women,Older,High
1790,Women,Young,Low
1791,Men,Middle,Low
1792,Women,Middle,High
1793,Women,Young,Mid
1794,Men,Middle,High
1795,Men,Middle,Low
1796,Women,Older,Low
1797,Women,Middle,Low
1798,Women,Older,Mid
1799,Women,Young,Low
1800,Men,Middle,Low
1801,Women,Middle,Low
1802,Women,Older,Mid
1803,Women,Young,Low
1804,Women,Older,Mid
1805,Women,Middle,High
1806,Women,Young,Low
1807,Women,Older,Mid
1808,Women,Older,Mid
1809,Men,Middle,Low
1810,Women,Older,High
1811,Women,Young,Low
1812,Women,Older,Mid
1813,Women,Young,Mid
1814,Women,Young,Mid
1815,Women,Young,Low
1816,Men,Middle,High
1817,Women,Older,Mid
1818,Men,Middle,Mid
1819,Women,Older,Low
1820,Women,Middle,Low
1821,Women,Young,Mid
1822,Women,Older,Mid
1823,Women,Middle,High
1824,Women,Older,Mid
1825,Men,Middle,Low
1826,Men,Middle,Low
1827,Women,Young,Mid
1828,Women,Older,Low
1829,Men,Middle,High
1830,Women,Middle,High
1831,Men,Middle,High
1832,Women,Older,High
1833,Men,Middle,Low
1834,Men,Middle,Low
1835,Men,Middle,Mid
1836,Women,Middle,Low
1837,Men,Middle,Mid
1838,Women,Middle,High
1839,Women,Middle,Low
1840,Women,Young,Low
1841,Women,Middle,Low
1842,Women,Middle,Mid
1843,Women,Young,Mid
1844,Women,Middle,Low
1845,Women,Older,Mid
1846,Women,Older,Low
1847,Women,Young,Low
1848,Women,Young,High
1849,Women,Young,Low
1850,Women,Older,High
1851,Men,Middle,Low
1852,Men,Middle,Low
1853,Women,Older,Mid
1854,Women,Older,High
1855,Women,Middle,High
1856,Women,Middle,High
1857,Women,Older,Mid
1858,Women,Middle,High
1859,Men,Middle,Low
1860,Women,Middle,Mid
1861,Women,Middle,Low
1862,Men,Middle,Low
1863,Women,Young,Low
1864,Women,Young,Mid
1865,Women,Young,Mid
1866,Women,Young,Low
1867,Men,Middle,Low
1868,Women,Older,Mid
1869,Men,Middle,Low
1870,Women,Middle,Low
1871,Women,Middle,Mid
1872,Women,Young,Low
1873,Women,Young,High
1874,Men,Middle,Low
1875,Women,Older,Low
1876,Women,Older,Mid
1877,Women,Young,Mid
1878,Women,Young,Mid
1879,Women,Young,Mid
1880,Women,Older,Low
1881,Women,Older,Low
1882,Men,Middle,Mid
1883,Women,Young,Mid
1884,Women,Young,Mid
1885,Women,Middle,Mid
1886,Women,Young,Mid
1887,Women,Older,Low
1888,Women,Older,Mid
1889,Women,Middle,Mid
1890,Women,Young,Low
1891,Women,Older,Low
1892,Women,Older,Mid
1893,Women,Middle,Mid
1894,Women,Young,Mid
1895,Women,Older,Mid
1896,Women,Young,Low
1897,Women,Older,Low
1898,Women,Older,Low
1899,Women,Older,High
1900,Women,Young,Low
1901,Women,Young,Mid
1902,Women,Young,Low
1903,Women,Older,High
1904,Women,Middle,Low
1905,Men,Middle,High
1906,Women,Young,Mid
1907,Women,Older,Mid
1908,Women,Young,Mid
1909,Women,Middle,Mid
1910,Men,Middle,Low
1911,Women,Older,Low
1912,Women,Young,Low
1913,Women,Middle,High
1914,Women,Young,High
1915,Women,Older,Mid
1916,Women,Young,Low
1917,Women,Young,Low
1918,Men,Middle,High
1919,Women,Young,Low
1920,Women,Young,Low
1921,Men,Middle,High
1922,Women,Middle,High
1923,Women,Middle,Low
1924,Women,Middle,Low
1925,Women,Young,Mid
1926,Men,Middle,Mid
1927,Women,Young,Mid
1928,Women,Older,High
1929,Women,Older,High
1930,Women,Young,Mid
1931,Women,Middle,Mid
1932,Women,Young,Low
1933,Women,Young,Low
1934,Women,Older,Low
1935,Men,Middle,Mid
1936,Women,Middle,High
1937,Men,Middle,Low
1938,Women,Middle,High
1939,Women,Older,Low
1940,Women,Young,Mid
1941,Women,Older,Mid
1942,Men,Middle,Low
1943,Women,Young,Mid
1944,Women,Older,High
1945,Men,Middle,Low
1946,Women,Young,Low
1947,Men,Middle,Mid
1948,Women,Young,High
1949,Men,Middle,Mid
1950,Women,Young,Low
1951,Women,Older,Mid
1952,Women,Older,High
1953,Women,Older,Mid
1954,Women,Older,Low
1955,Men,Middle,Mid
1956,Men,Middle,Mid
1957,Women,Middle,Low
1958,Women,Older,Low
1959,Women,Middle,Mid
1960,Women,Older,Low
1961,Women,Young,Mid
1962,Women,Middle,Low
1963,Women,Middle,Low
1964,Women,Young,Low
1965,Women,Young,Low
1966,Women,Young,Low
1967,Women,Older,Mid
1968,Women,Older,Mid
1969,Women,Older,Low
1970,Women,Middle,Mid
1971,Men,Middle,Mid
1972,Women,Older,High
1973,Women,Young,Low
1974,Women,Middle,Mid
1975,Women,Middle,High
1976,Men,Middle,Low
1977,Women,Older,Low
1978,Women,Middle,Low
1979,Women,Young,Mid
1980,Women,Middle,High
1981,Men,Middle,High
1982,Women,Middle,Low
1983,Women,Older,Low
1984,Men,Middle,Low
1985,Women,Young,Mid
1986,Women,Middle,Low
1987,Men,Middle,Low
1988,Men,Middle,Low
1989,Women,Young,High
1990,Women,Middle,Low
1991,Women,Older,Mid
1992,Women,Older,Low
1993,Men,Middle,Mid
1994,Women,Young,Mid
1995,Women,Older,Mid
1996,Women,Older,High
1997,Women,Young,Low
1998,Women,Older,Mid
1999,Men,Middle,Mid
2000,Women,Older,High
2001,Women,Older,High
2002,Women,Young,Mid
2003,Women,Older,Mid
2004,Men,Middle,Low
2005,Women,Older,Low
2006,Women,Young,Low
2007,Women,Young,Mid
2008,Women,Young,Mid
2009,Women,Middle,Low
2010,Women,Older,Low
2011,Men,Middle,Low
2012,Women,Young,Low
2013,Women,Older,Low
2014,Women,Young,High
2015,Women,Older,Low
2016,Women,Older,Low
2017,Women,Older,Low
2018,Women,Older,Mid
2019,Women,Middle,Mid
2020,Men,Middle,High
2021,Women,Middle,Low
2022,Women,Older,High
2023,Women,Older,Low
2024,Women,Older,High
2025,Men,Middle,Mid
2026,Women,Young,Low
2027,Women,Older,Mid
2028,Women,Older,High
2029,Women,Middle,Mid
2030,Women,Older,High
2031,Women,Middle,Mid
2032,Women,Young,Mid
2033,Women,Older,Low
2034,Men,Middle,Mid
2035,Women,Older,Low
2036,Women,Older,Mid
2037,Women,Young,Low
2038,Women,Older,Mid
2039,Women,Young,Low
2040,Women,Older,Low
2041,Men,Middle,Low
2042,Women,Older,High
2043,Men,Middle,Low
2044,Women,Young,Mid
2045,Women,Young,Low
2046,Women,Older,High
2047,Women,Older,High
2048,Women,Young,Low
2049,Women,Older,Mid
2050,Women,Older,Mid
2051,Women,Older,High
2052,Women,Older,Low
2053,Women,Older,Mid
2054,Women,Middle,Mid
2055,Women,Older,Low
2056,Women,Middle,High
2057,Women,Middle,Low
2058,Men,Middle,Low
2059,Women,Young,Low
2060,Men,Middle,Mid
2061,Men,Middle,Mid
2062,Women,Middle,High
2063,Men,Middle,High
2064,Women,Middle,Mid
2065,Women,Middle,Low
2066,Women,Young,Low
2067,Women,Older,Mid
2068,Women,Young,High
2069,Women,Older,High
2070,Men,Middle,High
2071,Women,Older,Mid
2072,Women,Middle,Low
2073,Women,Middle,Mid
2074,Women,Young,Low
2075,Women,Middle,Low
2076,Women,Young,Low
2077,Men,Middle,High
2078,Men,Middle,Low
2079,Women,Young,Low
2080,Women,Middle,High
2081,Men,Middle,Mid
2082,Men,Middle,High
2083,Women,Older,High
2084,Women,Young,Low
2085,Women,Middle,High
2086,Women,Young,Mid
2087,Women,Older,Low
2088,Women,Older,High
2089,Women,Young,Low
2090,Women,Young,High
2091,Women,Older,Low
2092,Women,Older,Low
2093,Women,Middle,Low
2094,Men,Middle,High
2095,Women,Young,Mid
2096,Men,Middle,Low
2097,Women,Young,Low
2098,Women,Young,Low
2099,Women,Middle,Mid
2100,Women,Older,Mid
2101,Women,Young,High
2102,Women,Middle,Mid
2103,Women,Young,Mid
2104,Women,Older,Mid
2105,Women,Older,Low
2106,Women,Older,High
2107,Women,Middle,Mid
2108,Women,Older,Mid
2109,Women,Young,Low
2110,Men,Middle,Mid
2111,Women,Older,Low
2112,Women,Young,Low
2113,Women,Young,High
2114,Women,Young,Mid
2115,Women,Older,High
2116,Women,Middle,Low
2117,Women,Middle,Mid
2118,Women,Young,Mid
2119,Women,Young,Mid
2120,Women,Older,Mid
2121,Women,Young,Low
2122,Women,Older,High
2123,Women,Young,Low
2124,Women,Middle,High
2125,Men,Middle,Low
2126,Women,Older,High
2127,Women,Older,Mid
2128,Women,Older,Mid
2129,Women,Middle,High
2130,Women,Middle,Low
2131,Men,Middle,Mid
2132,Women,Older,High
2133,Men,Middle,Low
2134,Women,Older,Low
2135,Women,Middle,High
2136,Men,Middle,Mid
2137,Women,Middle,Low
2138,Women,Older,High
2139,Women,Older,Mid
2140,Women,Middle,Low
2141,Women,Young,Low
2142,Women,Older,Low
2143,Women,Middle,Mid
2144,Women,Older,High
2145,Women,Young,Mid
2146,Men,Middle,Low
2147,Women,Older,Low
2148,Women,Young,Low
2149,Women,Older,Mid
2150,Women,Young,Low
2151,Women,Older,Mid
2152,Women,Older,High
2153,Women,Older,Low
2154,Men,Middle,High
2155,Women,Older,High
2156,Women,Older,Low
2157,Women,Young,Low
2158,Women,Young,Low
2159,Women,Older,Mid
2160,Women,Young,Low
2161,Women,Young,Low
2162,Men,Middle,High
2163,Women,Middle,Low
2164,Women,Older,Mid
2165,Women,Middle,Low
2166,Women,Older,High
2167,Women,Older,Mid
2168,Men,Middle,Mid
2169,Men,Middle,Low
2170,Women,Young,Low
2171,Women,Young,Low
2172,Women,Older,High
2173,Women,Older,High
2174,Women,Older,Low
2175,Women,Middle,High
2176,Women,Young,Low
2177,Women,Young,Low
2178,Women,Older,Mid
2179,Women,Older,High
2180,Women,Older,Low
2181,Men,Middle,Mid
2182,Women,Young,High
2183,Men,Middle,Low
2184,Women,Older,Low
2185,Women,Young,Mid
2186,Women,Young,Mid
2187,Women,Older,Mid
2188,Women,Young,Mid
2189,Women,Middle,Mid
2190,Men,Middle,Mid
2191,Women,Young,Mid
2192,Women,Older,Mid
2193,Women,Middle,Mid
2194,Women,Middle,Mid
2195,Women,Young,Low
2196,Women,Middle,Low
2197,Men,Middle,Mid
2198,Women,Young,High
2199,Men,Middle,Low
2200,Women,Young,Mid
2201,Women,Older,Mid
2202,Women,Older,Mid
2203,Men,Middle,Mid
2204,Women,Middle,Low
2205,Men,Middle,Mid
2206,Women,Young,Mid
2207,Women,Young,Mid
2208,Men,Middle,High
2209,Women,Young,Mid
2210,Women,Young,Mid
2211,Women,Middle,Low
2212,Women,Young,Low
2213,Women,Older,Mid
2214,Women,Young,Low
2215,Women,Middle,Mid
2216,Men,Middle,Low
2217,Women,Older,Low
2218,Women,Young,High
2219,Women,Older,Mid
2220,Men,Middle,Low
2221,Women,Middle,Low
2222,Women,Older,High
2223,Women,Older,Low
2224,Men,Middle,Low
2225,Women,Young,Low
2226,Men,Middle,Mid
2227,Women,Middle,Low
2228,Women,Older,High
2229,Women,Young,Mid
2230,Women,Older,Mid
2231,Women,Young,Mid
2232,Women,Older,Mid
2233,Men,Middle,Low
2234,Women,Older,Low
2235,Women,Older,Mid
2236,Men,Middle,Mid
2237,Women,Older,Low
2238,Women,Young,Low
2239,Men,Middle,Low
2240,Women,Middle,Low
2241,Women,Middle,High
2242,Men,Middle,High
2243,Women,Young,Low
2244,Women,Middle,Low
2245,Men,Middle,Low
2246,Women,Older,Mid
2247,Women,Middle,Low
2248,Women,Older,Low
2249,Men,Middle,Low
2250,Women,Young,Low
2251,Men,Middle,Low
2252,Women,Young,Low
2253,Women,Older,Low
2254,Men,Middle,Mid
2255,Women,Older,Low
2256,Men,Middle,Low
2257,Women,Young,Mid
2258,Women,Older,Low
2259,Women,Older,Low
2260,Men,Middle,High
2261,Women,Middle,Mid
2262,Women,Young,Low
2263,Women,Young,Low
2264,Women,Older,Mid
2265,Men,Middle,Low
2266,Women,Young,Mid
2267,Men,Middle,Mid
2268,Women,Middle,Mid
2269,Women,Older,Low
2270,Women,Young,Low
2271,Women,Older,Mid
2272,Women,Older,Mid
2273,Women,Older,Low
2274,Men,Middle,High
2275,Women,Older,High
2276,Women,Older,Mid
2277,Women,Middle,Low
2278,Women,Middle,Low
2279,Women,Middle,Low
2280,Women,Young,High
2281,Women,Young,Low
2282,Women,Older,Mid
2283,Women,Middle,Low
2284,Women,Young,Mid
2285,Men,Middle,High
2286,Women,Young,Low
2287,Men,Middle,Mid
2288,Women,Young,Mid
2289,Women,Young,Low
2290,Women,Young,Low
2291,Women,Older,Low
2292,Men,Middle,Low
2293,Women,Older,High
2294,Men,Middle,Mid
2295,Women,Young,Low
2296,Women,Older,Low
2297,Men,Middle,Mid
2298,Women,Young,Mid
2299,Men,Middle,High
2300,Women,Older,Mid
2301,Women,Young,Mid
2302,Women,Older,High
2303,Women,Middle,Mid
2304,Women,Older,Low
2305,Women,Middle,Low
2306,Women,Older,High
2307,Women,Middle,Low
2308,Women,Middle,Low
2309,Women,Middle,Low
2310,Women,Middle,Mid
2311,Men,Middle,Low
2312,Women,Middle,Mid
2313,Women,Older,Low
2314,Women,Middle,Mid
2315,Women,Middle,Mid
2316,Women,Young,Low
2317,Women,Middle,Mid
2318,Men,Middle,Low
2319,Women,Young,Low
2320,Women,Older,Mid
2321,Women,Young,Low
2322,Women,Young,Low
2323,Women,Young,Low
2324,Women,Older,Mid
2325,Women,Older,Mid
2326,Men,Middle,Mid
2327,Women,Young,Low
2328,Men,Middle,Low
2329,Women,Young,Low
2330,Women,Older,Mid
2331,Women,Older,Low
2332,Women,Young,Low
2333,Men,Middle,Low
2334,Women,Older,Low
2335,Women,Young,Low
2336,Women,Middle,Mid
2337,Women,Older,Low
2338,Women,Older,Mid
2339,Women,Middle,Mid
2340,Women,Young,Low
2341,Women,Older,Low
2342,Men,Middle,Mid
2343,Women,Older,Low
2344,Men,Middle,Low
2345,Women,Older,Low
2346,Women,Older,High
2347,Women,Young,High
2348,Women,Older,Low
2349,Women,Young,Low
2350,Women,Older,Low
2351,Women,Young,High
2352,Women,Young,Low
2353,Men,Middle,High
2354,Women,Older,Mid
2355,Women,Middle,Low
2356,Women,Middle,Low
2357,Women,Older,Low
2358,Women,Older,Mid
2359,Men,Middle,Low
2360,Men,Middle,Mid
2361,Men,Middle,High
2362,Women,Middle,Mid
2363,Women,Older,High
2364,Women,Young,Low
2365,Women,Older,Low
2366,Men,Middle,Mid
2367,Women,Young,Low
2368,Men,Middle,Low
2369,Women,Older,Mid
2370,Women,Middle,Low
2371,Women,Older,Low
2372,Women,Middle,High
2373,Women,Young,High
2374,Women,Middle,Low
2375,Women,Middle,Mid
2376,Women,Older,High
2377,Women,Young,Low
2378,Men,Middle,Mid
2379,Women,Older,Low
2380,Women,Young,Low
2381,Women,Older,Mid
2382,Women,Young,High
2383,Women,Young,High
2384,Women,Middle,Low
2385,Women,Young,Low
2386,Women,Older,High
2387,Men,Middle,Mid
2388,Women,Young,Low
2389,Women,Older,Mid
2390,Women,Older,Low
2391,Women,Older,High
2392,Women,Older,High
2393,Women,Middle,Low
2394,Women,Older,Mid
2395,Women,Middle,Low
2396,Women,Middle,Low
2397,Women,Young,Low
2398,Women,Middle,Mid
2399,Women,Middle,High
2400,Women,Older,Mid
2401,Women,Young,Low
2402,Women,Young,High
2403,Men,Middle,High
2404,Women,Older,Low
2405,Women,Middle,Mid
2406,Women,Young,Low
2407,Women,Young,High
2408,Women,Older,Mid
2409,Women,Older,Low
2410,Women,Young,Mid
2411,Women,Young,Mid
2412,Men,Middle,Low
2413,Women,Older,Low
2414,Men,Middle,Mid
2415,Women,Older,Mid
2416,Women,Older,Mid
2417,Women,Middle,Low
2418,Women,Older,Low
2419,Women,Young,High
2420,Men,Middle,Mid
2421,Women,Young,High
2422,Women,Young,Low
2423,Women,Young,Low
2424,Women,Young,Mid
2425,Women,Older,High
2426,Women,Older,Mid
2427,Women,Young,Mid
2428,Women,Young,Low
2429,Men,Middle,Mid
2430,Women,Middle,Low
2431,Women,Older,Mid
2432,Men,Middle,High
2433,Women,Young,Low
2434,Women,Older,Mid
2435,Men,Middle,Low
2436,Women,Young,Low
2437,Women,Middle,Low
2438,Women,Older,Mid
2439,Women,Young,Mid
2440,Women,Young,Low
2441,Men,Middle,Low
2442,Women,Young,Mid
2443,Women,Young,High
2444,Women,Young,High
2445,Women,Older,Mid
2446,Women,Young,Low
2447,Women,Older,Mid
2448,Men,Middle,Mid
2449,Women,Young,Low
2450,Women,Young,High
2451,Women,Older,Low
2452,Women,Young,Mid
2453,Women,Young,Mid
2454,Women,Young,Low
2455,Women,Young,High
2456,Men,Middle,Mid
2457,Women,Young,Mid
2458,Women,Young,Mid
2459,Men,Middle,High
2460,Women,Middle,Low
2461,Men,Middle,Low
2462,Women,Middle,Mid
2463,Women,Young,Low
2464,Women,Middle,Mid
2465,Men,Middle,High
2466,Women,Older,Mid
2467,Women,Middle,Mid
2468,Men,Middle,Mid
2469,Women,Middle,Low
2470,Women,Young,High
2471,Women,Middle,Mid
2472,Men,Middle,Low
2473,Women,Older,Mid
2474,Women,Older,Mid
2475,Men,Middle,Mid
2476,Women,Older,Mid
2477,Women,Older,Mid
2478,Men,Middle,Mid
2479,Women,Older,Mid
2480,Women,Young,Low
2481,Women,Older,Low
2482,Men,Middle,Mid
2483,Women,Older,Mid
2484,Women,Older,Low
2485,Men,Middle,Low
2486,Women,Middle,Mid
2487,Women,Middle,Mid
2488,Women,Young,Low
2489,Women,Young,Low
2490,Women,Older,Mid
2491,Women,Older,Low
2492,Women,Older,High
2493,Women,Older,Mid
2494,Women,Older,Mid
2495,Women,Middle,Mid
2496,Women,Older,Low
2497,Women,Older,High
2498,Women,Young,High
2499,Women,Young,Mid
2500,Women,Middle,High
2501,Women,Middle,Low
2502,Women,Older,Low
2503,Women,Young,Low
2504,Men,Middle,Low
2505,Men,Middle,Low
2506,Women,Young,High
2507,Women,Middle,Mid
2508,Women,Young,Mid
2509,Women,Young,High
2510,Men,Middle,Mid
2511,Women,Young,High
2512,Men,Middle,High
2513,Women,Young,Low
2514,Women,Older,Mid
2515,Women,Young,Mid
2516,Women,Middle,Low
2517,Women,Young,Low
2518,Women,Older,High
2519,Women,Older,Low
2520,Women,Older,High
2521,Men,Middle,Mid
2522,Women,Older,Mid
2523,Women,Young,Low
2524,Women,Older,Mid
2525,Women,Older,Low
2526,Men,Middle,Mid
2527,Women,Older,High
2528,Men,Middle,Mid
2529,Women,Older,Mid
2530,Women,Middle,Low
2531,Men,Middle,Mid
2532,Women,Young,High
2533,Men,Middle,Low
2534,Women,Young,Mid
2535,Women,Older,Low
2536,Women,Older,Low
2537,Women,Young,Low
2538,Women,Young,Low
2539,Women,Older,Low
2540,Women,Older,High
2541,Women,Middle,High
2542,Women,Older,Mid
2543,Women,Young,Low
2544,Women,Middle,Low
2545,Women,Middle,Mid
2546,Women,Older,Low
2547,Women,Older,Mid
2548,Women,Young,Low
2549,Women,Older,Mid
2550,Women,Older,Mid
2551,Women,Middle,Mid
2552,Women,Young,Low
2553,Women,Young,Mid
2554,Women,Young,Low
2555,Women,Older,Low
2556,Men,Middle,Mid
2557,Women,Middle,Low
2558,Women,Older,High
2559,Women,Middle,High
2560,Women,Young,Mid
2561,Men,Middle,High
2562,Women,Young,Low
2563,Women,Young,Low
2564,Women,Older,High
2565,Men,Middle,Mid
2566,Women,Older,Low
2567,Women,Older,High
2568,Men,Middle,High
2569,Women,Young,Mid
2570,Women,Older,Low
2571,Women,Middle,High
2572,Women,Young,Low
2573,Men,Middle,Low
2574,Men,Middle,Mid
2575,Women,Older,Low
2576,Women,Older,Low
2577,Women,Middle,Low
2578,Women,Older,High
2579,Women,Middle,Low
2580,Women,Older,Mid
2581,Men,Middle,Mid
2582,Women,Older,Mid
2583,Women,Middle,Low
2584,Men,Middle,High
2585,Women,Young,Mid
2586,Men,Middle,Low
2587,Women,Older,Low
2588,Women,Older,Mid
2589,Women,Young,High
2590,Women,Young,High
2591,Women,Young,Mid
2592,Women,Older,Mid
2593,Women,Young,Low
2594,Women,Young,Low
2595,Women,Middle,Low
2596,Women,Middle,Low
2597,Women,Older,Low
2598,Men,Middle,High
2599,Women,Older,Mid
2600,Men,Middle,Low
2601,Men,Middle,High
2602,Women,Older,Mid
2603,Men,Middle,Mid
2604,Women,Older,Mid
2605,Women,Middle,Mid
2606,Women,Young,Low
2607,Women,Older,Low
2608,Men,Middle,High
2609,Women,Middle,High
2610,Men,Middle,Mid
2611,Women,Young,Low
2612,Women,Middle,Low
2613,Women,Older,High
2614,Men,Middle,Low
2615,Women,Young,Mid
2616,Men,Middle,Mid
2617,Women,Young,High
2618,Women,Older,Low
2619,Women,Young,Low
2620,Women,Young,Low
2621,Women,Young,Low
2622,Men,Middle,High
2623,Men,Middle,Low
2624,Women,Young,High
2625,Women,Middle,Low
2626,Men,Middle,High
2627,Men,Middle,High
2628,Women,Young,Low
2629,Women,Middle,Low
2630,Women,Older,Low
2631,Women,Young,Low
2632,Women,Middle,Low
2633,Women,Older,Mid
2634,Women,Young,Mid
2635,Women,Middle,High
2636,Women,Older,Low
2637,Women,Older,Mid
2638,Women,Older,Mid
2639,Women,Young,Low
2640,Men,Middle,Low
2641,Men,Middle,High
2642,Men,Middle,Low
2643,Men,Middle,High
2644,Women,Older,Mid
2645,Women,Young,Low
2646,Men,Middle,Low
2647,Women,Young,Low
2648,Women,Older,Mid
2649,Men,Middle,Low
2650,Women,Older,Mid
2651,Women,Older,High
2652,Men,Middle,Mid
2653,Women,Young,Mid
2654,Women,Older,Mid
2655,Women,Young,Low
2656,Women,Middle,Low
2657,Women,Older,Low
2658,Men,Middle,Mid
2659,Women,Older,Mid
2660,Women,Older,High
2661,Women,Middle,Low
2662,Men,Middle,Low
2663,Women,Older,Mid
2664,Men,Middle,High
2665,Men,Middle,Low
2666,Women,Older,Mid
2667,Women,Young,Mid
2668,Women,Young,Low
2669,Men,Middle,Mid
2670,Women,Young,High
2671,Women,Older,High
2672,Women,Older,Low
2673,Women,Young,High
2674,Women,Young,Mid
2675,Men,Middle,Low
2676,Women,Older,Mid
2677,Women,Older,Mid
2678,Women,Young,Low
2679,Women,Middle,High
2680,Women,Middle,Low
2681,Men,Middle,Mid
2682,Women,Middle,Mid
2683,Women,Young,High
2684,Women,Older,High
2685,Men,Middle,High
2686,Women,Older,High
2687,Women,Older,Mid
2688,Women,Young,Low
2689,Women,Middle,Mid
2690,Women,Older,Low
2691,Women,Young,Mid
2692,Women,Young,Mid
2693,Women,Young,Mid
2694,Women,Young,Mid
2695,Women,Older,High
2696,Women,Older,Mid
2697,Women,Middle,Low
2698,Women,Older,High
2699,Men,Middle,Low
2700,Women,Older,High
2701,Women,Middle,Mid
2702,Women,Older,Low
2703,Women,Middle,Mid
2704,Women,Young,Low
2705,Women,Middle,High
2706,Women,Young,Low
2707,Women,Middle,Low
2708,Men,Middle,Mid
2709,Men,Middle,Mid
2710,Women,Older,Low
2711,Men,Middle,Mid
2712,Women,Older,High
2713,Women,Young,Low
2714,Women,Young,Mid
2715,Women,Young,Mid
2716,Women,Older,Low
2717,Women,Older,High
2718,Men,Middle,High
2719,Women,Young,High
2720,Men,Middle,High
2721,Women,Middle,Mid
2722,Women,Older,Low
2723,Men,Middle,High
2724,Women,Middle,High
2725,Women,Young,Mid
2726,Women,Middle,High
2727,Women,Older,Mid
2728,Women,Young,Low
2729,Men,Middle,Low
2730,Women,Young,Mid
2731,Men,Middle,Mid
2732,Women,Young,Low
2733,Men,Middle,Mid
2734,Women,Older,Mid
2735,Women,Young,Mid
2736,Men,Middle,High
2737,Men,Middle,Low
2738,Women,Older,Mid
2739,Women,Young,Low
2740,Women,Young,Low
2741,Women,Young,Mid
2742,Women,Young,High
2743,Women,Older,Low
2744,Women,Middle,Low
2745,Women,Older,Mid
2746,Men,Middle,Low
2747,Men,Middle,Low
2748,Women,Middle,Mid
2749,Women,Young,Mid
2750,Women,Middle,Mid
2751,Men,Middle,Low
2752,Women,Older,Mid
2753,Women,Middle,Mid
2754,Women,Middle,Mid
2755,Women,Older,Mid
2756,Women,Middle,High
2757,Women,Older,Low
2758,Women,Young,Low
2759,Men,Middle,Low
2760,Women,Middle,Low
2761,Women,Middle,Mid
2762,Women,Young,Low
2763,Women,Young,Low
2764,Women,Young,Mid
2765,Women,Older,High
2766,Women,Young,Low
2767,Women,Middle,Low
2768,Men,Middle,High
2769,Women,Young,Low
2770,Women,Older,High
2771,Men,Middle,Mid
2772,Women,Middle,Low
2773,Women,Young,Mid
2774,Women,Young,Mid
2775,Women,Young,Low
2776,Men,Middle,High
2777,Men,Middle,High
2778,Women,Young,Low
2779,Women,Young,Low
2780,Women,Middle,Mid
2781,Women,Middle,Low
2782,Women,Young,Low
2783,Women,Young,Low
2784,Women,Young,Mid
2785,Women,Older,Mid
2786,Women,Older,High
2787,Women,Older,Mid
2788,Women,Older,Mid
2789,Women,Older,High
2790,Women,Middle,Mid
2791,Women,Young,Low
2792,Women,Older,Low
2793,Men,Middle,Mid
2794,Women,Older,High
2795,Women,Young,High
2796,Women,Middle,Low
2797,Women,Older,Mid
2798,Women,Older,High
2799,Women,Young,Low
2800,Women,Older,Low
2801,Women,Older,Mid
2802,Women,Older,High
2803,Women,Young,Low
2804,Women,Young,Mid
2805,Men,Middle,Low
2806,Women,Young,Low
2807,Women,Older,Low
2808,Women,Middle,Mid
2809,Women,Young,Low
2810,Men,Middle,Low
2811,Women,Middle,High
2812,Women,Young,Mid
2813,Women,Young,Low
2814,Women,Middle,Low
2815,Women,Older,Mid
2816,Women,Young,Low
2817,Men,Middle,High
2818,Women,Older,High
2819,Men,Middle,High
2820,Women,Middle,Mid
2821,Women,Older,Mid
2822,Women,Older,Low
2823,Women,Young,High
2824,Women,Older,Low
2825,Women,Middle,Low
2826,Women,Middle,Low
2827,Women,Young,Low
2828,Women,Older,High
2829,Men,Middle,Low
2830,Women,Older,Mid
2831,Women,Middle,Mid
2832,Women,Older,Mid
2833,Men,Middle,Low
2834,Women,Middle,Low
2835,Men,Middle,Mid
2836,Women,Young,High
2837,Women,Young,High
2838,Women,Middle,Low
2839,Women,Young,Mid
2840,Women,Middle,Mid
2841,Women,Young,Mid
2842,Women,Older,Mid
2843,Women,Young,Mid
2844,Women,Young,High
2845,Women,Older,High
2846,Men,Middle,Mid
2847,Men,Middle,Low
2848,Men,Middle,Mid
2849,Women,Young,Mid
2850,Women,Older,Low
2851,Men,Middle,Low
2852,Women,Young,Mid
2853,Women,Middle,Low
2854,Women,Older,Mid
2855,Women,Young,Low
2856,Women,Young,Low
2857,Women,Young,Low
2858,Women,Middle,High
2859,Women,Older,Mid
2860,Women,Young,Mid
2861,Men,Middle,Mid
2862,Men,Middle,High
2863,Men,Middle,Mid
2864,Women,Young,Mid
2865,Women,Middle,Mid
2866,Women,Older,Low
2867,Women,Older,Low
2868,Men,Middle,Low
2869,Women,Older,Mid
2870,Men,Middle,Mid
2871,Women,Middle,Low
2872,Men,Middle,Low
2873,Women,Older,High
2874,Women,Older,Mid
2875,Women,Older,Mid
2876,Women,Middle,Mid
2877,Women,Young,Low
2878,Women,Older,Mid
2879,Women,Middle,High
2880,Women,Middle,High
2881,Women,Older,High
2882,Men,Middle,Mid
2883,Women,Older,Low
2884,Women,Young,Low
2885,Women,Middle,Low
2886,Men,Middle,High
2887,Women,Older,High
2888,Women,Middle,High
2889,Women,Older,Low
2890,Women,Middle,Mid
2891,Women,Young,Mid
2892,Women,Young,Mid
2893,Women,Young,Low
2894,Women,Young,Low
2895,Men,Middle,Low
2896,Women,Older,Mid
2897,Women,Older,High
2898,Women,Older,High
2899,Women,Older,Low
2900,Women,Young,Mid
2901,Women,Older,Low
2902,Women,Older,High
2903,Men,Middle,High
2904,Men,Middle,Mid
2905,Men,Middle,High
2906,Women,Older,Low
2907,Women,Older,Mid
2908,Men,Middle,High
2909,Women,Older,High
2910,Men,Middle,Low
2911,Women,Middle,High
2912,Women,Middle,Mid
2913,Men,Middle,Mid
2914,Women,Young,Low
2915,Women,Middle,Mid
2916,Women,Older,Mid
2917,Men,Middle,Low
2918,Women,Older,Mid
2919,Women,Young,Low
2920,Women,Middle,High
2921,Women,Older,Mid
2922,Women,Older,Mid
2923,Women,Middle,Low
2924,Women,Middle,High
2925,Women,Older,Mid
2926,Women,Older,Low
2927,Women,Older,Low
2928,Women,Young,Low
2929,Women,Middle,Mid
2930,Women,Older,High
2931,Women,Middle,Mid
2932,Women,Young,Low
2933,Women,Young,Mid
2934,Men,Middle,High
2935,Women,Older,Mid
2936,Women,Older,High
2937,Women,Young,Low
2938,Women,Young,High
2939,Women,Young,Mid
2940,Women,Young,Low
2941,Women,Older,Low
2942,Women,Older,Low
2943,Women,Older,Low
2944,Women,Middle,High
2945,Women,Older,High
2946,Women,Middle,Low
2947,Women,Older,Mid
2948,Women,Young,Low
2949,Women,Young,Low
2950,Women,Young,Low
2951,Women,Older,Low
2952,Women,Older,Low
2953,Women,Older,High
2954,Women,Young,Mid
2955,Women,Older,Mid
2956,Women,Middle,Low
2957,Women,Older,Mid
2958,Men,Middle,High
2959,Women,Older,Low
2960,Women,Young,Low
2961,Women,Middle,Low
2962,Men,Middle,Low
2963,Women,Older,Low
2964,Women,Middle,Low
2965,Women,Older,Low
2966,Men,Middle,Low
2967,Women,Young,High
2968,Women,Older,Mid
2969,Women,Older,Mid
2970,Women,Young,Mid
2971,Women,Older,Low
2972,Women,Young,Low
2973,Men,Middle,Low
2974,Men,Middle,Low
2975,Women,Older,Low
2976,Women,Older,Mid
2977,Women,Young,High
2978,Women,Young,High
2979,Women,Older,High
2980,Women,Older,Mid
2981,Men,Middle,Low
2982,Women,Older,High
2983,Women,Older,High
2984,Men,Middle,Mid
2985,Women,Middle,Low
2986,Women,Older,Mid
2987,Women,Young,High
2988,Women,Middle,Mid
2989,Women,Older,Mid
2990,Women,Middle,Low
2991,Men,Middle,High
2992,Men,Middle,High
2993,Women,Young,Mid
2994,Men,Middle,Low
2995,Women,Young,Low
2996,Women,Older,High
2997,Men,Middle,Low
2998,Women,Young,Low
2999,Women,Older,Low
3000,Men,Middle,Mid
3001,Women,Older,Mid
3002,Women,Older,Low
3003,Men,Middle,Low
3004,Women,Older,Mid
3005,Men,Middle,Mid
3006,Women,Middle,High
3007,Women,Middle,High
3008,Women,Older,High
3009,Women,Older,Low
3010,Women,Older,Mid
3011,Women,Older,Low
3012,Women,Older,Low
3013,Women,Young,High
3014,Men,Middle,Mid
3015,Women,Older,Mid
3016,Women,Older,High
3017,Women,Middle,Low
3018,Women,Older,Low
3019,Women,Young,High
3020,Women,Older,Mid
3021,Women,Middle,Low
3022,Women,Older,Mid
3023,Women,Young,Low
3024,Women,Older,High
3025,Men,Middle,Low
3026,Women,Older,Mid
3027,Women,Older,High
3028,Women,Older,Mid
3029,Women,Young,Low
3030,Women,Middle,High
3031,Women,Young,Low
3032,Men,Middle,Low
3033,Women,Middle,Low
3034,Men,Middle,Low
3035,Men,Middle,High
3036,Men,Middle,Mid
3037,Women,Young,Mid
3038,Women,Older,Low
3039,Women,Older,Low
3040,Women,Young,Mid
3041,Women,Middle,High
3042,Men,Middle,Mid
3043,Women,Older,Low
3044,Women,Middle,High
3045,Women,Older,Mid
3046,Men,Middle,Mid
3047,Women,Young,Low
3048,Women,Middle,High
3049,Women,Young,Mid
3050,Women,Young,Mid
3051,Men,Middle,Low
3052,Women,Older,Low
3053,Women,Older,Mid
3054,Women,Middle,Mid
3055,Women,Young,Mid
3056,Women,Older,Mid
3057,Women,Older,Mid
3058,Women,Middle,Low
3059,Women,Older,Low
3060,Women,Middle,Low
3061,Men,Middle,Low
3062,Women,Young,Mid
3063,Women,Older,Low
3064,Men,Middle,Low
3065,Women,Older,High
3066,Men,Middle,Low
3067,Women,Older,Mid
3068,Women,Young,Low
3069,Women,Young,High
3070,Men,Middle,Mid
3071,Women,Older,Low
3072,Women,Older,Mid
3073,Women,Middle,Low
3074,Women,Older,High
3075,Women,Young,Low
3076,Women,Middle,Mid
3077,Men,Middle,Mid
3078,Women,Young,Mid
3079,Women,Young,Mid
3080,Women,Older,Mid
3081,Women,Older,Mid
3082,Women,Middle,High
3083,Women,Young,Low
3084,Women,Middle,Low
3085,Women,Young,Low
3086,Women,Older,High
3087,Women,Older,Mid
3088,Women,Young,High
3089,Women,Young,Low
3090,Women,Older,High
3091,Men,Middle,Low
3092,Women,Older,Mid
3093,Women,Young,Low
3094,Women,Young,Low
3095,Women,Older,Low
3096,Women,Young,Low
3097,Women,Young,Low
3098,Men,Middle,Mid
3099,Men,Middle,Low
3100,Men,Middle,Low
3101,Women,Older,High
3102,Women,Middle,High
3103,Women,Older,Mid
3104,Women,Young,Mid
3105,Women,Young,Mid
3106,Women,Older,Mid
3107,Women,Young,Mid
3108,Women,Older,Mid
3109,Women,Older,Mid
3110,Women,Middle,High
3111,Women,Older,Mid
3112,Women,Middle,High
3113,Men,Middle,Low
3114,Women,Young,Low
3115,Women,Middle,Mid
3116,Women,Young,Low
3117,Women,Older,High
3118,Women,Older,Mid
3119,Women,Young,Low
3120,Women,Older,High
3121,Women,Middle,High
3122,Women,Older,High
3123,Women,Middle,Low
3124,Women,Older,Mid
3125,Women,Young,Mid
3126,Women,Young,Low
3127,Women,Older,Low
3128,Women,Young,Low
3129,Women,Middle,Mid
3130,Women,Middle,Mid
3131,Women,Young,Low
3132,Women,Older,Low
3133,Men,Middle,Mid
3134,Women,Young,Low
3135,Women,Young,Mid
3136,Women,Older,Low
3137,Women,Older,Low
3138,Women,Older,Mid
3139,Women,Older,Low
3140,Women,Older,Low
3141,Women,Young,Mid
3142,Men,Middle,Mid
3143,Women,Young,Low
3144,Men,Middle,Low
3145,Women,Young,Mid
3146,Women,Middle,High
3147,Women,Middle,Low
3148,Women,Young,Low
3149,Women,Older,High
3150,Men,Middle,Mid
3151,Men,Middle,Mid
3152,Women,Older,Low
3153,Men,Middle,High
3154,Women,Young,High
3155,Women,Older,High
3156,Women,Older,High
3157,Women,Young,High
3158,Women,Young,Mid
3159,Women,Older,Mid
3160,Women,Young,Low
3161,Women,Young,Low
3162,Women,Young,Low
3163,Women,Middle,High
3164,Women,Middle,Low
3165,Women,Young,Mid
3166,Women,Young,Low
3167,Women,Older,Low
3168,Men,Middle,Mid
3169,Women,Older,High
3170,Women,Older,High
3171,Women,Older,High
3172,Women,Young,Low
3173,Women,Older,Low
3174,Women,Older,Low
3175,Women,Middle,Low
3176,Women,Middle,Mid
3177,Women,Young,Mid
3178,Women,Middle,Low
3179,Women,Middle,High
3180,Women,Young,Low
3181,Men,Middle,Low
3182,Women,Young,Low
3183,Women,Young,Low
3184,Women,Older,High
3185,Men,Middle,Low
3186,Women,Older,Low
3187,Women,Older,High
3188,Women,Young,Low
3189,Women,Middle,Mid
3190,Women,Older,Mid
3191,Women,Older,High
3192,Men,Middle,High
3193,Women,Young,Low
3194,Women,Young,Mid
3195,Women,Young,Low
3196,Women,Middle,Mid
3197,Women,Young,Low
3198,Women,Young,Low
3199,Women,Older,High
3200,Women,Middle,Mid
3201,Women,Older,Low
3202,Women,Young,Mid
3203,Women,Young,Mid
3204,Women,Older,Mid
3205,Women,Older,Mid
3206,Women,Older,Mid
3207,Women,Middle,High
3208,Women,Older,Mid
3209,Men,Middle,Mid
3210,Women,Young,Mid
3211,Women,Middle,High
3212,Women,Young,Mid
3213,Women,Older,Mid
3214,Women,Older,Mid
3215,Women,Older,Low
3216,Women,Young,Mid
3217,Women,Middle,Mid
3218,Women,Older,Low
3219,Men,Middle,Low
3220,Women,Young,Low
3221,Men,Middle,Low
3222,Women,Young,Low
3223,Men,Middle,High
3224,Women,Young,Mid
3225,Women,Older,Low
3226,Women,Older,Low
3227,Women,Older,High
3228,Women,Older,Low
3229,Women,Older,Mid
3230,Women,Older,Low
3231,Women,Older,Mid
3232,Women,Middle,High
3233,Men,Middle,Mid
3234,Women,Older,Low
3235,Women,Older,High
3236,Women,Older,High
3237,Women,Older,Low
3238,Women,Middle,Low
3239,Women,Young,Low
3240,Women,Young,Low
3241,Men,Middle,Low
3242,Women,Young,Low
3243,Men,Middle,Mid
3244,Women,Older,Mid
3245,Women,Middle,Mid
3246,Women,Young,Low
3247,Women,Older,Mid
3248,Women,Older,Low
3249,Women,Older,Low
3250,Women,Middle,Low
3251,Women,Older,High
3252,Women,Young,Low
3253,Women,Older,Mid
3254,Men,Middle,High
3255,Women,Older,High
3256,Women,Middle,Low
3257,Women,Older,Low
3258,Women,Young,Low
3259,Men,Middle,Mid
3260,Women,Young,Low
3261,Women,Older,Low
3262,Women,Middle,Low
3263,Women,Middle,Mid
3264,Women,Older,Low
3265,Women,Older,Mid
3266,Women,Young,Low
3267,Men,Middle,Mid
3268,Women,Young,Mid
3269,Men,Middle,Mid
3270,Women,Older,Mid
3271,Women,Young,Low
3272,Women,Older,Low
3273,Women,Older,High
3274,Women,Young,Mid
3275,Men,Middle,Low
3276,Men,Middle,Mid
3277,Men,Middle,Low
3278,Women,Older,Low
3279,Men,Middle,Low
3280,Women,Young,Low
3281,Men,Middle,Mid
3282,Men,Middle,Low
3283,Women,Older,Mid
3284,Women,Young,Low
3285,Women,Older,Low
3286,Men,Middle,Low
3287,Women,Middle,Low
3288,Women,Middle,Low
3289,Women,Young,Low
3290,Women,Young,Mid
3291,Men,Middle,Mid
3292,Women,Older,Mid
3293,Women,Older,Low
3294,Women,Young,Mid
3295,Women,Middle,Low
3296,Women,Older,Mid
3297,Men,Middle,Low
3298,Women,Young,Mid
3299,Women,Older,Low
3300,Women,Young,High
3301,Men,Middle,High
3302,Women,Older,Mid
3303,Women,Older,Low
3304,Women,Middle,Low
3305,Women,Young,Low
3306,Women,Older,Mid
3307,Women,Older,Low
3308,Women,Older,High
3309,Men,Middle,High
3310,Women,Middle,Mid
3311,Women,Older,Mid
3312,Men,Middle,Low
3313,Women,Middle,Low
3314,Women,Young,Low
3315,Women,Young,Low
3316,Women,Older,Mid
3317,Women,Older,Low
3318,Women,Older,Mid
3319,Men,Middle,Mid
3320,Women,Older,Mid
3321,Women,Young,Low
3322,Women,Middle,Low
3323,Men,Middle,Mid
3324,Men,Middle,Low
3325,Women,Older,Mid
3326,Women,Middle,Mid
3327,Men,Middle,Low
3328,Women,Young,High
3329,Men,Middle,Low
3330,Men,Middle,High
3331,Women,Young,High
3332,Women,Young,Mid
3333,Women,Older,Low
3334,Women,Middle,High
3335,Women,Middle,Mid
3336,Women,Older,Low
3337,Women,Older,Mid
3338,Women,Young,Mid
3339,Women,Older,Mid
3340,Women,Older,Low
3341,Women,Middle,Low
3342,Women,Older,Mid
3343,Women,Older,Low
3344,Women,Young,Low
3345,Women,Older,Mid
3346,Men,Middle,Low
3347,Women,Young,High
3348,Men,Middle,Low
3349,Women,Middle,Mid
3350,Women,Young,Low
3351,Women,Older,Low
3352,Women,Older,Mid
3353,Women,Older,Low
3354,Women,Young,Mid
3355,Women,Older,Mid
3356,Men,Middle,Low
3357,Women,Older,Mid
3358,Women,Older,Mid
3359,Women,Young,Mid
3360,Women,Young,Low
3361,Women,Middle,Mid
3362,Women,Young,High
3363,Women,Older,Low
3364,Men,Middle,Low
3365,Women,Older,Mid
3366,Women,Young,Low
3367,Women,Older,High
3368,Women,Older,Low
3369,Women,Older,Mid
3370,Women,Older,High
3371,Women,Young,Low
3372,Men,Middle,Mid
3373,Women,Middle,Mid
3374,Women,Older,Low
3375,Men,Middle,Low
3376,Men,Middle,Low
3377,Women,Young,Low
3378,Women,Older,High
3379,Men,Middle,Low
3380,Women,Young,Low
3381,Women,Young,Low
3382,Women,Older,High
3383,Women,Young,Low
3384,Women,Older,Mid
3385,Women,Older,Low
3386,Women,Young,Low
3387,Women,Young,Mid
3388,Women,Older,Mid
3389,Women,Older,Low
3390,Women,Older,High
3391,Women,Middle,High
3392,Women,Middle,Mid
3393,Women,Middle,Low
3394,Women,Older,Low
3395,Women,Young,Mid
3396,Women,Young,Low
3397,Men,Middle,Low
3398,Women,Young,High
3399,Women,Young,High
3400,Women,Older,Mid
3401,Women,Young,Low
3402,Women,Middle,High
3403,Women,Young,Low
3404,Women,Young,High
3405,Women,Middle,Mid
3406,Men,Middle,Low
3407,Women,Older,Mid
3408,Women,Young,Mid
3409,Women,Middle,Low
3410,Women,Middle,High
3411,Women,Older,Mid
3412,Women,Young,Low
3413,Women,Middle,Low
3414,Women,Older,High
3415,Women,Young,Low
3416,Women,Middle,Low
3417,Women,Older,Low
3418,Women,Young,Low
3419,Women,Young,Low
3420,Women,Older,Mid
3421,Women,Older,High
3422,Women,Older,Mid
3423,Men,Middle,Mid
3424,Women,Older,Mid
3425,Men,Middle,Low
3426,Men,Middle,High
3427,Women,Young,Mid
3428,Women,Middle,Low
3429,Women,Young,Low
3430,Women,Middle,High
3431,Women,Older,Mid
3432,Women,Young,High
3433,Men,Middle,Mid
3434,Women,Older,Low
3435,Men,Middle,Low
3436,Women,Older,Low
3437,Men,Middle,High
3438,Women,Older,Low
3439,Men,Middle,Mid
3440,Women,Older,Mid
3441,Women,Older,Low
3442,Women,Young,High
3443,Women,Middle,Low
3444,Women,Older,Mid
3445,Women,Middle,Mid
3446,Women,Young,Low
3447,Women,Young,Mid
3448,Men,Middle,Low
3449,Women,Older,Low
3450,Women,Older,Mid
3451,Women,Older,High
3452,Women,Middle,High
3453,Women,Middle,Mid
3454,Women,Young,Mid
3455,Men,Middle,Low
3456,Women,Young,Mid
3457,Women,Young,Low
3458,Women,Older,Mid
3459,Men,Middle,Mid
3460,Women,Middle,Mid
3461,Women,Older,High
3462,Women,Young,Mid
3463,Women,Older,Low
3464,Men,Middle,High
3465,Women,Young,Low
3466,Women,Older,Mid
3467,Women,Older,High
3468,Women,Older,Mid
3469,Women,Older,Mid
3470,Men,Middle,Low
3471,Women,Young,Low
3472,Women,Middle,Mid
3473,Men,Middle,Mid
3474,Women,Middle,Low
3475,Women,Older,Mid
3476,Women,Young,Low
3477,Women,Older,Mid
3478,Women,Young,Low
3479,Women,Middle,Low
3480,Women,Young,Low
3481,Women,Young,High
3482,Women,Middle,High
3483,Women,Young,Mid
3484,Women,Older,Low
3485,Women,Older,Mid
3486,Men,Middle,Low
3487,Women,Middle,Mid
3488,Women,Young,Low
3489,Women,Older,Mid
3490,Women,Older,High
3491,Men,Middle,Mid
3492,Women,Young,Mid
3493,Men,Middle,High
3494,Men,Middle,Low
3495,Women,Middle,Low
3496,Women,Older,Mid
3497,Women,Young,Low
3498,Women,Young,Low
3499,Women,Young,Low
3500,Women,Young,Mid
3501,Women,Older,Low
3502,Women,Older,Low
3503,Women,Older,Low
3504,Women,Older,Low
3505,Women,Older,Low
3506,Women,Young,Low
3507,Women,Middle,Low
3508,Women,Young,Mid
3509,Women,Middle,Low
3510,Women,Older,Low
3511,Women,Young,Low
3512,Women,Middle,Low
3513,Women,Older,High
3514,Women,Young,High
3515,Men,Middle,Low
3516,Women,Middle,Low
3517,Women,Young,Mid
3518,Women,Young,High
3519,Women,Young,Low
3520,Women,Young,Low
3521,Women,Older,Low
3522,Women,Middle,Mid
3523,Women,Older,Mid
3524,Women,Older,Mid
3525,Men,Middle,Mid
3526,Men,Middle,Low
3527,Women,Middle,High
3528,Women,Young,Low
3529,Women,Older,High
3530,Men,Middle,Mid
3531,Women,Young,Mid
3532,Men,Middle,High
3533,Women,Young,High
3534,Women,Older,High
3535,Women,Older,Mid
3536,Women,Young,Mid
3537,Women,Young,Low
3538,Women,Older,High
3539,Men,Middle,Low
3540,Women,Older,Mid
3541,Women,Young,Low
3542,Women,Young,High
3543,Women,Middle,High
3544,Women,Older,Low
3545,Women,Middle,High
3546,Men,Middle,Low
3547,Women,Older,Mid
3548,Women,Young,Low
3549,Women,Young,Mid
3550,Women,Young,Mid
3551,Women,Older,Low
3552,Women,Middle,Low
3553,Women,Young,Low
3554,Men,Middle,Low
3555,Men,Middle,High
3556,Men,Middle,Low
3557,Women,Young,High
3558,Women,Older,Mid
3559,Women,Middle,High
3560,Women,Middle,Low
3561,Women,Middle,Mid
3562,Women,Young,Low
3563,Women,Middle,High
3564,Women,Older,High
3565,Women,Middle,Low
3566,Women,Middle,Low
3567,Women,Older,High
3568,Men,Middle,Mid
3569,Women,Older,Low
3570,Men,Middle,High
3571,Women,Older,High
3572,Men,Middle,High
3573,Women,Middle,High
3574,Women,Older,High
3575,Women,Older,Low
3576,Women,Older,High
3577,Men,Middle,Mid
3578,Men,Middle,Low
3579,Women,Young,Low
3580,Women,Young,Low
3581,Women,Young,Low
3582,Women,Older,Low
3583,Women,Young,Low
3584,Women,Older,Low
3585,Women,Older,Low
3586,Women,Older,Low
3587,Women,Older,Mid
3588,Women,Older,Mid
3589,Men,Middle,High
3590,Women,Older,Mid
3591,Women,Older,Mid
3592,Women,Young,Mid
3593,Women,Older,Low
3594,Women,Older,Low
3595,Women,Middle,Mid
3596,Women,Older,Low
3597,Women,Young,Mid
3598,Women,Older,Low
3599,Women,Young,High
3600,Women,Middle,Low
3601,Women,Older,High
3602,Men,Middle,Mid
3603,Men,Middle,Low
3604,Women,Older,High
3605,Women,Older,High
3606,Women,Young,Mid
3607,Men,Middle,Mid
3608,Women,Middle,Low
3609,Men,Middle,Low
3610,Women,Middle,Low
3611,Men,Middle,High
3612,Women,Older,Mid
3613,Women,Young,Mid
3614,Women,Older,Mid
3615,Women,Older,Mid
3616,Women,Older,Mid
3617,Women,Older,Low
3618,Women,Young,High
3619,Women,Older,Mid
3620,Women,Older,Mid
3621,Women,Older,Low
3622,Women,Older,High
3623,Men,Middle,Mid
3624,Women,Older,Low
3625,Women,Middle,High
3626,Women,Young,Low
3627,Women,Middle,Low
3628,Women,Young,High
3629,Men,Middle,Low
3630,Women,Young,High
3631,Women,Young,Low
3632,Men,Middle,Low
3633,Women,Middle,Low
3634,Women,Middle,High
3635,Women,Middle,Low
3636,Women,Older,Low
3637,Women,Older,Low
3638,Women,Young,High
3639,Women,Young,Mid
3640,Women,Young,Mid
3641,Women,Middle,Low
3642,Women,Older,High
3643,Men,Middle,Mid
3644,Women,Older,High
3645,Men,Middle,Mid
3646,Women,Middle,Mid
3647,Women,Older,High
3648,Women,Older,Mid
3649,Men,Middle,High
3650,Women,Older,Mid
3651,Men,Middle,Mid
3652,Women,Older,Low
3653,Women,Older,Mid
3654,Men,Middle,Low
3655,Women,Middle,Low
3656,Women,Older,Mid
3657,Women,Middle,Mid
3658,Women,Older,High
3659,Women,Middle,Mid
3660,Women,Older,Low
3661,Women,Young,Low
3662,Women,Young,Mid
3663,Men,Middle,Mid
3664,Women,Young,Low
3665,Men,Middle,Low
3666,Women,Middle,Mid
3667,Women,Young,High
3668,Women,Young,Mid
3669,Women,Older,Low
3670,Women,Young,Low
3671,Women,Young,High
3672,Men,Middle,Low
3673,Women,Middle,High
3674,Women,Young,Mid
3675,Women,Young,Low
3676,Women,Older,Low
3677,Men,Middle,High
3678,Men,Middle,Low
3679,Women,Young,Mid
3680,Women,Young,Mid
3681,Women,Older,Mid
3682,Women,Middle,Mid
3683,Women,Young,Low
3684,Women,Older,Mid
3685,Women,Young,Mid
3686,Women,Older,Mid
3687,Women,Young,Low
3688,Women,Middle,Low
3689,Women,Older,Low
3690,Women,Older,Mid
3691,Women,Older,High
3692,Women,Young,Low
3693,Women,Older,High
3694,Women,Middle,Mid
3695,Women,Young,High
3696,Women,Older,Mid
3697,Women,Young,High
3698,Women,Young,Low
3699,Women,Young,Mid
3700,Men,Middle,Low
3701,Women,Older,Mid
3702,Women,Middle,Low
3703,Men,Middle,High
3704,Women,Young,High
3705,Men,Middle,Low
3706,Women,Middle,High
3707,Women,Young,Mid
3708,Men,Middle,Mid
3709,Women,Young,Low
3710,Women,Young,Low
3711,Women,Middle,High
3712,Women,Older,High
3713,Women,Young,Low
3714,Women,Young,High
3715,Women,Middle,High
3716,Women,Middle,Low
3717,Women,Older,Low
3718,Women,Older,Low
3719,Women,Older,Low
3720,Women,Older,Mid
3721,Women,Older,Mid
3722,Women,Middle,Mid
3723,Women,Young,Mid
3724,Women,Young,Low
3725,Women,Middle,High
3726,Men,Middle,Mid
3727,Women,Older,Mid
3728,Women,Older,Mid
3729,Women,Young,Mid
3730,Women,Older,High
3731,Women,Older,High
3732,Women,Older,Low
3733,Women,Older,High
3734,Women,Young,Mid
3735,Women,Older,High
3736,Women,Young,Low
3737,Women,Older,Mid
3738,Women,Young,Mid
3739,Women,Young,High
3740,Women,Young,Low
3741,Women,Middle,Low
3742,Women,Middle,Low
3743,Women,Older,Mid
3744,Women,Middle,Mid
3745,Women,Young,Low
3746,Women,Young,Mid
3747,Women,Older,Low
3748,Men,Middle,Low
3749,Men,Middle,Mid
3750,Women,Young,Low
3751,Women,Young,Mid
3752,Women,Middle,High
3753,Women,Middle,Mid
3754,Women,Middle,Mid
3755,Women,Older,Low
3756,Women,Older,Mid
3757,Women,Young,Low
3758,Women,Young,Low
3759,Women,Middle,High
3760,Women,Older,High
3761,Women,Older,Low
3762,Women,Young,High
3763,Women,Middle,Mid
3764,Women,Older,Low
3765,Women,Older,Low
3766,Women,Middle,Low
3767,Women,Older,High
3768,Women,Young,Low
3769,Women,Older,Mid
3770,Women,Middle,Low
3771,Women,Young,Mid
3772,Women,Middle,Low
3773,Women,Older,Mid
3774,Women,Middle,Low
3775,Men,Middle,Mid
3776,Women,Older,High
3777,Women,Middle,Mid
3778,Women,Young,High
3779,Women,Young,Low
3780,Women,Older,High
3781,Women,Young,Low
3782,Men,Middle,Low
3783,Women,Older,Mid
3784,Women,Young,Mid
3785,Men,Middle,Low
3786,Women,Older,Low
3787,Women,Middle,High
3788,Women,Older,Mid
3789,Men,Middle,Mid
3790,Women,Young,Low
3791,Women,Older,Mid
3792,Women,Older,Mid
3793,Women,Older,Mid
3794,Men,Middle,High
3795,Women,Older,Low
3796,Women,Young,High
3797,Women,Young,Low
3798,Women,Older,Low
3799,Women,Older,Low
3800,Men,Middle,Low
3801,Women,Middle,Low
3802,Women,Older,Mid
3803,Women,Young,Mid
3804,Women,Young,Low
3805,Men,Middle,High
3806,Men,Middle,Mid
3807,Women,Young,Low
3808,Women,Older,Low
3809,Women,Older,Mid
3810,Women,Older,High
3811,Women,Older,Mid
3812,Women,Older,Low
3813,Women,Young,Low
3814,Women,Middle,Low
3815,Women,Young,Low
3816,Women,Middle,Low
3817,Women,Young,Low
3818,Women,Young,High
3819,Women,Older,Low
3820,Women,Young,Low
3821,Women,Older,High
3822,Women,Middle,Low
3823,Women,Older,Mid
3824,Women,Older,Mid
3825,Women,Older,Low
3826,Women,Middle,Mid
3827,Women,Middle,Low
3828,Women,Middle,Low
3829,Women,Middle,Low
3830,Women,Middle,Low
3831,Women,Young,Low
3832,Women,Young,High
3833,Women,Older,Mid
3834,Women,Young,Low
3835,Men,Middle,Mid
3836,Women,Young,Low
3837,Women,Young,Low
3838,Women,Older,Low
3839,Women,Young,Mid
3840,Men,Middle,Low
3841,Women,Young,Mid
3842,Women,Young,Low
3843,Women,Middle,High
3844,Women,Middle,Low
3845,Women,Older,Low
3846,Women,Young,Low
3847,Men,Middle,Low
3848,Women,Older,High
3849,Women,Older,High
3850,Women,Older,Mid
3851,Women,Middle,Mid
3852,Women,Older,Low
3853,Women,Middle,Mid
3854,Women,Older,Mid
3855,Men,Middle,High
3856,Women,Middle,Mid
3857,Men,Middle,Low
3858,Women,Young,Low
3859,Women,Young,Low
3860,Women,Young,High
3861,Women,Young,High
3862,Men,Middle,Low
3863,Women,Older,Mid
3864,Women,Older,High
3865,Women,Young,Low
3866,Men,Middle,Low
3867,Women,Middle,High
3868,Women,Older,High
3869,Women,Middle,Low
3870,Women,Young,Mid
3871,Women,Older,Mid
3872,Women,Young,Low
3873,Women,Middle,Low
3874,Women,Young,Low
3875,Women,Young,Low
3876,Men,Middle,Low
3877,Women,Middle,Low
3878,Women,Older,Mid
3879,Women,Middle,Mid
3880,Men,Middle,High
3881,Women,Older,High
3882,Women,Young,Low
3883,Men,Middle,Mid
3884,Men,Middle,Low
3885,Men,Middle,Low
3886,Men,Middle,Mid
3887,Women,Older,Mid
3888,Women,Young,High
3889,Women,Young,Mid
3890,Men,Middle,High
3891,Women,Young,Mid
3892,Women,Middle,Low
3893,Women,Older,Low
3894,Women,Young,Low
3895,Women,Older,High
3896,Women,Older,Mid
3897,Women,Older,Mid
3898,Men,Middle,Low
3899,Women,Middle,High
3900,Women,Older,Mid
3901,Women,Young,Low
3902,Women,Older,Mid
3903,Women,Young,Mid
3904,Women,Older,Mid
3905,Women,Older,Mid
3906,Women,Middle,Mid
3907,Women,Older,Mid
3908,Men,Middle,High
3909,Women,Middle,Low
3910,Women,Older,High
3911,Women,Middle,Mid
3912,Women,Middle,Low
3913,Women,Young,Low
3914,Women,Older,Mid
3915,Women,Middle,Low
3916,Women,Older,Low
3917,Women,Older,High
3918,Women,Older,Low
3919,Women,Older,Mid
3920,Women,Older,Low
3921,Women,Young,Mid
3922,Women,Young,Mid
3923,Women,Young,High
3924,Women,Young,Mid
3925,Women,Young,Low
3926,Women,Older,Mid
3927,Men,Middle,Low
3928,Women,Older,Mid
3929,Women,Older,High
3930,Women,Middle,Low
3931,Women,Middle,High
3932,Men,Middle,Mid
3933,Women,Young,Mid
3934,Women,Young,High
3935,Women,Young,High
3936,Women,Older,Low
3937,Women,Older,Mid
3938,Women,Young,Low
3939,Women,Older,Mid
3940,Women,Older,High
3941,Women,Young,Mid
3942,Women,Older,Mid
3943,Women,Older,Mid
3944,Women,Young,High
3945,Men,Middle,High
3946,Women,Older,Mid
3947,Men,Middle,Low
3948,Women,Older,High
3949,Men,Middle,High
3950,Men,Middle,Low
3951,Men,Middle,Mid
3952,Women,Young,Low
3953,Women,Older,Low
3954,Women,Young,Low
3955,Women,Older,Low
3956,Women,Young,Mid
3957,Women,Young,Mid
3958,Women,Older,Low
3959,Men,Middle,Low
3960,Women,Young,Mid
3961,Men,Middle,Low
3962,Women,Young,Low
3963,Men,Middle,Low
3964,Women,Young,Mid
3965,Women,Young,Low
3966,Women,Older,Mid
3967,Women,Older,Mid
3968,Women,Young,Low
3969,Women,Young,Mid
3970,Women,Middle,Low
3971,Women,Older,Low
3972,Women,Middle,Mid
3973,Men,Middle,High
3974,Women,Older,Mid
3975,Women,Older,Mid
3976,Women,Older,Low
3977,Women,Young,Low
3978,Men,Middle,Low
3979,Women,Older,Mid
3980,Women,Young,Mid
3981,Women,Young,Mid
3982,Women,Young,Low
3983,Women,Middle,High
3984,Women,Young,High
3985,Women,Young,Mid
3986,Men,Middle,High
3987,Women,Older,High
3988,Men,Middle,Low
3989,Women,Older,Low
3990,Women,Young,High
3991,Men,Middle,Mid
3992,Women,Middle,Low
3993,Women,Young,Low
3994,Men,Middle,High
3995,Women,Young,Low
3996,Women,Young,Low
3997,Women,Older,Mid
3998,Women,Older,High
3999,Men,Middle,Mid
4000,Women,Older,High
4001,Women,Young,Mid
4002,Women,Young,Low
4003,Women,Older,Mid
4004,Women,Older,Mid
4005,Women,Young,Low
4006,Men,Middle,Mid
4007,Women,Older,High
4008,Men,Middle,Mid
4009,Women,Older,Mid
4010,Women,Young,Low
4011,Men,Middle,Mid
4012,Men,Middle,Low
4013,Women,Older,Low
4014,Women,Young,Low
4015,Women,Young,Low
4016,Women,Older,High
4017,Men,Middle,Low
4018,Women,Older,Low
4019,Women,Young,Low
4020,Women,Older,Mid
4021,Women,Young,Low
4022,Women,Middle,Mid
4023,Women,Young,Mid
4024,Women,Older,Mid
4025,Men,Middle,Low
4026,Women,Young,Mid
4027,Women,Young,High
4028,Women,Older,Low
4029,Men,Middle,Mid
4030,Women,Older,Low
4031,Women,Middle,Mid
4032,Women,Middle,Low
4033,Women,Young,High
4034,Women,Older,High
4035,Women,Young,Low
4036,Women,Older,High
4037,Women,Middle,High
4038,Men,Middle,Low
4039,Women,Young,Mid
4040,Women,Older,Mid
4041,Women,Older,Mid
4042,Women,Young,Mid
4043,Women,Middle,Low
4044,Men,Middle,Mid
4045,Men,Middle,Low
4046,Women,Middle,Mid
4047,Men,Middle,High
4048,Women,Young,Low
4049,Women,Young,Low
4050,Men,Middle,Low
4051,Men,Middle,High
4052,Women,Middle,Low
4053,Women,Young,High
4054,Men,Middle,High
4055,Women,Middle,Low
4056,Women,Young,Mid
4057,Women,Older,Low
4058,Women,Young,Low
4059,Men,Middle,Mid
4060,Men,Middle,Mid
4061,Women,Middle,Mid
4062,Women,Middle,Mid
4063,Women,Older,High
4064,Women,Older,High
4065,Women,Older,High
4066,Women,Middle,Low
4067,Men,Middle,Low
4068,Men,Middle,Low
4069,Women,Young,Mid
4070,Men,Middle,Low
4071,Women,Middle,Low
4072,Men,Middle,Low
4073,Men,Middle,High
4074,Women,Middle,High
4075,Women,Older,Mid
4076,Women,Older,Mid
4077,Men,Middle,Low
4078,Men,Middle,Low
4079,Women,Older,Low
4080,Women,Middle,Mid
4081,Women,Older,Low
4082,Women,Older,Mid
4083,Women,Older,Mid
4084,Men,Middle,Mid
4085,Women,Older,Mid
4086,Women,Older,High
4087,Women,Young,Low
4088,Women,Young,Low
4089,Men,Middle,Mid
4090,Women,Older,Low
4091,Women,Middle,High
4092,Women,Young,High
4093,Women,Middle,Low
4094,Women,Older,Low
4095,Women,Older,Mid
4096,Women,Young,Low
4097,Men,Middle,Low
4098,Women,Middle,Mid
4099,Women,Middle,Mid
4100,Women,Young,Mid
4101,Men,Middle,Mid
4102,Men,Middle,Mid
4103,Women,Young,Low
4104,Women,Young,Low
4105,Women,Young,Low
4106,Women,Middle,Mid
4107,Women,Older,Low
4108,Women,Older,High
4109,Women,Young,Mid
4110,Women,Middle,Low
4111,Men,Middle,High
4112,Women,Young,High
4113,Women,Older,Mid
4114,Women,Young,Mid
4115,Women,Older,Mid
4116,Women,Middle,Low
4117,Men,Middle,High
4118,Men,Middle,Low
4119,Women,Older,High
4120,Women,Older,Mid
4121,Women,Older,Low
4122,Women,Older,Mid
4123,Women,Young,Mid
4124,Women,Young,Low
4125,Women,Older,High
4126,Women,Young,Mid
4127,Women,Young,Low
4128,Women,Young,Low
4129,Women,Older,High
4130,Women,Older,High
4131,Women,Older,Low
4132,Women,Middle,Mid
4133,Women,Older,Mid
4134,Women,Young,Low
4135,Women,Older,High
4136,Men,Middle,Mid
4137,Men,Middle,Low
4138,Women,Young,Low
4139,Women,Older,High
4140,Men,Middle,Low
4141,Men,Middle,Low
4142,Men,Middle,Low
4143,Men,Middle,Low
4144,Women,Older,Low
4145,Women,Older,Low
4146,Women,Young,Mid
4147,Men,Middle,High
4148,Women,Young,Low
4149,Women,Older,Low
4150,Women,Middle,Mid
4151,Men,Middle,Low
4152,Women,Older,Low
4153,Men,Middle,Low
4154,Women,Older,Mid
4155,Men,Middle,Low
4156,Women,Young,Low
4157,Women,Older,High
4158,Women,Young,Mid
4159,Women,Middle,Low
4160,Men,Middle,Low
4161,Women,Older,High
4162,Women,Older,Low
4163,Men,Middle,Mid
4164,Women,Older,High
4165,Women,Young,Low
4166,Women,Older,Low
4167,Men,Middle,Low
4168,Women,Young,High
4169,Women,Middle,Low
4170,Women,Young,High
4171,Men,Middle,Low
4172,Women,Older,Low
4173,Women,Young,Mid
4174,Women,Young,Mid
4175,Women,Middle,Mid
4176,Women,Older,Mid
4177,Women,Older,Low
4178,Women,Young,Low
4179,Women,Older,Low
4180,Women,Young,High
4181,Women,Young,High
4182,Women,Older,Mid
4183,Women,Young,High
4184,Women,Young,Low
4185,Women,Older,Mid
4186,Women,Young,Low
4187,Women,Young,High
4188,Men,Middle,Low
4189,Women,Older,Mid
4190,Women,Middle,Mid
4191,Women,Older,High
4192,Men,Middle,Mid
4193,Women,Middle,Mid
4194,Men,Middle,Mid
4195,Women,Older,Low
4196,Women,Older,Mid
4197,Women,Middle,Low
4198,Men,Middle,Low
4199,Women,Middle,Low
4200,Women,Young,Mid
4201,Women,Middle,Mid
4202,Women,Middle,Low
4203,Women,Middle,Low
4204,Women,Middle,Mid
4205,Women,Middle,Mid
4206,Women,Older,High
4207,Women,Older,Low
4208,Men,Middle,Mid
4209,Women,Young,Low
4210,Women,Middle,Mid
4211,Women,Young,Mid
4212,Women,Older,High
4213,Women,Older,High
4214,Women,Young,Low
4215,Women,Older,Low
4216,Women,Older,Low
4217,Women,Young,Mid
4218,Men,Middle,Low
4219,Women,Older,Mid
4220,Women,Middle,Mid
4221,Women,Young,Low
4222,Women,Young,Low
4223,Women,Middle,Low
4224,Women,Young,Mid
4225,Women,Middle,Low
4226,Women,Older,Low
4227,Women,Middle,High
4228,Men,Middle,Low
4229,Women,Older,Mid
4230,Women,Young,Low
4231,Women,Young,Low
4232,Men,Middle,Low
4233,Men,Middle,Mid
4234,Women,Older,High
4235,Women,Young,Mid
4236,Women,Older,High
4237,Women,Young,Mid
4238,Men,Middle,Mid
4239,Women,Young,Low
4240,Women,Middle,High
4241,Women,Young,High
4242,Women,Young,Mid
4243,Women,Middle,Low
4244,Women,Middle,Low
4245,Women,Middle,Low
4246,Women,Older,Low
4247,Women,Older,Low
4248,Men,Middle,Mid
4249,Women,Middle,Mid
4250,Women,Older,Mid
4251,Women,Young,Low
4252,Women,Young,Mid
4253,Women,Older,Low
4254,Women,Middle,Mid
4255,Women,Older,Mid
4256,Women,Middle,Low
4257,Women,Older,Mid
4258,Women,Older,High
4259,Women,Young,Low
4260,Women,Middle,Low
4261,Women,Young,Low
4262,Men,Middle,Low
4263,Women,Older,High
4264,Women,Older,Low
4265,Men,Middle,Low
4266,Men,Middle,Low
4267,Women,Young,High
4268,Women,Young,Mid
4269,Women,Older,Mid
4270,Women,Young,Low
4271,Women,Young,Mid
4272,Women,Older,Low
4273,Women,Middle,Low
4274,Men,Middle,Low
4275,Women,Young,Mid
4276,Men,Middle,Mid
4277,Women,Middle,High
4278,Women,Older,Mid
4279,Women,Young,Low
4280,Women,Young,Mid
4281,Women,Young,Low
4282,Women,Middle,Low
4283,Women,Middle,High
4284,Women,Young,Low
4285,Women,Older,Mid
4286,Women,Young,Mid
4287,Women,Young,Low
4288,Women,Older,High
4289,Men,Middle,Low
4290,Women,Young,Mid
4291,Men,Middle,Mid
4292,Women,Young,Low
4293,Women,Young,Mid
4294,Men,Middle,High
4295,Women,Older,Low
4296,Women,Middle,Mid
4297,Women,Young,Low
4298,Women,Older,High
4299,Women,Young,Mid
4300,Women,Older,Low
4301,Women,Young,Mid
4302,Men,Middle,High
4303,Women,Middle,Low
4304,Women,Young,Low
4305,Women,Older,Low
4306,Women,Young,Mid
4307,Women,Older,Mid
4308,Women,Older,Mid
4309,Men,Middle,Low
4310,Women,Young,Mid
4311,Women,Young,Low
4312,Men,Middle,Low
4313,Women,Young,Mid
4314,Men,Middle,Low
4315,Women,Older,Low
4316,Women,Young,Low
4317,Women,Young,Mid
4318,Men,Middle,Mid
4319,Men,Middle,Low
4320,Women,Young,Mid
4321,Women,Young,High
4322,Men,Middle,Mid
4323,Women,Older,High
4324,Women,Middle,Mid
4325,Women,Young,High
4326,Men,Middle,Mid
4327,Women,Young,Mid
4328,Women,Middle,Mid
4329,Women,Middle,Mid
4330,Women,Older,Mid
4331,Women,Young,Low
4332,Women,Older,Mid
4333,Women,Older,Low
4334,Women,Young,Low
4335,Men,Middle,Low
4336,Women,Middle,Low
4337,Men,Middle,Mid
4338,Women,Older,Low
4339,Women,Older,Mid
4340,Women,Older,High
4341,Men,Middle,Mid
4342,Women,Young,Low
4343,Women,Young,Mid
4344,Women,Older,High
4345,Women,Middle,Mid
4346,Women,Middle,Low
4347,Women,Older,Mid
4348,Women,Middle,Mid
4349,Women,Young,Low
4350,Women,Older,Low
4351,Women,Young,Low
4352,Women,Middle,Low
4353,Women,Older,High
4354,Women,Young,Low
4355,Women,Older,Mid
4356,Women,Middle,Low
4357,Women,Young,High
4358,Men,Middle,Low
4359,Men,Middle,Mid
4360,Men,Middle,High
4361,Women,Older,Mid
4362,Men,Middle,Low
4363,Women,Middle,Low
4364,Women,Young,Low
4365,Women,Middle,Low
4366,Women,Young,High
4367,Women,Older,Mid
4368,Women,Young,Mid
4369,Men,Middle,Low
4370,Women,Older,Mid
4371,Women,Older,Mid
4372,Women,Young,Low
4373,Women,Middle,Low
4374,Women,Older,Low
4375,Women,Middle,Mid
4376,Women,Older,Mid
4377,Women,Young,Low
4378,Women,Older,Low
4379,Women,Young,High
4380,Women,Young,Mid
4381,Men,Middle,Mid
4382,Women,Older,Low
4383,Women,Older,Low
4384,Women,Young,Mid
4385,Women,Older,High
4386,Women,Older,Mid
4387,Women,Older,Mid
4388,Women,Older,Low
4389,Women,Older,Mid
4390,Men,Middle,Low
4391,Women,Older,High
4392,Women,Older,Mid
4393,Men,Middle,Mid
4394,Women,Young,Low
4395,Women,Young,Mid
4396,Women,Older,Mid
4397,Women,Older,Low
4398,Women,Young,Low
4399,Women,Older,Low
4400,Women,Young,Low
4401,Men,Middle,High
4402,Women,Young,Mid
4403,Women,Young,Low
4404,Women,Young,Low
4405,Women,Older,Mid
4406,Women,Older,Mid
4407,Women,Older,Low
4408,Women,Older,High
4409,Men,Middle,Low
4410,Women,Middle,Low
4411,Women,Young,High
4412,Women,Young,Low
4413,Men,Middle,Low
4414,Women,Young,Low
4415,Women,Middle,Mid
4416,Women,Middle,High
4417,Men,Middle,Low
4418,Women,Older,Mid
4419,Women,Middle,Low
4420,Men,Middle,Low
4421,Women,Young,Low
4422,Women,Older,Mid
4423,Men,Middle,High
4424,Women,Young,High
4425,Women,Older,Low
4426,Women,Young,Low
4427,Women,Young,Mid
4428,Women,Older,High
4429,Men,Middle,Low
4430,Women,Older,High
4431,Women,Young,High
4432,Women,Middle,Mid
4433,Men,Middle,Low
4434,Women,Middle,Mid
4435,Women,Middle,Low
4436,Women,Young,Low
4437,Women,Older,Mid
4438,Women,Young,Mid
4439,Men,Middle,High
4440,Women,Older,Low
4441,Women,Young,Low
4442,Women,Older,Low
4443,Women,Older,Low
4444,Men,Middle,High
4445,Women,Young,Low
4446,Women,Middle,Mid
4447,Women,Older,Low
4448,Women,Young,Low
4449,Women,Older,Mid
4450,Women,Older,High
4451,Women,Older,Low
4452,Women,Middle,Low
4453,Women,Young,Mid
4454,Women,Middle,High
4455,Women,Young,High
4456,Women,Older,Mid
4457,Women,Young,Low
4458,Women,Young,High
4459,Women,Older,Low
4460,Women,Middle,Low
4461,Women,Young,Low
4462,Women,Middle,Mid
4463,Women,Young,Mid
4464,Women,Young,Low
4465,Men,Middle,Low
4466,Women,Young,Mid
4467,Women,Middle,Low
4468,Women,Young,Low
4469,Women,Young,Low
4470,Women,Older,Mid
4471,Women,Older,High
4472,Women,Older,Mid
4473,Women,Older,Mid
4474,Women,Young,Mid
4475,Women,Middle,Mid
4476,Women,Young,High
4477,Women,Young,Mid
4478,Women,Older,Mid
4479,Women,Older,Low
4480,Men,Middle,Low
4481,Women,Middle,High
4482,Men,Middle,Low
4483,Women,Older,Mid
4484,Women,Young,Low
4485,Women,Young,Low
4486,Women,Young,Mid
4487,Men,Middle,Low
4488,Women,Older,Low
4489,Women,Middle,Mid
4490,Men,Middle,Low
4491,Women,Young,Mid
4492,Women,Older,High
4493,Women,Middle,Mid
4494,Women,Middle,High
4495,Women,Young,Mid
4496,Women,Young,High
4497,Women,Young,Low
4498,Men,Middle,High
4499,Men,Middle,Mid
4500,Women,Young,High
4501,Women,Middle,Low
4502,Women,Middle,Low
4503,Women,Middle,Mid
4504,Women,Older,Low
4505,Women,Middle,High
4506,Men,Middle,High
4507,Women,Young,Mid
4508,Men,Middle,High
4509,Women,Older,Mid
4510,Women,Young,Mid
4511,Men,Middle,Low
4512,Women,Young,High
4513,Women,Young,Low
4514,Women,Young,High
4515,Women,Middle,Mid
4516,Women,Middle,Low
4517,Women,Young,Mid
4518,Women,Older,Low
4519,Women,Young,Mid
4520,Men,Middle,High
4521,Men,Middle,Mid
4522,Women,Young,High
4523,Women,Older,Low
4524,Women,Older,Low
4525,Men,Middle,Mid
4526,Men,Middle,High
4527,Men,Middle,Mid
4528,Men,Middle,Mid
4529,Men,Middle,High
4530,Women,Young,Mid
4531,Women,Middle,High
4532,Women,Young,Low
4533,Men,Middle,Mid
4534,Women,Older,Mid
4535,Women,Young,Low
4536,Women,Young,Mid
4537,Women,Older,High
4538,Men,Middle,Low
4539,Women,Older,Low
4540,Women,Older,High
4541,Men,Middle,Low
4542,Women,Young,High
4543,Women,Middle,High
4544,Women,Older,High
4545,Women,Older,Low
4546,Men,Middle,Low
4547,Men,Middle,Mid
4548,Women,Older,High
4549,Women,Young,Low
4550,Men,Middle,Mid
4551,Women,Older,Mid
4552,Women,Older,Low
4553,Women,Middle,Low
4554,Men,Middle,Low
4555,Women,Middle,High
4556,Women,Middle,Low
4557,Women,Young,Low
4558,Women,Young,Mid
4559,Women,Older,Low
4560,Women,Older,Low
4561,Women,Middle,High
4562,Women,Young,Low
4563,Women,Young,Low
4564,Men,Middle,High
4565,Women,Young,Low
4566,Women,Young,Low
4567,Women,Older,Mid
4568,Women,Middle,Mid
4569,Women,Young,Mid
4570,Women,Middle,Mid
4571,Women,Older,High
4572,Women,Middle,Mid
4573,Men,Middle,Mid
4574,Men,Middle,Low
4575,Women,Older,Low
4576,Women,Young,Low
4577,Women,Older,Low
4578,Women,Middle,Mid
4579,Women,Older,Low
4580,Men,Middle,High
4581,Women,Young,Low
4582,Women,Older,Low
4583,Women,Older,Mid
4584,Women,Older,Mid
4585,Women,Older,Low
4586,Men,Middle,Low
4587,Women,Middle,High
4588,Women,Older,Mid
4589,Men,Middle,High
4590,Women,Middle,Mid
4591,Women,Middle,High
4592,Women,Young,Low
4593,Women,Middle,Low
4594,Women,Older,Low
4595,Women,Young,Low
4596,Women,Young,Low
4597,Women,Older,Low
4598,Women,Middle,Mid
4599,Men,Middle,Mid
4600,Women,Young,Mid
4601,Women,Young,Low
4602,Men,Middle,High
4603,Women,Older,Low
4604,Women,Young,Mid
4605,Men,Middle,High
4606,Women,Older,Mid
4607,Women,Young,Low
4608,Women,Young,Low
4609,Women,Older,High
4610,Men,Middle,Mid
4611,Women,Older,Low
4612,Women,Young,Mid
4613,Women,Young,Mid
4614,Women,Older,High
4615,Women,Older,High
4616,Women,Young,Low
4617,Women,Young,High
4618,Women,Older,Low
4619,Women,Older,Mid
4620,Men,Middle,High
4621,Men,Middle,Low
4622,Men,Middle,High
4623,Women,Older,Mid
4624,Women,Young,Mid
4625,Men,Middle,Low
4626,Women,Older,Mid
4627,Men,Middle,Mid
4628,Men,Middle,Mid
4629,Women,Older,Mid
4630,Women,Young,High
4631,Women,Middle,High
4632,Women,Older,Mid
4633,Women,Young,Low
4634,Women,Young,Mid
4635,Women,Middle,Mid
4636,Women,Young,Low
4637,Women,Young,Low
4638,Women,Older,Low
4639,Women,Young,High
4640,Women,Older,Low
4641,Women,Middle,Mid
4642,Women,Older,Mid
4643,Women,Older,Mid
4644,Women,Young,Mid
4645,Women,Young,Mid
4646,Women,Young,Mid
4647,Women,Young,High
4648,Women,Older,Low
4649,Women,Young,High
4650,Men,Middle,Mid
4651,Women,Older,Mid
4652,Women,Young,Mid
4653,Women,Older,Low
4654,Women,Young,Low
4655,Women,Young,Low
4656,Women,Older,Low
4657,Women,Young,Mid
4658,Women,Middle,Low
4659,Men,Middle,Mid
4660,Women,Older,Mid
4661,Women,Older,Low
4662,Women,Older,Low
4663,Women,Middle,Low
4664,Women,Young,Mid
4665,Women,Young,Mid
4666,Men,Middle,Mid
4667,Women,Middle,Mid
4668,Women,Young,Mid
4669,Men,Middle,Mid
4670,Women,Older,High
4671,Women,Young,High
4672,Women,Middle,High
4673,Women,Older,Mid
4674,Women,Young,Low
4675,Men,Middle,Low
4676,Women,Older,Low
4677,Men,Middle,Low
4678,Women,Young,High
4679,Women,Older,Mid
4680,Women,Young,Mid
4681,Women,Young,High
4682,Women,Middle,Low
4683,Men,Middle,Low
4684,Women,Older,Mid
4685,Women,Middle,Low
4686,Women,Young,Mid
4687,Men,Middle,High
4688,Men,Middle,High
4689,Men,Middle,Low
4690,Women,Young,Mid
4691,Men,Middle,Mid
4692,Women,Young,Low
4693,Women,Older,Low
4694,Women,Older,Low
4695,Women,Older,Mid
4696,Women,Older,Mid
4697,Women,Older,Low
4698,Women,Older,Mid
4699,Men,Middle,Low
4700,Women,Young,Low
4701,Women,Older,Low
4702,Men,Middle,High
4703,Women,Young,Low
4704,Women,Older,Mid
4705,Women,Middle,Low
4706,Women,Older,Mid
4707,Women,Young,Mid
4708,Women,Young,Low
4709,Women,Older,Low
4710,Women,Young,High
4711,Men,Middle,Low
4712,Women,Middle,Low
4713,Women,Older,Mid
4714,Women,Middle,Mid
4715,Women,Young,Low
4716,Women,Older,Mid
4717,Women,Older,Low
4718,Men,Middle,Mid
4719,Women,Older,Low
4720,Women,Middle,High
4721,Women,Older,Mid
4722,Men,Middle,Mid
4723,Women,Older,Mid
4724,Women,Young,Mid
4725,Women,Young,Low
4726,Women,Older,Low
4727,Women,Young,Low
4728,Women,Older,High
4729,Women,Young,Low
4730,Women,Older,Low
4731,Women,Older,Mid
4732,Women,Young,Low
4733,Women,Older,Low
4734,Women,Older,Mid
4735,Women,Middle,Low
4736,Men,Middle,Low
4737,Women,Older,Mid
4738,Women,Older,High
4739,Women,Middle,Low
4740,Women,Older,Mid
4741,Women,Older,Low
4742,Women,Young,Mid
4743,Women,Older,Mid
4744,Women,Older,Mid
4745,Men,Middle,Low
4746,Women,Young,Low
4747,Women,Middle,Low
4748,Women,Older,High
4749,Men,Middle,Low
4750,Women,Young,Low
4751,Women,Young,Low
4752,Women,Older,Low
4753,Men,Middle,Low
4754,Women,Young,Low
4755,Women,Middle,Low
4756,Women,Older,Low
4757,Women,Older,Low
4758,Men,Middle,High
4759,Men,Middle,Mid
4760,Women,Older,Low
4761,Women,Older,High
4762,Women,Older,Mid
4763,Women,Older,Low
4764,Men,Middle,High
4765,Women,Middle,Mid
4766,Women,Older,Low
4767,Women,Older,Mid
4768,Women,Middle,Low
4769,Women,Older,Mid
4770,Women,Young,Mid
4771,Men,Middle,Mid
4772,Women,Older,Low
4773,Women,Young,Low
4774,Women,Older,High
4775,Women,Young,Mid
4776,Women,Young,Low
4777,Women,Young,Low
4778,Men,Middle,Low
4779,Women,Young,Low
4780,Women,Young,Low
4781,Women,Young,Low
4782,Women,Young,Mid
4783,Women,Young,Low
4784,Women,Young,Low
4785,Men,Middle,Mid
4786,Women,Middle,Low
4787,Women,Older,Low
4788,Women,Older,Low
4789,Women,Older,Mid
4790,Women,Middle,Mid
4791,Men,Middle,Low
4792,Women,Middle,Low
4793,Women,Middle,High
4794,Women,Young,Mid
4795,Women,Older,High
4796,Women,Middle,Low
4797,Women,Young,Mid
4798,Women,Young,Mid
4799,Women,Middle,Mid
4800,Women,Older,High
4801,Women,Older,High
4802,Women,Middle,Low
4803,Women,Older,Low
4804,Women,Older,Mid
4805,Women,Young,Low
4806,Men,Middle,Mid
4807,Women,Older,Low
4808,Women,Older,Mid
4809,Women,Young,Low
4810,Men,Middle,Mid
4811,Women,Older,Low
4812,Women,Older,Mid
4813,Women,Young,Low
4814,Women,Older,High
4815,Men,Middle,High
4816,Women,Young,Low
4817,Men,Middle,Low
4818,Women,Middle,Low
4819,Women,Young,High
4820,Women,Older,Low
4821,Women,Young,Mid
4822,Women,Young,Low
4823,Women,Young,Mid
4824,Women,Middle,Low
4825,Women,Young,Low
4826,Women,Young,Mid
4827,Women,Middle,Mid
4828,Women,Middle,Low
4829,Women,Older,Mid
4830,Women,Young,Mid
4831,Women,Older,Low
4832,Men,Middle,Low
4833,Women,Young,Low
4834,Men,Middle,Low
4835,Women,Older,High
4836,Women,Middle,Low
4837,Men,Middle,Low
4838,Women,Older,Mid
4839,Women,Young,Low
4840,Women,Middle,Mid
4841,Women,Older,High
4842,Women,Older,Low
4843,Men,Middle,Low
4844,Women,Young,Low
4845,Women,Young,Low
4846,Women,Older,Mid
4847,Women,Older,Mid
4848,Men,Middle,Low
4849,Women,Older,High
4850,Women,Young,Low
4851,Women,Older,High
4852,Women,Young,Low
4853,Women,Middle,Mid
4854,Women,Older,High
4855,Women,Middle,High
4856,Women,Middle,Low
4857,Women,Young,Low
4858,Women,Older,Mid
4859,Women,Older,Mid
4860,Women,Older,Mid
4861,Women,Older,Low
4862,Women,Older,High
4863,Men,Middle,Low
4864,Women,Older,Low
4865,Women,Middle,Mid
4866,Women,Older,High
4867,Women,Young,Mid
4868,Men,Middle,Low
4869,Men,Middle,Mid
4870,Women,Young,Low
4871,Men,Middle,Mid
4872,Women,Young,High
4873,Men,Middle,Mid
4874,Men,Middle,Mid
4875,Women,Middle,Mid
4876,Women,Older,Mid
4877,Women,Older,Mid
4878,Women,Older,Low
4879,Men,Middle,Low
4880,Women,Young,Mid
4881,Women,Older,Mid
4882,Women,Middle,Low
4883,Women,Older,Low
4884,Women,Young,Low
4885,Women,Middle,Low
4886,Women,Young,High
4887,Women,Young,Low
4888,Women,Older,Mid
4889,Women,Older,Low
4890,Women,Middle,Mid
4891,Women,Young,Low
4892,Men,Middle,Low
4893,Women,Young,Mid
4894,Women,Middle,Mid
4895,Men,Middle,High
4896,Women,Middle,Low
4897,Women,Young,Mid
4898,Women,Older,Mid
4899,Women,Older,Low
4900,Men,Middle,Mid
4901,Women,Young,Mid
4902,Women,Older,Mid
4903,Women,Young,Low
4904,Men,Middle,Mid
4905,Women,Older,Low
4906,Men,Middle,Mid
4907,Women,Young,Mid
4908,Women,Older,Mid
4909,Women,Older,Mid
4910,Women,Older,Mid
4911,Women,Young,High
4912,Women,Middle,High
4913,Women,Young,Low
4914,Men,Middle,Mid
4915,Women,Older,Low
4916,Men,Middle,Low
4917,Women,Middle,Low
4918,Women,Middle,Low
4919,Women,Middle,Low
4920,Women,Middle,Low
4921,Women,Older,Mid
4922,Women,Older,Mid
4923,Men,Middle,Low
4924,Men,Middle,High
4925,Women,Young,Low
4926,Men,Middle,Low
4927,Women,Young,Mid
4928,Women,Young,Low
4929,Women,Young,High
4930,Men,Middle,High
4931,Men,Middle,Low
4932,Women,Young,High
4933,Women,Older,Low
4934,Women,Young,Low
4935,Women,Young,Low
4936,Men,Middle,Mid
4937,Men,Middle,Mid
4938,Women,Young,High
4939,Men,Middle,Low
4940,Women,Young,Low
4941,Women,Young,Mid
4942,Women,Young,Low
4943,Women,Middle,Mid
4944,Women,Young,Low
4945,Women,Young,Low
4946,Women,Older,High
4947,Women,Young,Low
4948,Women,Young,Low
4949,Women,Middle,Mid
4950,Men,Middle,Mid
4951,Women,Older,Mid
4952,Women,Middle,Mid
4953,Women,Middle,Mid
4954,Women,Middle,Low
4955,Women,Older,High
4956,Men,Middle,High
4957,Women,Young,High
4958,Women,Young,Mid
4959,Women,Older,Mid
4960,Women,Young,Low
4961,Women,Older,Mid
4962,Women,Young,Low
4963,Women,Young,Low
4964,Women,Middle,Low
4965,Women,Older,Mid
4966,Women,Young,Low
4967,Women,Middle,Mid
4968,Women,Older,High
4969,Women,Middle,Low
4970,Women,Young,Low
4971,Women,Young,Mid
4972,Women,Young,Low
4973,Women,Young,Low
4974,Women,Middle,Low
4975,Women,Young,Low
4976,Women,Young,Low
4977,Men,Middle,Mid
4978,Women,Older,Mid
4979,Women,Middle,Low
4980,Women,Young,Low
4981,Women,Young,Low
4982,Women,Middle,Low
4983,Women,Older,Mid
4984,Women,Young,High
4985,Men,Middle,Low
4986,Women,Young,Mid
4987,Women,Young,High
4988,Women,Young,Low
4989,Men,Middle,Low
4990,Women,Older,Low
4991,Women,Middle,Low
4992,Women,Young,Low
4993,Men,Middle,High
4994,Women,Young,Low
4995,Men,Middle,Mid
4996,Women,Young,Mid
4997,Women,Older,Mid
4998,Women,Older,Low
4999,Men,Middle,Low
5000,Women,Older,Mid
5001,Women,Middle,Mid
5002,Women,Older,Low
5003,Men,Middle,Low
5004,Men,Middle,High
5005,Women,Middle,Mid
5006,Women,Older,Low
5007,Women,Young,Low
5008,Women,Older,High
5009,Men,Middle,High
5010,Women,Older,Low
5011,Women,Middle,High
5012,Women,Older,Mid
5013,Women,Young,Mid
5014,Women,Young,Mid
5015,Women,Young,Mid
5016,Men,Middle,Mid
5017,Women,Middle,High
5018,Men,Middle,Low
5019,Women,Older,Mid
5020,Women,Young,Low
5021,Women,Young,Low
5022,Women,Older,High
5023,Women,Young,Low
5024,Women,Young,Low
5025,Women,Middle,Mid
5026,Women,Older,Low
5027,Men,Middle,High
5028,Women,Older,Low
5029,Women,Older,Mid
5030,Women,Young,Low
5031,Women,Middle,Low
5032,Women,Middle,Low
5033,Women,Young,Low
5034,Women,Middle,Low
5035,Women,Young,Low
5036,Women,Middle,Low
5037,Women,Middle,Mid
5038,Women,Older,Low
5039,Women,Older,Mid
5040,Women,Older,Low
5041,Women,Older,Mid
5042,Women,Older,High
5043,Women,Older,Low
5044,Women,Middle,Mid
5045,Women,Older,Low
5046,Women,Older,Mid
5047,Men,Middle,Low
5048,Women,Older,High
5049,Women,Older,Mid
5050,Women,Young,Low
5051,Women,Middle,High
5052,Women,Young,Mid
5053,Women,Older,Low
5054,Women,Middle,Mid
5055,Men,Middle,Low
5056,Women,Older,Mid
5057,Women,Young,Low
5058,Women,Young,Mid
5059,Women,Older,Low
5060,Women,Young,Mid
5061,Women,Young,Mid
5062,Women,Young,Low
5063,Women,Young,Low
5064,Women,Middle,Low
5065,Women,Older,Mid
5066,Women,Young,Low
5067,Women,Middle,Low
5068,Men,Middle,Mid
5069,Women,Middle,Mid
5070,Women,Middle,Low
5071,Men,Middle,Low
5072,Women,Older,Mid
5073,Women,Older,Low
5074,Women,Young,Mid
5075,Women,Older,Mid
5076,Women,Young,Mid
5077,Men,Middle,High
5078,Women,Older,Mid
5079,Women,Middle,Mid
5080,Men,Middle,Low
5081,Women,Older,Low
5082,Women,Young,Low
5083,Women,Young,Mid
5084,Women,Older,Low
5085,Women,Older,High
5086,Women,Middle,Low
5087,Women,Older,High
5088,Women,Young,Low
5089,Men,Middle,Low
5090,Women,Older,Mid
5091,Women,Young,Low
5092,Women,Middle,Low
5093,Women,Older,Low
5094,Men,Middle,High
5095,Women,Older,Mid
5096,Women,Older,High
5097,Women,Older,Low
5098,Women,Young,Mid
5099,Women,Older,Mid
5100,Women,Young,Low
5101,Women,Older,Low
5102,Women,Older,High
5103,Men,Middle,Low
5104,Women,Young,Low
5105,Women,Young,Mid
5106,Women,Older,Low
5107,Women,Older,Mid
5108,Women,Young,Low
5109,Women,Older,Mid
5110,Women,Older,Low
5111,Women,Young,High
5112,Men,Middle,Low
5113,Women,Young,Mid
5114,Women,Young,Mid
5115,Men,Middle,Mid
5116,Women,Older,High
5117,Women,Middle,Low
5118,Women,Older,High
5119,Women,Young,Mid
5120,Women,Older,Low
5121,Men,Middle,Low
5122,Women,Older,Low
5123,Women,Middle,High
5124,Men,Middle,Mid
5125,Women,Older,Low
5126,Men,Middle,Low
5127,Women,Young,Low
5128,Women,Young,Low
5129,Women,Young,High
5130,Women,Older,Low
5131,Women,Young,High
5132,Men,Middle,Low
5133,Women,Young,Low
5134,Women,Young,Mid
5135,Women,Young,Low
5136,Women,Young,Mid
5137,Women,Older,Mid
5138,Women,Older,High
5139,Women,Young,Low
5140,Women,Young,High
5141,Women,Young,Mid
5142,Women,Middle,Low
5143,Men,Middle,Low
5144,Men,Middle,Mid
5145,Women,Older,Mid
5146,Women,Young,Low
5147,Women,Older,Low
5148,Women,Older,High
5149,Women,Middle,Low
5150,Women,Young,Mid
5151,Women,Young,High
5152,Women,Older,High
5153,Women,Young,Mid
5154,Women,Young,Low
5155,Women,Older,Mid
5156,Women,Older,Mid
5157,Women,Older,Mid
5158,Women,Young,Low
5159,Women,Older,Mid
5160,Women,Older,Low
5161,Men,Middle,Mid
5162,Women,Older,Mid
5163,Women,Young,Low
5164,Women,Young,High
5165,Women,Young,Low
5166,Men,Middle,Low
5167,Women,Young,Low
5168,Women,Middle,High
5169,Women,Older,High
5170,Women,Older,Low
5171,Women,Older,Mid
5172,Men,Middle,Mid
5173,Women,Middle,Low
5174,Men,Middle,Mid
5175,Women,Young,Low
5176,Women,Middle,Low
5177,Men,Middle,Mid
5178,Men,Middle,Low
5179,Women,Middle,Mid
5180,Women,Young,Low
5181,Women,Young,Low
5182,Women,Older,High
5183,Women,Older,Mid
5184,Women,Middle,Mid
5185,Men,Middle,Mid
5186,Women,Older,Mid
5187,Women,Middle,Low
5188,Women,Older,Mid
5189,Women,Older,Low
5190,Women,Young,Mid
5191,Women,Older,Low
5192,Women,Young,Low
5193,Women,Older,Low
5194,Women,Older,Low
5195,Women,Older,Mid
5196,Men,Middle,Mid
5197,Women,Older,Mid
5198,Women,Young,Low
5199,Women,Young,Low
5200,Men,Middle,Low
5201,Women,Older,High
5202,Women,Older,Low
5203,Men,Middle,Low
5204,Women,Young,Low
5205,Women,Older,Low
5206,Women,Middle,High
5207,Women,Middle,High
5208,Men,Middle,Low
5209,Women,Older,High
5210,Men,Middle,High
5211,Women,Older,Low
5212,Women,Middle,High
5213,Women,Older,High
5214,Women,Young,Low
5215,Women,Older,High
5216,Women,Older,Low
5217,Women,Middle,Low
5218,Men,Middle,Low
5219,Women,Older,High
5220,Men,Middle,Low
5221,Women,Older,High
5222,Women,Older,Low
5223,Women,Older,Low
5224,Men,Middle,Low
5225,Women,Middle,Mid
5226,Women,Middle,Mid
5227,Women,Young,Low
5228,Women,Young,Low
5229,Women,Older,Low
5230,Women,Older,Low
5231,Women,Older,High
5232,Women,Older,Mid
5233,Men,Middle,Low
5234,Women,Older,Mid
5235,Women,Older,High
5236,Women,Older,High
5237,Women,Middle,Mid
5238,Men,Middle,Low
5239,Women,Older,Low
5240,Women,Young,Low
5241,Women,Young,Mid
5242,Women,Young,Mid
5243,Women,Young,Low
5244,Women,Older,Low
5245,Women,Young,Mid
5246,Women,Young,Mid
5247,Women,Young,High
5248,Women,Middle,Low
5249,Men,Middle,Mid
5250,Women,Middle,Mid
5251,Women,Young,Mid
5252,Women,Older,High
5253,Women,Young,Mid
5254,Men,Middle,Low
5255,Women,Older,High
5256,Women,Older,Mid
5257,Women,Young,High
5258,Men,Middle,Low
5259,Women,Older,High
5260,Women,Middle,Low
5261,Men,Middle,Mid
5262,Women,Older,Mid
5263,Women,Older,Low
5264,Women,Young,High
5265,Women,Older,Mid
5266,Women,Young,Mid
5267,Men,Middle,Low
5268,Women,Young,Low
5269,Men,Middle,Mid
5270,Women,Middle,Mid
5271,Men,Middle,Mid
5272,Women,Young,Low
5273,Women,Young,Low
5274,Women,Older,Low
5275,Men,Middle,Low
5276,Women,Middle,High
5277,Men,Middle,Low
5278,Women,Older,High
5279,Women,Middle,High
5280,Women,Young,Low
5281,Men,Middle,Low
5282,Women,Young,Low
5283,Women,Older,Mid
5284,Women,Young,Low
5285,Women,Older,Mid
5286,Women,Young,Mid
5287,Women,Older,Low
5288,Women,Older,Mid
5289,Women,Young,Low
5290,Men,Middle,Low
5291,Women,Older,Low
5292,Women,Middle,Mid
5293,Women,Older,Mid
5294,Women,Older,Low
5295,Women,Young,High
5296,Women,Older,Low
5297,Men,Middle,Low
5298,Women,Older,Low
5299,Women,Young,Low
5300,Women,Young,Low
5301,Women,Young,High
5302,Men,Middle,High
5303,Women,Middle,Mid
5304,Women,Young,Low
5305,Women,Young,Low
5306,Women,Older,High
5307,Women,Young,Low
5308,Men,Middle,Low
5309,Women,Older,High
5310,Women,Middle,Low
5311,Women,Young,High
5312,Women,Young,Mid
5313,Women,Older,High
5314,Men,Middle,Low
5315,Men,Middle,Mid
5316,Women,Older,Mid
5317,Women,Older,Low
5318,Women,Older,Mid
5319,Women,Young,Low
5320,Women,Older,Mid
5321,Women,Young,Low
5322,Women,Young,Low
5323,Women,Older,High
5324,Women,Middle,Low
5325,Women,Young,Low
5326,Women,Older,High
5327,Women,Older,Mid
5328,Women,Older,Low
5329,Women,Older,High
5330,Women,Middle,Low
5331,Women,Young,High
5332,Women,Young,Low
5333,Women,Middle,Mid
5334,Women,Young,Low
5335,Men,Middle,High
5336,Women,Middle,High
5337,Women,Young,Mid
5338,Men,Middle,Low
5339,Women,Young,Mid
5340,Women,Young,Mid
5341,Women,Young,Mid
5342,Men,Middle,High
5343,Women,Young,High
5344,Women,Older,High
5345,Women,Older,High
5346,Women,Older,Mid
5347,Women,Older,Low
5348,Women,Young,Low
5349,Women,Older,High
5350,Women,Older,High
5351,Women,Older,Low
5352,Men,Middle,High
5353,Women,Young,Mid
5354,Women,Middle,High
5355,Women,Older,Mid
5356,Women,Older,Mid
5357,Women,Young,Mid
5358,Women,Older,Low
5359,Women,Young,Low
5360,Women,Older,High
5361,Women,Young,Low
5362,Men,Middle,Low
5363,Women,Older,High
5364,Women,Middle,Mid
5365,Women,Young,Mid
5366,Women,Young,Mid
5367,Women,Young,Mid
5368,Women,Young,Low
5369,Women,Older,Low
5370,Women,Older,Mid
5371,Women,Older,Mid
5372,Women,Older,High
5373,Women,Young,Low
5374,Women,Older,Low
5375,Women,Older,High
5376,Women,Older,Mid
5377,Men,Middle,Low
5378,Women,Older,Low
5379,Women,Young,Low
5380,Women,Young,Mid
5381,Women,Middle,Mid
5382,Men,Middle,Mid
5383,Women,Older,High
5384,Men,Middle,High
5385,Women,Older,Low
5386,Women,Middle,Low
5387,Women,Older,Mid
5388,Women,Middle,Low
5389,Women,Young,Low
5390,Women,Young,High
5391,Women,Young,Low
5392,Women,Young,Low
5393,Men,Middle,Low
5394,Women,Young,Low
5395,Women,Middle,Low
5396,Women,Middle,Mid
5397,Men,Middle,Low
5398,Women,Young,Low
5399,Women,Young,Low
5400,Women,Young,Low
5401,Women,Young,Low
5402,Women,Older,Mid
5403,Men,Middle,Low
5404,Women,Older,Mid
5405,Women,Young,Low
5406,Women,Middle,Low
5407,Women,Middle,Mid
5408,Women,Young,Low
5409,Women,Older,Mid
5410,Women,Middle,High
5411,Women,Older,Mid
5412,Women,Older,Mid
5413,Women,Young,Low
5414,Women,Older,Mid
5415,Women,Young,Low
5416,Women,Young,Mid
5417,Women,Older,Low
5418,Women,Young,Mid
5419,Women,Middle,Low
5420,Women,Young,Mid
5421,Women,Young,Mid
5422,Women,Young,Mid
5423,Men,Middle,Mid
5424,Women,Young,Low
5425,Women,Older,Low
5426,Women,Older,Mid
5427,Women,Young,Low
5428,Women,Young,Mid
5429,Women,Middle,Mid
5430,Men,Middle,Low
5431,Women,Older,Mid
5432,Men,Middle,Low
5433,Women,Young,Low
5434,Women,Older,Mid
5435,Women,Middle,Low
5436,Women,Older,High
5437,Women,Older,Low
5438,Women,Older,Low
5439,Women,Older,Low
5440,Women,Middle,High
5441,Men,Middle,Low
5442,Women,Middle,Mid
5443,Women,Older,Mid
5444,Women,Middle,Mid
5445,Women,Middle,Low
5446,Men,Middle,Mid
5447,Men,Middle,Mid
5448,Women,Young,Low
5449,Women,Older,Mid
5450,Women,Young,High
5451,Women,Young,Mid
5452,Women,Older,Low
5453,Women,Middle,Low
5454,Men,Middle,Mid
5455,Women,Middle,High
5456,Men,Middle,Mid
5457,Women,Young,Low
5458,Women,Young,Mid
5459,Men,Middle,Mid
5460,Women,Middle,Mid
5461,Women,Older,Mid
5462,Women,Young,Low
5463,Men,Middle,Low
5464,Men,Middle,Low
5465,Women,Older,Low
5466,Women,Older,Mid
5467,Men,Middle,High
5468,Women,Middle,Low
5469,Women,Young,Mid
5470,Women,Young,High
5471,Women,Middle,Low
5472,Women,Older,Mid
5473,Women,Young,Low
5474,Men,Middle,Mid
5475,Women,Older,High
5476,Women,Young,Mid
5477,Women,Older,Low
5478,Women,Middle,High
5479,Women,Young,Mid
5480,Women,Middle,Mid
5481,Men,Middle,Mid
5482,Women,Middle,Mid
5483,Women,Young,Low
5484,Women,Older,Mid
5485,Women,Young,Mid
5486,Men,Middle,High
5487,Women,Older,Low
5488,Women,Young,Mid
5489,Women,Young,High
5490,Women,Older,Mid
5491,Men,Middle,Low
5492,Women,Older,Mid
5493,Men,Middle,Low
5494,Women,Young,Mid
5495,Men,Middle,Low
5496,Women,Older,High
5497,Men,Middle,Mid
5498,Women,Middle,High
5499,Women,Young,Mid
5500,Women,Older,Mid
5501,Men,Middle,Low
5502,Women,Middle,Low
5503,Women,Middle,Mid
5504,Women,Older,Mid
5505,Women,Older,High
5506,Men,Middle,High
5507,Women,Young,Mid
5508,Women,Young,Low
5509,Women,Older,Low
5510,Women,Middle,Low
5511,Women,Older,High
5512,Men,Middle,Low
5513,Men,Middle,Low
5514,Women,Middle,Mid
5515,Women,Older,High
5516,Women,Older,Mid
5517,Women,Middle,Low
5518,Women,Older,Low
5519,Women,Older,Mid
5520,Women,Older,High
5521,Women,Older,Low
5522,Women,Older,Mid
5523,Men,Middle,Low
5524,Men,Middle,Mid
5525,Women,Older,Low
5526,Women,Older,Low
5527,Men,Middle,Low
5528,Women,Middle,Low
5529,Women,Middle,High
5530,Women,Older,High
5531,Men,Middle,High
5532,Women,Older,Mid
5533,Women,Older,Mid
5534,Women,Young,High
5535,Women,Young,Mid
5536,Women,Middle,Mid
5537,Women,Older,Low
5538,Women,Middle,Low
5539,Women,Older,Mid
5540,Women,Middle,Low
5541,Men,Middle,Low
5542,Women,Young,Mid
5543,Women,Middle,Low
5544,Women,Older,Mid
5545,Men,Middle,Low
5546,Women,Young,Mid
5547,Women,Older,Low
5548,Men,Middle,Low
5549,Women,Young,Low
5550,Women,Middle,High
5551,Women,Older,High
5552,Women,Young,Low
5553,Men,Middle,Low
5554,Women,Young,Low
5555,Women,Young,Mid
5556,Men,Middle,Mid
5557,Men,Middle,Mid
5558,Women,Older,Mid
5559,Women,Middle,Low
5560,Women,Middle,Low
5561,Men,Middle,High
5562,Women,Middle,Low
5563,Women,Young,Low
5564,Women,Young,Low
5565,Women,Older,Low
5566,Women,Older,Low
5567,Women,Young,Low
5568,Women,Young,Low
5569,Women,Older,Low
5570,Women,Young,Low
5571,Women,Young,High
5572,Women,Young,Low
5573,Women,Older,High
5574,Men,Middle,High
5575,Women,Middle,Mid
5576,Women,Young,Low
5577,Women,Older,Low
5578,Women,Middle,High
5579,Women,Young,Low
5580,Women,Young,Low
5581,Women,Middle,Low
5582,Women,Young,High
5583,Women,Older,High
5584,Women,Older,High
5585,Women,Older,High
5586,Women,Young,High
5587,Women,Older,Low
5588,Women,Older,Low
5589,Women,Older,Low
5590,Women,Older,Low
5591,Women,Older,Low
5592,Women,Older,High
5593,Men,Middle,Low
5594,Women,Older,Mid
5595,Women,Older,Low
5596,Women,Young,Low
5597,Women,Young,Low
5598,Women,Older,Low
5599,Men,Middle,Mid
5600,Men,Middle,Low
5601,Men,Middle,Mid
5602,Women,Older,Mid
5603,Women,Older,Mid
5604,Women,Young,High
5605,Women,Middle,Mid
5606,Women,Young,Low
5607,Women,Older,Mid
5608,Women,Older,High
5609,Women,Young,Mid
5610,Men,Middle,Low
5611,Men,Middle,Mid
5612,Women,Young,Low
5613,Women,Older,High
5614,Men,Middle,Low
5615,Women,Young,Mid
5616,Women,Middle,Mid
5617,Men,Middle,Mid
5618,Women,Middle,High
5619,Women,Young,High
5620,Women,Older,Low
5621,Men,Middle,Low
5622,Men,Middle,High
5623,Women,Older,Low
5624,Men,Middle,Mid
5625,Women,Older,Mid
5626,Women,Older,High
5627,Women,Young,High
5628,Women,Older,Mid
5629,Women,Young,Mid
5630,Women,Older,High
5631,Women,Older,Mid
5632,Women,Older,High
5633,Women,Older,Low
5634,Women,Middle,Mid
5635,Women,Middle,Mid
5636,Women,Older,Low
5637,Women,Older,High
5638,Women,Older,Mid
5639,Men,Middle,Mid
5640,Women,Middle,Low
5641,Women,Older,Mid
5642,Women,Older,High
5643,Women,Older,Low
5644,Women,Middle,High
5645,Women,Young,Low
5646,Women,Older,Mid
5647,Women,Middle,Low
5648,Women,Middle,Low
5649,Men,Middle,Mid
5650,Women,Older,Mid
5651,Women,Middle,Low
5652,Men,Middle,High
5653,Women,Young,Low
5654,Men,Middle,High
5655,Women,Middle,Mid
5656,Women,Young,Mid
5657,Women,Young,Mid
5658,Women,Middle,Low
5659,Women,Middle,Mid
5660,Women,Middle,Mid
5661,Men,Middle,Low
5662,Women,Young,Mid
5663,Men,Middle,High
5664,Women,Older,Low
5665,Women,Young,High
5666,Women,Young,Mid
5667,Women,Older,High
5668,Men,Middle,Low
5669,Women,Older,Low
5670,Women,Middle,Low
5671,Women,Middle,Low
5672,Women,Middle,Mid
5673,Women,Middle,High
5674,Men,Middle,Low
5675,Women,Older,Mid
5676,Women,Middle,Mid
5677,Men,Middle,High
5678,Women,Older,Low
5679,Women,Middle,High
5680,Women,Young,Low
5681,Women,Middle,Mid
5682,Women,Young,Low
5683,Men,Middle,Low
5684,Women,Older,Mid
5685,Women,Young,Low
5686,Women,Young,Mid
5687,Women,Young,Low
5688,Women,Older,High
5689,Women,Middle,Mid
5690,Men,Middle,Low
5691,Women,Middle,Low
5692,Women,Young,Low
5693,Women,Older,Mid
5694,Women,Young,Low
5695,Women,Older,High
5696,Women,Young,Low
5697,Women,Middle,Low
5698,Women,Young,Mid
5699,Women,Young,Low
5700,Women,Older,Mid
5701,Women,Middle,Mid
5702,Men,Middle,Low
5703,Men,Middle,High
5704,Women,Older,Mid
5705,Women,Older,Low
5706,Women,Middle,Mid
5707,Women,Older,Mid
5708,Women,Older,Low
5709,Men,Middle,Low
5710,Women,Young,Low
5711,Women,Young,Mid
5712,Women,Older,Mid
5713,Women,Middle,Low
5714,Women,Older,Mid
5715,Women,Older,High
5716,Women,Older,Low
5717,Women,Older,Mid
5718,Women,Older,Low
5719,Women,Older,Low
5720,Women,Young,Low
5721,Women,Older,Mid
5722,Women,Older,Low
5723,Women,Older,Low
5724,Women,Middle,High
5725,Women,Young,High
5726,Women,Older,Mid
5727,Women,Older,High
5728,Men,Middle,Low
5729,Women,Middle,Mid
5730,Women,Middle,Mid
5731,Women,Older,Mid
5732,Women,Middle,Low
5733,Women,Young,Low
5734,Women,Young,Mid
5735,Women,Older,High
5736,Women,Middle,Low
5737,Women,Older,Mid
5738,Women,Older,Low
5739,Women,Older,High
5740,Women,Older,Mid
5741,Women,Young,Low
5742,Men,Middle,High
5743,Women,Young,Low
5744,Women,Middle,High
5745,Men,Middle,Mid
5746,Women,Middle,Low
5747,Women,Middle,High
5748,Men,Middle,Low
5749,Men,Middle,Mid
5750,Women,Middle,High
5751,Women,Older,Low
5752,Women,Older,Low
5753,Women,Older,Low
5754,Women,Middle,Low
5755,Women,Young,Low
5756,Women,Middle,Mid
5757,Men,Middle,Low
5758,Women,Older,Mid
5759,Men,Middle,Mid
5760,Women,Older,Mid
5761,Women,Older,Mid
5762,Women,Young,Mid
5763,Women,Middle,Low
5764,Women,Older,Low
5765,Women,Older,High
5766,Women,Middle,Mid
5767,Women,Young,Low
5768,Women,Young,Mid
5769,Women,Older,Mid
5770,Women,Older,Mid
5771,Women,Middle,Low
5772,Women,Middle,Mid
5773,Women,Older,Mid
5774,Women,Older,Mid
5775,Women,Middle,Low
5776,Women,Older,Mid
5777,Women,Young,Low
5778,Women,Older,Low
5779,Men,Middle,Mid
5780,Women,Older,Mid
5781,Women,Older,High
5782,Women,Older,High
5783,Women,Young,Mid
5784,Men,Middle,High
5785,Women,Young,Low
5786,Women,Older,Mid
5787,Women,Young,Low
5788,Women,Older,Mid
5789,Women,Middle,Low
5790,Women,Young,Low
5791,Women,Young,Low
5792,Men,Middle,Low
5793,Women,Older,Mid
5794,Women,Young,Mid
5795,Men,Middle,High
5796,Women,Older,Mid
5797,Women,Young,Mid
5798,Men,Middle,High
5799,Women,Middle,High
5800,Men,Middle,Mid
5801,Women,Older,High
5802,Women,Older,Low
5803,Men,Middle,Low
5804,Women,Older,High
5805,Women,Middle,Low
5806,Women,Young,Mid
5807,Women,Young,Low
5808,Women,Older,Low
5809,Women,Young,Low
5810,Women,Middle,Mid
5811,Women,Older,High
5812,Women,Older,Mid
5813,Men,Middle,Low
5814,Women,Middle,Mid
5815,Women,Older,High
5816,Women,Middle,Mid
5817,Men,Middle,Low
5818,Men,Middle,Mid
5819,Women,Older,Low
5820,Women,Middle,Low
5821,Women,Middle,Low
5822,Men,Middle,Mid
5823,Men,Middle,High
5824,Men,Middle,Low
5825,Women,Young,Low
5826,Women,Middle,High
5827,Women,Older,Mid
5828,Women,Young,Mid
5829,Men,Middle,Low
5830,Women,Young,Low
5831,Women,Older,High
5832,Women,Older,Low
5833,Women,Middle,Low
5834,Women,Middle,Mid
5835,Women,Young,Low
5836,Women,Older,High
5837,Women,Older,Mid
5838,Men,Middle,Low
5839,Men,Middle,High
5840,Women,Young,Mid
5841,Women,Middle,High
5842,Women,Young,Low
5843,Men,Middle,Mid
5844,Women,Older,Mid
5845,Women,Older,High
5846,Women,Older,Low
5847,Women,Older,Low
5848,Women,Middle,Low
5849,Women,Young,Mid
5850,Women,Middle,High
5851,Men,Middle,Mid
5852,Women,Middle,Mid
5853,Men,Middle,Low
5854,Women,Young,Mid
5855,Women,Young,Low
5856,Women,Middle,Low
5857,Women,Older,Mid
5858,Women,Young,Low
5859,Women,Older,High
5860,Women,Middle,Mid
5861,Women,Older,Mid
5862,Women,Older,Mid
5863,Men,Middle,Mid
5864,Men,Middle,High
5865,Women,Young,Low
5866,Men,Middle,High
5867,Women,Older,Mid
5868,Women,Young,Low
5869,Men,Middle,Low
5870,Men,Middle,High
5871,Women,Older,Mid
5872,Women,Older,Mid
5873,Men,Middle,Mid
5874,Women,Young,Mid
5875,Women,Older,Low
5876,Women,Young,Mid
5877,Women,Middle,Low
5878,Women,Middle,Low
5879,Women,Older,High
5880,Women,Young,Mid
5881,Women,Middle,Low
5882,Women,Young,Low
5883,Men,Middle,Mid
5884,Women,Middle,Mid
5885,Women,Older,Mid
5886,Women,Young,Low
5887,Women,Young,Low
5888,Women,Young,Low
5889,Women,Young,Low
5890,Women,Young,Low
5891,Men,Middle,High
5892,Women,Older,Mid
5893,Women,Older,High
5894,Men,Middle,Low
5895,Women,Older,Mid
5896,Women,Older,High
5897,Men,Middle,Mid
5898,Women,Young,Mid
5899,Women,Young,Mid
5900,Women,Older,Mid
5901,Men,Middle,Low
5902,Women,Young,Mid
5903,Women,Older,Mid
5904,Women,Older,High
5905,Men,Middle,Mid
5906,Men,Middle,Mid
5907,Women,Older,High
5908,Women,Middle,Mid
5909,Women,Young,Low
5910,Women,Older,Low
5911,Women,Young,Low
5912,Men,Middle,Mid
5913,Women,Older,Mid
5914,Women,Middle,Mid
5915,Women,Young,Low
5916,Men,Middle,Low
5917,Men,Middle,Mid
5918,Women,Older,Mid
5919,Women,Older,High
5920,Women,Young,Low
5921,Women,Young,Low
5922,Men,Middle,Low
5923,Women,Older,High
5924,Women,Middle,Low
5925,Women,Young,Low
5926,Women,Middle,High
5927,Women,Older,High
5928,Men,Middle,Low
5929,Women,Older,Mid
5930,Men,Middle,Mid
5931,Women,Middle,Mid
5932,Women,Older,High
5933,Women,Older,Low
5934,Women,Older,Mid
5935,Women,Older,Mid
5936,Men,Middle,Low
5937,Women,Older,Low
5938,Women,Older,High
5939,Women,Middle,Low
5940,Women,Young,Low
5941,Women,Older,High
5942,Women,Older,Low
5943,Women,Young,Low
5944,Women,Older,Mid
5945,Women,Older,Low
5946,Women,Older,Low
5947,Women,Middle,Low
5948,Women,Older,Mid
5949,Women,Middle,Low
5950,Women,Older,Mid
5951,Women,Older,Mid
5952,Women,Young,Low
5953,Women,Young,Low
5954,Women,Young,Low
5955,Women,Older,Low
5956,Women,Middle,Low
5957,Women,Older,Mid
5958,Women,Young,Low
5959,Women,Young,Mid
5960,Women,Older,Low
5961,Women,Middle,Low
5962,Women,Young,High
5963,Women,Middle,Low
5964,Men,Middle,Mid
5965,Women,Older,Low
5966,Women,Young,Low
5967,Women,Middle,Mid
5968,Women,Young,Mid
5969,Women,Older,High
5970,Women,Older,Low
5971,Women,Young,Low
5972,Men,Middle,Low
5973,Women,Middle,Mid
5974,Men,Middle,Mid
5975,Women,Older,Low
5976,Women,Older,High
5977,Women,Middle,Mid
5978,Women,Older,High
5979,Women,Middle,Mid
5980,Men,Middle,Mid
5981,Women,Middle,Low
5982,Women,Older,Low
5983,Women,Older,High
5984,Men,Middle,Mid
5985,Women,Older,Low
5986,Women,Older,High
5987,Women,Middle,Mid
5988,Men,Middle,Low
5989,Women,Middle,Mid
5990,Women,Older,Mid
5991,Women,Older,Low
5992,Women,Young,Low
5993,Women,Older,Mid
5994,Women,Young,High
5995,Women,Older,Low
5996,Women,Older,Low
5997,Women,Middle,High
5998,Men,Middle,Mid
5999,Women,Older,High
6000,Women,Older,Mid
6001,Women,Older,Mid
6002,Men,Middle,Low
6003,Men,Middle,Mid
6004,Men,Middle,Low
6005,Women,Older,Mid
6006,Men,Middle,Mid
6007,Women,Middle,Mid
6008,Women,Young,Mid
6009,Women,Older,Mid
6010,Women,Older,Low
6011,Women,Older,High
6012,Women,Older,Low
6013,Men,Middle,High
6014,Women,Older,High
6015,Women,Older,Mid
6016,Women,Older,Mid
6017,Women,Young,Low
6018,Men,Middle,Mid
6019,Women,Middle,Low
6020,Women,Older,Mid
6021,Men,Middle,High
6022,Men,Middle,Mid
6023,Women,Older,Mid
6024,Men,Middle,Low
6025,Women,Middle,High
6026,Women,Young,Mid
6027,Women,Young,Low
6028,Women,Young,Low
6029,Women,Older,Mid
6030,Women,Young,High
6031,Women,Older,Low
6032,Men,Middle,Mid
6033,Women,Young,Low
6034,Women,Older,Mid
6035,Women,Young,Low
6036,Men,Middle,High
6037,Women,Young,Low
6038,Women,Middle,Low
6039,Women,Older,High
6040,Women,Young,Low
6041,Women,Older,High
6042,Women,Young,Low
6043,Women,Young,Low
6044,Women,Young,High
6045,Women,Older,Low
6046,Women,Middle,Low
6047,Women,Middle,Low
6048,Men,Middle,High
6049,Men,Middle,High
6050,Women,Young,Low
6051,Women,Young,Low
6052,Women,Older,Low
6053,Women,Young,Low
6054,Women,Middle,High
6055,Women,Young,Low
6056,Women,Young,Low
6057,Men,Middle,Low
6058,Women,Young,Low
6059,Women,Older,Mid
6060,Women,Young,Low
6061,Women,Older,High
6062,Women,Young,Low
6063,Men,Middle,Mid
6064,Men,Middle,Low
6065,Women,Older,Low
6066,Men,Middle,Low
6067,Women,Older,Low
6068,Women,Middle,Low
6069,Men,Middle,Mid
6070,Women,Middle,Low
6071,Women,Older,Mid
6072,Women,Middle,Low
6073,Women,Older,High
6074,Women,Middle,Mid
6075,Women,Middle,Low
6076,Men,Middle,Low
6077,Women,Older,Mid
6078,Women,Older,Mid
6079,Women,Middle,Low
6080,Women,Middle,Mid
6081,Women,Older,Mid
6082,Women,Older,High
6083,Women,Middle,Mid
6084,Men,Middle,Mid
6085,Women,Young,Mid
6086,Women,Older,Mid
6087,Women,Young,Mid
6088,Men,Middle,Low
6089,Women,Older,Mid
6090,Women,Young,Mid
6091,Men,Middle,High
6092,Women,Older,Mid
6093,Women,Young,Low
6094,Women,Older,Mid
6095,Women,Young,High
6096,Men,Middle,Low
6097,Women,Older,Mid
6098,Women,Young,Mid
6099,Women,Young,Low
6100,Women,Middle,Mid
6101,Women,Older,Low
6102,Women,Young,Low
6103,Women,Young,High
6104,Men,Middle,Low
6105,Women,Young,Low
6106,Women,Young,Low
6107,Women,Older,Mid
6108,Women,Older,Mid
6109,Women,Older,High
6110,Women,Young,Mid
6111,Men,Middle,Low
6112,Women,Young,Low
6113,Women,Young,Low
6114,Women,Young,High
6115,Women,Older,Mid
6116,Women,Older,High
6117,Women,Older,Low
6118,Women,Middle,Low
6119,Women,Older,Mid
6120,Women,Older,Low
6121,Men,Middle,High
6122,Women,Middle,Low
6123,Women,Older,High
6124,Women,Young,Low
6125,Women,Older,Low
6126,Women,Young,High
6127,Women,Older,Mid
6128,Women,Older,Mid
6129,Women,Older,Low
6130,Women,Older,Mid
6131,Women,Older,Mid
6132,Women,Older,Low
6133,Men,Middle,High
6134,Men,Middle,Low
6135,Women,Young,Low
6136,Women,Older,Mid
6137,Women,Young,Mid
6138,Men,Middle,Mid
6139,Men,Middle,Mid
6140,Women,Older,Mid
6141,Women,Young,Mid
6142,Women,Older,Low
6143,Women,Young,Mid
6144,Women,Young,Low
6145,Women,Middle,Low
6146,Women,Older,High
6147,Women,Older,High
6148,Women,Young,Low
6149,Women,Older,Mid
6150,Women,Older,Mid
6151,Women,Older,Mid
6152,Women,Middle,Mid
6153,Women,Young,Low
6154,Women,Older,Mid
6155,Women,Young,Mid
6156,Women,Older,High
6157,Women,Middle,Mid
6158,Men,Middle,Low
6159,Men,Middle,Low
6160,Women,Older,Mid
6161,Women,Young,Low
6162,Women,Older,High
6163,Women,Young,High
6164,Women,Young,Mid
6165,Women,Middle,High
6166,Women,Older,Mid
6167,Women,Young,Mid
6168,Women,Older,High
6169,Women,Older,Low
6170,Women,Young,Low
6171,Women,Older,High
6172,Women,Young,High
6173,Women,Young,Low
6174,Women,Young,Mid
6175,Women,Young,Low
6176,Women,Middle,Low
6177,Women,Young,Mid
6178,Women,Young,Mid
6179,Women,Middle,Mid
6180,Women,Middle,Low
6181,Women,Older,Low
6182,Women,Older,High
6183,Women,Middle,Mid
6184,Women,Older,High
6185,Men,Middle,High
6186,Women,Middle,Low
6187,Women,Older,Low
6188,Women,Young,Mid
6189,Women,Young,Mid
6190,Women,Middle,Low
6191,Men,Middle,Mid
6192,Women,Young,Mid
6193,Women,Older,Mid
6194,Women,Middle,Mid
6195,Women,Young,High
6196,Women,Middle,Mid
6197,Women,Older,Low
6198,Women,Older,Low
6199,Women,Young,Mid
6200,Women,Young,Low
6201,Women,Older,Low
6202,Women,Older,Mid
6203,Women,Older,High
6204,Women,Young,Mid
6205,Women,Older,Low
6206,Women,Young,Mid
6207,Women,Older,Mid
6208,Men,Middle,High
6209,Men,Middle,Mid
6210,Women,Older,Mid
6211,Women,Young,Mid
6212,Men,Middle,Low
6213,Women,Older,Low
6214,Women,Young,Mid
6215,Women,Older,Mid
6216,Women,Middle,Low
6217,Women,Middle,Low
6218,Women,Older,High
6219,Women,Young,Low
6220,Women,Older,Mid
6221,Women,Middle,Low
6222,Women,Older,Low
6223,Women,Middle,Mid
6224,Women,Older,Low
6225,Men,Middle,Low
6226,Women,Older,Low
6227,Men,Middle,Mid
6228,Women,Middle,Low
6229,Women,Young,Low
6230,Women,Middle,Low
6231,Women,Older,High
6232,Women,Young,Low
6233,Women,Older,High
6234,Women,Young,Low
6235,Women,Older,Low
6236,Women,Older,Mid
6237,Women,Middle,Low
6238,Women,Middle,Low
6239,Women,Older,Mid
6240,Women,Young,Mid
6241,Women,Middle,High
6242,Women,Older,Mid
6243,Women,Older,Low
6244,Women,Young,Low
6245,Women,Older,Low
6246,Women,Young,Low
6247,Women,Older,Mid
6248,Women,Young,Low
6249,Women,Young,Mid
6250,Women,Older,Mid
6251,Women,Older,Mid
6252,Women,Older,Mid
6253,Women,Middle,Mid
6254,Men,Middle,High
6255,Women,Older,Mid
6256,Women,Older,High
6257,Men,Middle,High
6258,Women,Older,Mid
6259,Men,Middle,High
6260,Men,Middle,High
6261,Women,Older,High
6262,Women,Older,Mid
6263,Men,Middle,Low
6264,Women,Young,Low
6265,Women,Young,Low
6266,Women,Young,Low
6267,Women,Middle,Mid
6268,Women,Young,Mid
6269,Women,Older,Low
6270,Women,Older,Mid
6271,Men,Middle,Mid
6272,Women,Older,Low
6273,Women,Young,Low
6274,Women,Older,Mid
6275,Women,Older,High
6276,Women,Older,High
6277,Men,Middle,Low
6278,Women,Young,Low
6279,Men,Middle,Low
6280,Women,Young,Mid
6281,Women,Older,Mid
6282,Women,Middle,Mid
6283,Women,Older,Low
6284,Women,Older,Mid
6285,Women,Middle,Mid
6286,Women,Middle,Low
6287,Women,Older,High
6288,Women,Middle,Mid
6289,Men,Middle,Low
6290,Women,Older,Mid
6291,Women,Older,High
6292,Women,Middle,High
6293,Men,Middle,High
6294,Women,Middle,Mid
6295,Women,Young,Mid
6296,Women,Older,High
6297,Women,Older,Low
6298,Women,Middle,Mid
6299,Women,Young,Low
6300,Women,Young,Mid
6301,Men,Middle,High
6302,Men,Middle,Mid
6303,Women,Young,Mid
6304,Women,Middle,Mid
6305,Women,Middle,Low
6306,Women,Young,High
6307,Women,Older,Low
6308,Women,Young,Low
6309,Women,Young,Low
6310,Women,Middle,Mid
6311,Women,Older,Mid
6312,Women,Older,Low
6313,Women,Young,High
6314,Women,Middle,Low
6315,Women,Young,Mid
6316,Women,Young,Low
6317,Women,Middle,Low
6318,Women,Young,Mid
6319,Women,Older,Mid
6320,Women,Older,Mid
6321,Women,Young,Low
6322,Women,Young,Mid
6323,Women,Young,Low
6324,Women,Young,High
6325,Women,Older,Mid
6326,Women,Middle,Low
6327,Men,Middle,Low
6328,Women,Young,Mid
6329,Men,Middle,Mid
6330,Women,Young,Mid
6331,Women,Young,Mid
6332,Women,Young,Low
6333,Women,Young,Low
6334,Women,Middle,Mid
6335,Women,Middle,Low
6336,Men,Middle,Low
6337,Women,Older,High
6338,Men,Middle,Low
6339,Women,Older,Low
6340,Women,Young,Low
6341,Men,Middle,Low
6342,Women,Young,High
6343,Women,Young,Low
6344,Women,Middle,Mid
6345,Women,Older,High
6346,Women,Older,Mid
6347,Women,Young,Low
6348,Women,Young,Mid
6349,Men,Middle,Low
6350,Men,Middle,Mid
6351,Women,Young,Mid
6352,Women,Older,Mid
6353,Men,Middle,Low
6354,Women,Young,Low
6355,Women,Older,High
6356,Women,Older,Mid
6357,Women,Young,Low
6358,Women,Older,Mid
6359,Women,Young,Low
6360,Women,Young,High
6361,Women,Older,Mid
6362,Men,Middle,Mid
6363,Women,Young,Low
6364,Women,Older,Low
6365,Men,Middle,Low
6366,Women,Older,Mid
6367,Men,Middle,Low
6368,Women,Older,Mid
6369,Women,Young,High
6370,Men,Middle,High
6371,Women,Older,Mid
6372,Men,Middle,Mid
6373,Women,Middle,Low
6374,Women,Older,Mid
6375,Women,Young,High
6376,Women,Young,High
6377,Women,Older,Mid
6378,Women,Young,Low
6379,Women,Young,High
6380,Women,Older,Low
6381,Women,Young,High
6382,Women,Older,Low
6383,Women,Young,High
6384,Women,Young,Low
6385,Men,Middle,Low
6386,Women,Middle,Mid
6387,Women,Middle,Low
6388,Women,Young,Low
6389,Women,Young,Low
6390,Women,Older,Low
6391,Women,Middle,Low
6392,Women,Young,Mid
6393,Women,Older,Low
6394,Women,Older,Mid
6395,Women,Young,Mid
6396,Women,Young,High
6397,Men,Middle,Low
6398,Women,Middle,Low
6399,Women,Young,Mid
6400,Women,Middle,Low
6401,Women,Young,High
6402,Women,Middle,High
6403,Women,Older,Low
6404,Women,Young,Mid
6405,Women,Young,Low
6406,Women,Young,Mid
6407,Men,Middle,Low
6408,Women,Older,High
6409,Women,Older,High
6410,Women,Young,Mid
6411,Women,Older,High
6412,Women,Middle,Mid
6413,Men,Middle,High
6414,Women,Older,Mid
6415,Women,Young,Mid
6416,Men,Middle,Low
6417,Women,Older,Low
6418,Women,Middle,Low
6419,Women,Older,Mid
6420,Men,Middle,Mid
6421,Women,Older,High
6422,Women,Older,Mid
6423,Women,Middle,Mid
6424,Men,Middle,Low
6425,Women,Young,Low
6426,Men,Middle,Low
6427,Women,Young,Low
6428,Women,Young,Mid
6429,Women,Middle,Low
6430,Women,Middle,Low
6431,Women,Young,High
6432,Women,Older,Low
6433,Men,Middle,Low
6434,Women,Young,Mid
6435,Women,Middle,Low
6436,Women,Middle,Low
6437,Women,Middle,High
6438,Women,Older,Mid
6439,Women,Young,Low
6440,Women,Older,Mid
6441,Women,Older,Low
6442,Women,Older,Low
6443,Women,Middle,Low
6444,Men,Middle,Low
6445,Women,Older,Low
6446,Women,Young,Low
6447,Men,Middle,Mid
6448,Men,Middle,Low
6449,Women,Middle,Low
6450,Men,Middle,Low
6451,Women,Older,High
6452,Women,Older,Mid
6453,Women,Young,Mid
6454,Men,Middle,Low
6455,Women,Older,Low
6456,Women,Young,High
6457,Women,Older,Mid
6458,Women,Middle,Low
6459,Women,Middle,Low
6460,Women,Middle,Low
6461,Women,Older,High
6462,Men,Middle,Mid
6463,Women,Middle,High
6464,Women,Middle,Low
6465,Women,Young,Low
6466,Men,Middle,Low
6467,Women,Young,Low
6468,Men,Middle,Low
6469,Women,Older,Mid
6470,Women,Young,Low
6471,Women,Older,Mid
6472,Women,Older,Mid
6473,Women,Older,High
6474,Women,Middle,Low
6475,Women,Middle,Low
6476,Women,Older,Mid
6477,Women,Older,Mid
6478,Women,Middle,Low
6479,Women,Older,High
6480,Women,Older,Low
6481,Women,Older,Low
6482,Men,Middle,Mid
6483,Women,Young,High
6484,Women,Older,High
6485,Women,Older,Mid
6486,Women,Young,Low
6487,Women,Young,Low
6488,Women,Middle,Mid
6489,Women,Young,Mid
6490,Men,Middle,Low
6491,Women,Young,Mid
6492,Women,Older,Low
6493,Women,Older,Mid
6494,Men,Middle,Mid
6495,Women,Older,Mid
6496,Women,Middle,Low
6497,Women,Young,Mid
6498,Women,Young,Low
6499,Women,Middle,High
6500,Women,Older,High
6501,Women,Older,Low
6502,Women,Older,Mid
6503,Women,Middle,Low
6504,Women,Older,High
6505,Men,Middle,Low
6506,Women,Older,Low
6507,Women,Young,Mid
6508,Women,Young,Mid
6509,Men,Middle,Low
6510,Women,Middle,Mid
6511,Men,Middle,Low
6512,Women,Young,Low
6513,Women,Young,Low
6514,Men,Middle,Low
6515,Men,Middle,Low
6516,Men,Middle,High
6517,Women,Older,Low
6518,Men,Middle,Mid
6519,Men,Middle,High
6520,Women,Young,High
6521,Women,Young,Mid
6522,Women,Middle,Low
6523,Women,Young,Mid
6524,Women,Middle,Low
6525,Men,Middle,Low
6526,Women,Young,Low
6527,Men,Middle,Mid
6528,Women,Older,High
6529,Women,Older,Mid
6530,Men,Middle,Low
6531,Women,Young,High
6532,Women,Older,Mid
6533,Women,Young,Low
6534,Women,Middle,High
6535,Women,Older,Low
6536,Women,Young,Low
6537,Women,Young,Mid
6538,Women,Young,Low
6539,Women,Young,High
6540,Women,Older,Mid
6541,Women,Older,Mid
6542,Women,Young,Low
6543,Women,Young,High
6544,Women,Older,Low
6545,Women,Middle,High
6546,Women,Middle,Low
6547,Women,Young,Mid
6548,Women,Older,Low
6549,Women,Middle,Low
6550,Women,Older,Low
6551,Women,Older,High
6552,Women,Young,Mid
6553,Women,Young,Low
6554,Women,Middle,Mid
6555,Women,Young,Mid
6556,Men,Middle,Low
6557,Women,Middle,Low
6558,Women,Middle,Low
6559,Women,Middle,High
6560,Women,Young,Low
6561,Women,Older,High
6562,Women,Young,Mid
6563,Men,Middle,Mid
6564,Women,Older,Mid
6565,Women,Middle,Low
6566,Men,Middle,Mid
6567,Women,Middle,Mid
6568,Women,Middle,High
6569,Men,Middle,High
6570,Women,Middle,Low
6571,Women,Older,Mid
6572,Women,Older,Mid
6573,Women,Older,Low
6574,Women,Young,Mid
6575,Women,Young,Low
6576,Women,Young,Low
6577,Women,Young,Mid
6578,Women,Young,Low
6579,Women,Young,Low
6580,Women,Young,Low
6581,Women,Older,High
6582,Men,Middle,High
6583,Men,Middle,Mid
6584,Women,Older,Mid
6585,Women,Older,Mid
6586,Women,Young,Mid
6587,Women,Older,Mid
6588,Women,Older,Mid
6589,Men,Middle,High
6590,Women,Young,Low
6591,Women,Older,Mid
6592,Women,Older,High
6593,Men,Middle,Low
6594,Women,Older,High
6595,Women,Older,Mid
6596,Women,Middle,Low
6597,Women,Older,Low
6598,Men,Middle,Low
6599,Women,Older,Mid
6600,Women,Middle,Low
6601,Women,Young,Mid
6602,Women,Young,Low
6603,Women,Middle,Low
6604,Women,Young,Low
6605,Men,Middle,Low
6606,Women,Older,Mid
6607,Women,Older,Low
6608,Women,Older,Mid
6609,Women,Middle,Low
6610,Women,Middle,Low
6611,Women,Middle,Mid
6612,Men,Middle,Low
6613,Women,Older,High
6614,Women,Young,Low
6615,Men,Middle,Mid
6616,Men,Middle,High
6617,Women,Older,High
6618,Men,Middle,Mid
6619,Women,Young,Low
6620,Women,Older,High
6621,Women,Middle,High
6622,Women,Older,Mid
6623,Women,Middle,Mid
6624,Women,Older,Mid
6625,Women,Older,Mid
6626,Men,Middle,Mid
6627,Women,Older,Mid
6628,Women,Young,Low
6629,Women,Older,Mid
6630,Women,Older,Mid
6631,Men,Middle,Low
6632,Women,Older,Mid
6633,Women,Older,Low
6634,Women,Older,Low
6635,Women,Older,Low
6636,Women,Older,Low
6637,Women,Older,Mid
6638,Women,Older,Mid
6639,Women,Older,Mid
6640,Women,Older,Mid
6641,Women,Young,Low
6642,Women,Young,Mid
6643,Women,Older,High
6644,Women,Older,Low
6645,Women,Older,Low
6646,Women,Older,Low
6647,Women,Young,Mid
6648,Men,Middle,Low
6649,Women,Young,High
6650,Women,Young,Low
6651,Men,Middle,Mid
6652,Women,Young,Low
6653,Women,Young,Low
6654,Women,Young,Low
6655,Women,Middle,Low
6656,Women,Middle,Low
6657,Women,Young,High
6658,Women,Older,Mid
6659,Women,Young,Mid
6660,Women,Young,Low
6661,Women,Older,Mid
6662,Men,Middle,Mid
6663,Women,Middle,Low
6664,Women,Young,Low
6665,Women,Young,Low
6666,Women,Middle,Low
6667,Women,Older,Low
6668,Women,Young,Mid
6669,Women,Young,High
6670,Men,Middle,Low
6671,Women,Middle,Mid
6672,Women,Young,Low
6673,Men,Middle,Low
6674,Women,Older,Low
6675,Women,Young,High
6676,Men,Middle,Mid
6677,Women,Middle,Low
6678,Women,Young,High
6679,Women,Young,Low
6680,Women,Young,High
6681,Women,Young,Mid
6682,Women,Older,Mid
6683,Men,Middle,High
6684,Women,Middle,Mid
6685,Women,Young,Mid
6686,Women,Middle,Low
6687,Women,Middle,Low
6688,Women,Older,High
6689,Women,Young,Low
6690,Men,Middle,Low
6691,Women,Young,Low
6692,Women,Older,Mid
6693,Women,Young,Low
6694,Women,Middle,Low
6695,Women,Older,Mid
6696,Women,Young,Low
6697,Women,Older,High
6698,Women,Older,High
6699,Women,Older,Mid
6700,Women,Older,High
6701,Women,Older,Mid
6702,Women,Young,Low
6703,Women,Young,Mid
6704,Men,Middle,Low
6705,Women,Young,Low
6706,Women,Young,Low
6707,Women,Young,Low
6708,Women,Middle,Mid
6709,Women,Young,High
6710,Women,Older,Mid
6711,Women,Older,High
6712,Men,Middle,Mid
6713,Women,Older,Mid
6714,Women,Older,Low
6715,Men,Middle,Low
6716,Women,Middle,High
6717,Women,Older,Low
6718,Women,Young,High
6719,Women,Young,Low
6720,Women,Older,Mid
6721,Women,Older,Mid
6722,Women,Young,Mid
6723,Women,Older,Low
6724,Men,Middle,Mid
6725,Women,Middle,Mid
6726,Women,Older,Mid
6727,Women,Older,High
6728,Men,Middle,Low
6729,Women,Middle,Mid
6730,Women,Middle,Low
6731,Women,Young,Low
6732,Men,Middle,Low
6733,Men,Middle,Low
6734,Women,Older,Low
6735,Women,Older,Mid
6736,Women,Middle,Low
6737,Women,Young,Low
6738,Men,Middle,Low
6739,Women,Young,Mid
6740,Women,Young,Mid
6741,Women,Young,Low
6742,Women,Young,High
6743,Women,Young,Low
6744,Women,Young,Mid
6745,Women,Older,High
6746,Women,Young,Mid
6747,Men,Middle,Mid
6748,Men,Middle,Mid
6749,Women,Older,Mid
6750,Women,Young,Low
6751,Women,Older,High
6752,Women,Middle,Mid
6753,Women,Young,Mid
6754,Women,Older,Mid
6755,Women,Middle,Mid
6756,Men,Middle,Low
6757,Men,Middle,High
6758,Men,Middle,Mid
6759,Women,Older,Low
6760,Women,Middle,Mid
6761,Women,Young,Low
6762,Women,Young,Low
6763,Women,Older,High
6764,Women,Middle,High
6765,Women,Older,Low
6766,Women,Young,Low
6767,Women,Middle,Mid
6768,Women,Older,Low
6769,Women,Middle,Low
6770,Women,Young,Low
6771,Women,Middle,Mid
6772,Women,Young,Low
6773,Women,Young,High
6774,Women,Young,Mid
6775,Men,Middle,Low
6776,Women,Older,Low
6777,Women,Older,Mid
6778,Women,Young,Low
6779,Women,Older,Low
6780,Women,Young,Low
6781,Women,Young,Low
6782,Women,Older,Mid
6783,Women,Middle,Low
6784,Women,Older,Mid
6785,Women,Young,High
6786,Women,Young,High
6787,Women,Young,Low
6788,Men,Middle,Mid
6789,Women,Middle,High
6790,Women,Middle,Mid
6791,Women,Young,Mid
6792,Women,Middle,Low
6793,Women,Young,High
6794,Women,Older,Low
6795,Women,Middle,High
6796,Women,Older,High
6797,Women,Older,Mid
6798,Women,Young,Low
6799,Women,Young,Low
6800,Men,Middle,Mid
6801,Women,Older,Mid
6802,Women,Older,Mid
6803,Women,Young,Low
6804,Women,Older,Low
6805,Women,Young,Mid
6806,Women,Older,Low
6807,Women,Older,Mid
6808,Women,Young,Mid
6809,Women,Older,Low
6810,Men,Middle,Mid
6811,Women,Young,Low
6812,Women,Young,Low
6813,Women,Middle,High
6814,Women,Middle,Low
6815,Women,Middle,Mid
6816,Men,Middle,Low
6817,Women,Older,High
6818,Men,Middle,High
6819,Women,Middle,Mid
6820,Women,Older,Low
6821,Women,Older,Low
6822,Women,Older,High
6823,Women,Young,Low
6824,Women,Older,Low
6825,Women,Young,High
6826,Women,Young,High
6827,Women,Young,Low
6828,Women,Young,Low
6829,Women,Older,Mid
6830,Women,Older,Mid
6831,Men,Middle,Mid
6832,Women,Older,Low
6833,Women,Young,Low
6834,Women,Young,Mid
6835,Women,Young,Low
6836,Women,Older,Low
6837,Men,Middle,Low
6838,Women,Older,Mid
6839,Women,Older,High
6840,Women,Young,Low
6841,Women,Young,Low
6842,Women,Older,Mid
6843,Women,Middle,Mid
6844,Women,Young,High
6845,Women,Older,High
6846,Women,Older,Mid
6847,Women,Older,Low
6848,Women,Middle,Low
6849,Women,Older,Mid
6850,Women,Young,Mid
6851,Women,Older,Mid
6852,Women,Older,Mid
6853,Women,Older,Low
6854,Women,Young,Mid
6855,Women,Older,High
6856,Women,Middle,Low
6857,Women,Young,Mid
6858,Women,Young,Low
6859,Women,Older,Low
6860,Women,Middle,Mid
6861,Women,Older,High
6862,Women,Young,Mid
6863,Women,Young,Mid
6864,Men,Middle,Low
6865,Women,Older,High
6866,Women,Older,Mid
6867,Men,Middle,Mid
6868,Women,Young,Low
6869,Women,Young,Mid
6870,Women,Older,Mid
6871,Women,Middle,High
6872,Women,Older,Mid
6873,Women,Older,Mid
6874,Women,Older,Mid
6875,Women,Older,Mid
6876,Women,Older,Mid
6877,Women,Older,Mid
6878,Women,Older,Low
6879,Women,Young,Mid
6880,Women,Young,High
6881,Women,Middle,Low
6882,Men,Middle,High
6883,Women,Older,Mid
6884,Women,Young,Low
6885,Women,Older,Low
6886,Women,Young,Low
6887,Women,Older,High
6888,Women,Young,Low
6889,Women,Older,Mid
6890,Women,Young,Low
6891,Women,Young,High
6892,Women,Middle,Mid
6893,Women,Older,High
6894,Women,Older,Low
6895,Women,Young,Low
6896,Women,Young,Low
6897,Men,Middle,Mid
6898,Men,Middle,Low
6899,Men,Middle,Low
6900,Women,Middle,Mid
6901,Women,Young,Low
6902,Women,Older,High
6903,Women,Young,Low
6904,Women,Older,Mid
6905,Women,Older,Low
6906,Women,Young,Low
6907,Women,Older,Mid
6908,Women,Older,Mid
6909,Men,Middle,Low
6910,Women,Middle,High
6911,Women,Young,Low
6912,Men,Middle,High
6913,Women,Young,High
6914,Women,Older,Mid
6915,Women,Older,Low
6916,Men,Middle,Mid
6917,Women,Older,Mid
6918,Women,Young,Mid
6919,Women,Young,Low
6920,Women,Middle,Low
6921,Women,Middle,Mid
6922,Women,Young,Low
6923,Women,Older,Low
6924,Women,Older,Mid
6925,Women,Older,Low
6926,Women,Older,Mid
6927,Women,Middle,High
6928,Women,Older,High
6929,Women,Older,High
6930,Men,Middle,Mid
6931,Women,Young,Mid
6932,Men,Middle,Low
6933,Women,Older,Low
6934,Women,Older,Low
6935,Women,Older,Mid
6936,Women,Older,Low
6937,Men,Middle,Low
6938,Women,Middle,High
6939,Women,Older,Low
6940,Women,Middle,Low
6941,Women,Middle,Mid
6942,Women,Older,Mid
6943,Women,Young,Low
6944,Women,Middle,Mid
6945,Women,Older,Mid
6946,Women,Older,Low
6947,Men,Middle,Mid
6948,Women,Older,Mid
6949,Women,Young,Low
6950,Women,Older,Mid
6951,Women,Young,Low
6952,Women,Young,Mid
6953,Women,Middle,Mid
6954,Women,Older,Mid
6955,Women,Older,Mid
6956,Women,Middle,Mid
6957,Women,Middle,Mid
6958,Women,Middle,Low
6959,Women,Young,Mid
6960,Women,Older,Mid
6961,Women,Young,Mid
6962,Women,Young,Low
6963,Women,Older,Low
6964,Men,Middle,Low
6965,Women,Young,Low
6966,Women,Older,Mid
6967,Women,Young,Low
6968,Women,Older,Low
6969,Women,Young,High
6970,Women,Young,High
6971,Women,Older,Mid
6972,Men,Middle,Low
6973,Men,Middle,Mid
6974,Women,Middle,High
6975,Women,Older,Low
6976,Women,Older,Mid
6977,Women,Middle,Mid
6978,Women,Young,High
6979,Women,Older,Low
6980,Women,Young,High
6981,Men,Middle,Low
6982,Women,Middle,Mid
6983,Men,Middle,Low
6984,Men,Middle,Low
6985,Women,Older,Mid
6986,Women,Older,Low
6987,Women,Young,Mid
6988,Women,Older,High
6989,Women,Middle,Low
6990,Men,Middle,High
6991,Women,Young,Low
6992,Women,Young,Low
6993,Men,Middle,Low
6994,Women,Older,Low
6995,Men,Middle,Low
6996,Women,Middle,High
6997,Women,Middle,Low
6998,Women,Older,Mid
6999,Women,Young,Low
7000,Women,Older,Mid
7001,Women,Older,High
7002,Men,Middle,Mid
7003,Women,Older,Low
7004,Men,Middle,High
7005,Women,Middle,High
7006,Women,Older,Mid
7007,Women,Middle,Mid
7008,Women,Middle,Low
7009,Women,Young,Low
7010,Women,Middle,Low
7011,Women,Older,Low
7012,Men,Middle,High
7013,Women,Young,Mid
7014,Women,Older,High
7015,Men,Middle,Mid
7016,Women,Middle,Low
7017,Women,Middle,Mid
7018,Men,Middle,High
7019,Women,Middle,Low
7020,Women,Young,Mid
7021,Women,Young,Low
7022,Men,Middle,Low
7023,Women,Young,High
7024,Women,Young,Mid
7025,Men,Middle,Low
7026,Women,Young,Low
7027,Women,Middle,High
7028,Women,Young,Low
7029,Women,Young,Low
7030,Women,Young,High
7031,Women,Older,Low
7032,Women,Young,Low
7033,Women,Older,High
7034,Women,Young,High
7035,Women,Middle,Low
7036,Women,Older,High
7037,Women,Young,Mid
7038,Women,Middle,High
7039,Men,Middle,Low
7040,Women,Older,High
7041,Women,Older,Mid
7042,Women,Middle,Low
7043,Women,Young,High
7044,Women,Older,Mid
7045,Women,Young,Low
7046,Women,Young,Low
7047,Women,Young,Low
7048,Women,Older,Low
7049,Women,Young,Low
7050,Women,Young,Low
7051,Women,Older,High
7052,Women,Young,Mid
7053,Women,Older,Low
7054,Women,Older,Low
7055,Women,Young,Mid
7056,Women,Young,Mid
7057,Women,Older,Low
7058,Women,Older,Low
7059,Women,Young,Low
7060,Women,Older,Low
7061,Women,Older,High
7062,Women,Older,Low
7063,Women,Older,Mid
7064,Men,Middle,Mid
7065,Women,Middle,Mid
7066,Women,Older,Low
7067,Women,Older,Mid
7068,Women,Young,Mid
7069,Men,Middle,Mid
7070,Women,Older,Low
7071,Men,Middle,Mid
7072,Women,Middle,Mid
7073,Women,Older,High
7074,Women,Older,Low
7075,Women,Older,High
7076,Women,Young,Low
7077,Women,Older,Mid
7078,Women,Young,High
7079,Women,Older,Low
7080,Women,Young,High
7081,Women,Middle,Mid
7082,Women,Young,Low
7083,Men,Middle,High
7084,Women,Older,Mid
7085,Women,Older,Mid
7086,Women,Young,Low
7087,Women,Young,Mid
7088,Women,Older,Mid
7089,Women,Middle,Low
7090,Women,Older,High
7091,Women,Middle,Low
7092,Women,Young,High
7093,Women,Young,Low
7094,Women,Young,Low
7095,Women,Young,Low
7096,Women,Young,Mid
7097,Men,Middle,High
7098,Women,Young,Mid
7099,Men,Middle,High
7100,Women,Older,Low
7101,Women,Older,High
7102,Women,Older,Mid
7103,Men,Middle,Low
7104,Men,Middle,Mid
7105,Men,Middle,Mid
7106,Women,Young,Low
7107,Women,Older,Mid
7108,Men,Middle,Low
7109,Women,Young,Mid
7110,Men,Middle,High
7111,Women,Young,Low
7112,Women,Young,Low
7113,Women,Older,Mid
7114,Women,Older,Mid
7115,Women,Older,High
7116,Women,Older,Mid
7117,Women,Older,Mid
7118,Women,Older,Low
7119,Men,Middle,High
7120,Men,Middle,High
7121,Women,Young,Mid
7122,Women,Older,High
7123,Women,Older,Low
7124,Men,Middle,Low
7125,Women,Middle,High
7126,Women,Young,Mid
7127,Women,Young,High
7128,Women,Older,Low
7129,Women,Older,Low
7130,Men,Middle,Mid
7131,Women,Young,Low
7132,Women,Middle,Mid
7133,Women,Older,Mid
7134,Women,Older,Mid
7135,Women,Young,Low
7136,Women,Young,Low
7137,Women,Older,High
7138,Women,Young,Mid
7139,Women,Older,Mid
7140,Women,Older,Low
7141,Men,Middle,Low
7142,Women,Older,Low
7143,Women,Middle,Low
7144,Women,Young,Low
7145,Women,Young,Low
7146,Men,Middle,Low
7147,Women,Older,Mid
7148,Women,Middle,Mid
7149,Women,Older,Low
7150,Women,Older,Mid
7151,Women,Older,High
7152,Men,Middle,Mid
7153,Women,Older,Mid
7154,Women,Middle,Mid
7155,Women,Older,Mid
7156,Women,Young,High
7157,Women,Young,Mid
7158,Women,Older,Low
7159,Women,Young,High
7160,Women,Young,Low
7161,Women,Middle,Mid
7162,Women,Middle,Mid
7163,Women,Young,Low
7164,Men,Middle,Mid
7165,Women,Older,Low
7166,Women,Middle,Mid
7167,Women,Older,Mid
7168,Women,Older,High
7169,Women,Older,Mid
7170,Women,Middle,High
7171,Women,Young,Low
7172,Women,Young,Mid
7173,Women,Older,High
7174,Men,Middle,Low
7175,Women,Middle,High
7176,Men,Middle,Mid
7177,Women,Young,Low
7178,Women,Middle,High
7179,Women,Older,High
7180,Women,Older,Low
7181,Women,Older,Mid
7182,Women,Older,Low
7183,Women,Young,Low
7184,Women,Young,High
7185,Men,Middle,Mid
7186,Women,Older,Mid
7187,Women,Older,Mid
7188,Women,Middle,Low
7189,Men,Middle,Mid
7190,Women,Young,Mid
7191,Women,Middle,Mid
7192,Women,Older,Low
7193,Women,Middle,Low
7194,Men,Middle,High
7195,Women,Middle,Mid
7196,Women,Middle,Low
7197,Men,Middle,Mid
7198,Men,Middle,Low
7199,Women,Young,Mid
7200,Women,Middle,High
7201,Women,Middle,High
7202,Women,Older,High
7203,Women,Older,Mid
7204,Women,Older,Mid
7205,Women,Middle,Low
7206,Women,Older,Mid
7207,Women,Young,Mid
7208,Men,Middle,High
7209,Men,Middle,Low
7210,Men,Middle,Low
7211,Women,Young,Mid
7212,Women,Young,Mid
7213,Men,Middle,Low
7214,Women,Young,Low
7215,Women,Young,Mid
7216,Women,Older,Low
7217,Women,Young,High
7218,Women,Older,High
7219,Women,Young,High
7220,Women,Young,Mid
7221,Men,Middle,Low
7222,Women,Young,Low
7223,Women,Older,Mid
7224,Women,Young,High
7225,Men,Middle,Mid
7226,Women,Older,Low
7227,Women,Middle,High
7228,Women,Young,Low
7229,Women,Middle,Mid
7230,Women,Young,Mid
7231,Women,Young,Low
7232,Women,Young,Low
7233,Women,Middle,Mid
7234,Men,Middle,Mid
7235,Women,Middle,High
7236,Women,Older,High
7237,Women,Young,High
7238,Women,Young,Low
7239,Men,Middle,High
7240,Women,Older,Mid
7241,Women,Older,Mid
7242,Men,Middle,Mid
7243,Women,Middle,Mid
7244,Women,Older,High
7245,Women,Older,Mid
7246,Women,Older,Mid
7247,Men,Middle,Low
7248,Women,Older,Mid
7249,Women,Older,Mid
7250,Women,Young,Low
7251,Women,Older,Low
7252,Women,Middle,Low
7253,Women,Middle,High
7254,Women,Young,Mid
7255,Women,Middle,Low
7256,Women,Middle,High
7257,Women,Young,High
7258,Women,Older,Mid
7259,Men,Middle,Low
7260,Women,Young,Low
7261,Women,Older,Low
7262,Women,Young,Low
7263,Women,Young,Low
7264,Women,Young,Low
7265,Women,Young,Low
7266,Women,Older,Low
7267,Men,Middle,Low
7268,Women,Middle,Low
7269,Women,Middle,Mid
7270,Women,Middle,High
7271,Women,Middle,Mid
7272,Men,Middle,Low
7273,Women,Middle,Low
7274,Women,Older,Low
7275,Women,Young,Low
7276,Women,Older,Mid
7277,Women,Middle,High
7278,Men,Middle,Low
7279,Women,Older,Low
7280,Women,Older,Mid
7281,Women,Middle,Mid
7282,Women,Older,Mid
7283,Women,Middle,Low
7284,Women,Older,Mid
7285,Women,Middle,Mid
7286,Men,Middle,Low
7287,Women,Older,Mid
7288,Women,Older,Low
7289,Women,Middle,Low
7290,Women,Older,Low
7291,Women,Older,High
7292,Men,Middle,Low
7293,Women,Older,Mid
7294,Women,Middle,Low
7295,Women,Older,Mid
7296,Women,Older,High
7297,Men,Middle,Low
7298,Women,Older,Mid
7299,Women,Young,Low
7300,Women,Middle,Low
7301,Women,Older,Mid
7302,Women,Middle,Mid
7303,Women,Middle,Low
7304,Women,Young,Low
7305,Women,Middle,Low
7306,Men,Middle,Low
7307,Women,Young,Low
7308,Men,Middle,Low
7309,Women,Older,Low
7310,Women,Older,Mid
7311,Women,Older,Mid
7312,Men,Middle,Mid
7313,Women,Older,High
7314,Women,Older,Low
7315,Women,Young,Low
7316,Women,Young,Low
7317,Women,Older,Low
7318,Women,Young,Low
7319,Women,Older,High
7320,Women,Middle,High
7321,Women,Middle,High
7322,Women,Older,Low
7323,Women,Young,High
7324,Women,Older,Low
7325,Women,Young,Mid
7326,Women,Middle,Low
7327,Women,Older,Mid
7328,Women,Young,Low
7329,Women,Middle,Mid
7330,Men,Middle,Low
7331,Women,Older,Mid
7332,Women,Middle,Low
7333,Women,Middle,High
7334,Women,Older,Low
7335,Women,Young,Mid
7336,Women,Young,Low
7337,Women,Middle,Low
7338,Women,Older,Low
7339,Men,Middle,High
7340,Women,Older,Mid
7341,Women,Middle,Mid
7342,Men,Middle,Mid
7343,Men,Middle,High
7344,Women,Older,Mid
7345,Women,Older,Low
7346,Women,Middle,Low
7347,Women,Middle,Mid
7348,Women,Middle,Mid
7349,Women,Older,Low
7350,Women,Older,Mid
7351,Men,Middle,Low
7352,Women,Older,Mid
7353,Women,Middle,Mid
7354,Women,Young,Low
7355,Women,Middle,Low
7356,Women,Older,Mid
7357,Women,Older,High
7358,Women,Older,High
7359,Men,Middle,Low
7360,Women,Young,High
7361,Men,Middle,High
7362,Men,Middle,Low
7363,Women,Older,Low
7364,Men,Middle,High
7365,Women,Older,Mid
7366,Women,Older,High
7367,Women,Young,Low
7368,Women,Young,Mid
7369,Women,Middle,High
7370,Women,Middle,High
7371,Women,Older,Mid
7372,Women,Older,High
7373,Women,Middle,Low
7374,Women,Middle,High
7375,Men,Middle,High
7376,Women,Young,Low
7377,Women,Older,High
7378,Women,Older,High
7379,Women,Older,Mid
7380,Women,Young,Low
7381,Women,Older,High
7382,Women,Older,High
7383,Women,Middle,Mid
7384,Women,Older,Mid
7385,Women,Older,Low
7386,Women,Older,High
7387,Men,Middle,Low
7388,Men,Middle,Low
7389,Women,Older,Mid
7390,Women,Young,Low
7391,Women,Older,Mid
7392,Women,Older,High
7393,Women,Young,Low
7394,Women,Young,Low
7395,Women,Middle,Low
7396,Women,Young,High
7397,Men,Middle,Mid
7398,Women,Older,Mid
7399,Women,Young,High
7400,Men,Middle,Mid
7401,Women,Young,Low
7402,Women,Young,High
7403,Women,Middle,Low
7404,Women,Young,Mid
7405,Women,Young,Low
7406,Women,Young,Mid
7407,Women,Young,Low
7408,Women,Older,Mid
7409,Men,Middle,High
7410,Women,Older,Low
7411,Women,Older,Low
7412,Women,Young,Low
7413,Women,Young,Low
7414,Women,Older,Mid
7415,Women,Middle,High
7416,Women,Young,Mid
7417,Women,Older,Low
7418,Men,Middle,Low
7419,Women,Young,High
7420,Women,Older,Mid
7421,Women,Older,Low
7422,Men,Middle,High
7423,Women,Young,High
7424,Women,Young,Low
7425,Women,Older,Low
7426,Women,Middle,Low
7427,Men,Middle,Low
7428,Women,Middle,High
7429,Women,Young,Mid
7430,Women,Young,Low
7431,Women,Young,Low
7432,Women,Older,High
7433,Women,Middle,Mid
7434,Women,Young,Low
7435,Men,Middle,Mid
7436,Women,Middle,Low
7437,Women,Older,High
7438,Men,Middle,Low
7439,Women,Middle,High
7440,Women,Older,Mid
7441,Women,Middle,Low
7442,Women,Young,High
7443,Men,Middle,Low
7444,Women,Middle,High
7445,Women,Older,High
7446,Women,Middle,Low
7447,Women,Young,Low
7448,Women,Older,High
7449,Women,Older,Low
7450,Women,Older,Low
7451,Women,Young,Mid
7452,Women,Older,Low
7453,Women,Young,Low
7454,Women,Middle,Low
7455,Women,Young,High
7456,Women,Young,High
7457,Men,Middle,Low
7458,Women,Older,Mid
7459,Women,Older,High
7460,Men,Middle,High
7461,Women,Older,Low
7462,Women,Older,Mid
7463,Men,Middle,Mid
7464,Women,Young,Low
7465,Men,Middle,Low
7466,Women,Older,High
7467,Men,Middle,High
7468,Women,Older,Low
7469,Women,Middle,Mid
7470,Women,Middle,Mid
7471,Women,Older,Low
7472,Women,Older,Low
7473,Men,Middle,Low
7474,Women,Older,Mid
7475,Men,Middle,Low
7476,Men,Middle,Low
7477,Women,Older,Mid
7478,Women,Young,Low
7479,Women,Young,Mid
7480,Men,Middle,Low
7481,Men,Middle,Low
7482,Women,Older,Low
7483,Women,Young,Mid
7484,Women,Older,High
7485,Women,Middle,Low
7486,Women,Young,Low
7487,Women,Young,Mid
7488,Women,Older,Low
7489,Women,Young,Low
7490,Women,Older,Mid
7491,Men,Middle,Low
7492,Women,Middle,Low
7493,Women,Older,Low
7494,Women,Middle,Mid
7495,Women,Middle,Low
7496,Men,Middle,High
7497,Women,Middle,Mid
7498,Women,Young,Low
7499,Men,Middle,Mid
7500,Women,Young,Low
7501,Women,Middle,Mid
7502,Women,Young,Low
7503,Women,Young,Mid
7504,Men,Middle,High
7505,Women,Older,Low
7506,Women,Older,Low
7507,Men,Middle,Low
7508,Women,Middle,Mid
7509,Women,Older,Low
7510,Women,Older,Mid
7511,Women,Older,Mid
7512,Women,Middle,Mid
7513,Women,Older,Mid
7514,Women,Middle,High
7515,Men,Middle,Mid
7516,Women,Older,Mid
7517,Men,Middle,Mid
7518,Women,Older,Mid
7519,Men,Middle,Mid
7520,Men,Middle,High
7521,Women,Older,High
7522,Men,Middle,High
7523,Men,Middle,Low
7524,Men,Middle,High
7525,Women,Middle,Low
7526,Women,Young,High
7527,Women,Young,Mid
7528,Women,Young,Low
7529,Women,Older,Mid
7530,Women,Older,Mid
7531,Women,Older,High
7532,Women,Young,Mid
7533,Women,Older,Mid
7534,Men,Middle,Low
7535,Women,Older,High
7536,Women,Older,High
7537,Women,Older,Low
7538,Men,Middle,High
7539,Women,Young,Low
7540,Women,Middle,Low
7541,Women,Middle,Mid
7542,Women,Middle,Mid
7543,Women,Middle,Low
7544,Women,Older,Mid
7545,Women,Young,Low
7546,Men,Middle,Mid
7547,Women,Older,Mid
7548,Women,Young,Low
7549,Women,Older,High
7550,Men,Middle,High
7551,Men,Middle,Low
7552,Women,Young,High
7553,Women,Young,Low
7554,Women,Older,Mid
7555,Women,Young,Low
7556,Women,Young,Low
7557,Women,Young,Mid
7558,Men,Middle,Low
7559,Women,Older,High
7560,Women,Young,Mid
7561,Women,Young,Mid
7562,Women,Older,High
7563,Women,Young,High
7564,Men,Middle,Low
7565,Men,Middle,Low
7566,Women,Older,Mid
7567,Women,Young,Mid
7568,Men,Middle,High
7569,Women,Young,Mid
7570,Women,Young,Mid
7571,Women,Young,Low
7572,Women,Older,Low
7573,Women,Young,Low
7574,Women,Young,Mid
7575,Women,Older,Low
7576,Men,Middle,Low
7577,Women,Older,Mid
7578,Women,Older,High
7579,Women,Young,Mid
7580,Women,Older,Low
7581,Women,Young,Mid
7582,Women,Middle,Low
7583,Women,Young,Low
7584,Women,Older,Low
7585,Women,Older,Mid
7586,Women,Young,High
7587,Women,Older,High
7588,Men,Middle,Low
7589,Women,Middle,Low
7590,Women,Older,High
7591,Women,Older,Mid
7592,Women,Older,Low
7593,Women,Older,Mid
7594,Women,Older,High
7595,Women,Young,Low
7596,Women,Middle,Low
7597,Women,Young,Low
7598,Women,Middle,Mid
7599,Men,Middle,High
7600,Women,Older,Mid
7601,Women,Young,Mid
7602,Men,Middle,High
7603,Men,Middle,Mid
7604,Women,Older,Mid
7605,Women,Middle,Low
7606,Women,Young,Low
7607,Women,Young,Mid
7608,Women,Middle,Mid
7609,Women,Older,Mid
7610,Women,Young,Low
7611,Women,Young,Low
7612,Women,Middle,Mid
7613,Women,Young,Low
7614,Women,Middle,Mid
7615,Women,Middle,Low
7616,Women,Older,Mid
7617,Women,Young,Low
7618,Men,Middle,Mid
7619,Women,Young,Mid
7620,Women,Older,Mid
7621,Women,Older,Low
7622,Women,Older,Low
7623,Women,Older,High
7624,Women,Middle,High
7625,Men,Middle,Mid
7626,Women,Young,Low
7627,Women,Older,High
7628,Men,Middle,Mid
7629,Women,Older,Low
7630,Women,Older,Low
7631,Women,Older,High
7632,Men,Middle,High
7633,Women,Older,Mid
7634,Women,Young,Low
7635,Women,Older,Low
7636,Men,Middle,Low
7637,Women,Young,Mid
7638,Women,Middle,Low
7639,Women,Young,Low
7640,Women,Young,Mid
7641,Women,Older,High
7642,Women,Young,Low
7643,Women,Young,Low
7644,Women,Young,Mid
7645,Men,Middle,High
7646,Women,Young,Low
7647,Women,Middle,Low
7648,Women,Middle,Low
7649,Women,Older,Mid
7650,Women,Older,Low
7651,Women,Middle,Low
7652,Women,Young,Low
7653,Women,Young,High
7654,Women,Older,Low
7655,Women,Older,Mid
7656,Women,Middle,High
7657,Women,Young,Mid
7658,Women,Middle,Mid
7659,Women,Middle,Low
7660,Men,Middle,Mid
7661,Women,Older,Mid
7662,Women,Older,High
7663,Women,Older,Low
7664,Women,Middle,Mid
7665,Women,Older,High
7666,Women,Older,Mid
7667,Women,Young,Low
7668,Women,Young,Low
7669,Women,Young,Mid
7670,Women,Middle,Mid
7671,Women,Older,High
7672,Men,Middle,High
7673,Women,Young,Mid
7674,Women,Young,Low
7675,Women,Middle,Low
7676,Women,Middle,Low
7677,Women,Middle,Low
7678,Women,Older,Low
7679,Women,Middle,High
7680,Women,Older,Mid
7681,Women,Older,Mid
7682,Women,Older,Mid
7683,Women,Middle,Low
7684,Men,Middle,High
7685,Women,Older,Mid
7686,Women,Older,High
7687,Women,Young,Low
7688,Men,Middle,Mid
7689,Women,Young,Mid
7690,Women,Young,Low
7691,Women,Middle,High
7692,Women,Young,Mid
7693,Women,Older,High
7694,Men,Middle,Low
7695,Women,Young,High
7696,Women,Older,Mid
7697,Men,Middle,High
7698,Women,Older,Mid
7699,Men,Middle,Mid
7700,Men,Middle,High
7701,Women,Older,Mid
7702,Women,Middle,Mid
7703,Women,Older,High
7704,Women,Older,Low
7705,Men,Middle,Low
7706,Women,Young,Low
7707,Women,Older,High
7708,Women,Young,Mid
7709,Women,Older,High
7710,Women,Older,Mid
7711,Women,Middle,Low
7712,Women,Young,Low
7713,Women,Young,Low
7714,Women,Older,High
7715,Women,Young,Low
7716,Women,Middle,High
7717,Women,Older,Mid
7718,Women,Young,Low
7719,Women,Young,Low
7720,Women,Older,Mid
7721,Women,Young,Low
7722,Women,Older,Mid
7723,Women,Young,Mid
7724,Women,Older,Low
7725,Women,Young,Low
7726,Women,Middle,Mid
7727,Men,Middle,Mid
7728,Women,Young,Low
7729,Women,Young,Low
7730,Women,Older,Low
7731,Women,Older,High
7732,Women,Young,Mid
7733,Women,Older,Mid
7734,Women,Older,High
7735,Women,Older,Mid
7736,Women,Young,Low
7737,Men,Middle,Mid
7738,Women,Young,Low
7739,Women,Middle,Low
7740,Women,Older,High
7741,Women,Middle,Low
7742,Women,Older,Low
7743,Women,Older,Low
7744,Men,Middle,Mid
7745,Men,Middle,Low
7746,Women,Young,Mid
7747,Women,Middle,High
7748,Women,Young,Low
7749,Women,Young,Low
7750,Women,Young,Mid
7751,Women,Older,Mid
7752,Women,Middle,Mid
7753,Men,Middle,Low
7754,Women,Young,Mid
7755,Women,Older,High
7756,Women,Young,Low
7757,Women,Older,High
7758,Women,Middle,High
7759,Women,Young,High
7760,Women,Older,Mid
7761,Women,Middle,Low
7762,Women,Older,High
7763,Men,Middle,High
7764,Women,Older,Low
7765,Women,Middle,Low
7766,Women,Young,Low
7767,Women,Middle,Low
7768,Men,Middle,Low
7769,Women,Young,Mid
7770,Women,Young,Low
7771,Women,Middle,Low
7772,Women,Middle,Mid
7773,Men,Middle,High
7774,Men,Middle,Mid
7775,Women,Young,Low
7776,Women,Older,Low
7777,Women,Older,Mid
7778,Women,Older,High
7779,Women,Young,Low
7780,Women,Young,Mid
7781,Women,Older,Low
7782,Men,Middle,Low
7783,Women,Young,Low
7784,Women,Older,Low
7785,Women,Older,High
7786,Men,Middle,Low
7787,Women,Older,High
7788,Women,Older,Low
7789,Women,Older,Low
7790,Women,Young,High
7791,Women,Older,Low
7792,Women,Older,Low
7793,Women,Young,High
7794,Women,Young,Mid
7795,Women,Young,Low
7796,Women,Older,Mid
7797,Women,Older,Mid
7798,Women,Older,High
7799,Women,Older,High
7800,Women,Older,Low
7801,Men,Middle,Mid
7802,Women,Older,High
7803,Women,Young,Mid
7804,Women,Young,Mid
7805,Women,Young,Low
7806,Women,Young,Low
7807,Women,Older,Low
7808,Women,Middle,Low
7809,Men,Middle,Mid
7810,Men,Middle,Low
7811,Women,Middle,Mid
7812,Men,Middle,Low
7813,Women,Middle,Low
7814,Women,Middle,High
7815,Women,Middle,Mid
7816,Men,Middle,Low
7817,Women,Young,High
7818,Women,Young,Low
7819,Men,Middle,Mid
7820,Women,Young,Low
7821,Women,Middle,Low
7822,Women,Middle,Low
7823,Women,Older,Low
7824,Women,Middle,Low
7825,Women,Young,Mid
7826,Men,Middle,Low
7827,Women,Young,Mid
7828,Women,Young,Mid
7829,Women,Older,High
7830,Women,Older,Mid
7831,Women,Middle,High
7832,Women,Older,Low
7833,Women,Older,Mid
7834,Men,Middle,Low
7835,Women,Middle,Low
7836,Men,Middle,Low
7837,Men,Middle,High
7838,Women,Young,Mid
7839,Women,Older,High
7840,Women,Older,High
7841,Women,Older,Low
7842,Women,Middle,Mid
7843,Men,Middle,Low
7844,Women,Young,Mid
7845,Women,Middle,Low
7846,Women,Young,Low
7847,Women,Middle,Low
7848,Women,Older,High
7849,Men,Middle,High
7850,Women,Young,Low
7851,Women,Older,High
7852,Women,Older,Low
7853,Women,Young,High
7854,Men,Middle,Mid
7855,Women,Older,Low
7856,Women,Young,High
7857,Women,Older,Low
7858,Women,Older,Mid
7859,Women,Young,High
7860,Women,Middle,Mid
7861,Women,Middle,Low
7862,Men,Middle,High
7863,Women,Young,Low
7864,Women,Older,Low
7865,Women,Older,Mid
7866,Women,Middle,Low
7867,Men,Middle,Low
7868,Women,Older,Mid
7869,Women,Older,High
7870,Women,Older,High
7871,Women,Older,Low
7872,Women,Young,Low
7873,Women,Middle,Low
7874,Men,Middle,Low
7875,Women,Older,Mid
7876,Women,Older,Low
7877,Women,Young,Low
7878,Women,Middle,Low
7879,Men,Middle,Low
7880,Women,Older,Low
7881,Women,Middle,Low
7882,Women,Older,Low
7883,Women,Older,Mid
7884,Women,Middle,High
7885,Women,Older,Mid
7886,Women,Young,High
7887,Women,Young,Low
7888,Men,Middle,Low
7889,Women,Older,Low
7890,Women,Older,High
7891,Women,Young,Low
7892,Women,Middle,High
7893,Women,Middle,Mid
7894,Women,Older,High
7895,Women,Middle,Mid
7896,Women,Young,Low
7897,Women,Young,Low
7898,Men,Middle,High
7899,Men,Middle,Mid
7900,Men,Middle,Low
7901,Women,Young,Low
7902,Women,Young,Low
7903,Women,Middle,Low
7904,Women,Middle,Low
7905,Men,Middle,Mid
7906,Women,Older,Mid
7907,Women,Middle,Low
7908,Women,Middle,Low
7909,Women,Young,High
7910,Women,Young,Low
7911,Women,Older,High
7912,Women,Young,Mid
7913,Women,Young,Low
7914,Women,Older,Low
7915,Women,Young,Mid
7916,Women,Older,High
7917,Women,Older,High
7918,Women,Middle,Low
7919,Men,Middle,Mid
7920,Women,Young,Mid
7921,Women,Middle,Low
7922,Women,Young,Low
7923,Women,Older,High
7924,Women,Older,High
7925,Women,Older,Mid
7926,Women,Young,Low
7927,Women,Older,High
7928,Women,Older,Mid
7929,Women,Young,Mid
7930,Men,Middle,High
7931,Women,Middle,Mid
7932,Women,Young,Low
7933,Men,Middle,Low
7934,Women,Older,Low
7935,Women,Middle,Mid
7936,Women,Young,High
7937,Women,Young,Low
7938,Women,Older,Low
7939,Women,Young,Mid
7940,Women,Young,Mid
7941,Women,Middle,High
7942,Women,Older,Mid
7943,Women,Young,High
7944,Women,Older,Low
7945,Men,Middle,Mid
7946,Men,Middle,Mid
7947,Women,Young,Mid
7948,Women,Older,Mid
7949,Women,Young,Low
7950,Women,Young,Low
7951,Women,Middle,Mid
7952,Women,Older,Mid
7953,Women,Middle,High
7954,Women,Older,Low
7955,Women,Middle,Mid
7956,Women,Older,Low
7957,Women,Middle,Mid
7958,Women,Young,Mid
7959,Men,Middle,Low
7960,Women,Young,High
7961,Women,Young,High
7962,Men,Middle,Low
7963,Women,Young,Low
7964,Women,Older,Mid
7965,Women,Young,Low
7966,Women,Older,Mid
7967,Women,Older,Mid
7968,Men,Middle,Low
7969,Women,Older,Mid
7970,Women,Older,High
7971,Women,Middle,Low
7972,Women,Young,Low
7973,Women,Middle,Low
7974,Women,Older,Mid
7975,Women,Older,Low
7976,Women,Middle,Low
7977,Women,Middle,Mid
7978,Women,Young,High
7979,Women,Older,Mid
7980,Women,Young,Low
7981,Women,Young,Low
7982,Women,Older,Mid
7983,Women,Older,Mid
7984,Men,Middle,Low
7985,Women,Older,Mid
7986,Men,Middle,Mid
7987,Men,Middle,Mid
7988,Women,Young,High
7989,Men,Middle,Low
7990,Women,Middle,Low
7991,Women,Middle,Low
7992,Women,Older,Low
7993,Women,Older,Low
7994,Women,Older,High
7995,Women,Middle,Mid
7996,Women,Older,High
7997,Women,Young,Mid
7998,Women,Older,Low
7999,Women,Older,Low
8000,Men,Middle,Mid
8001,Women,Middle,Low
8002,Women,Young,Low
8003,Women,Young,Mid
8004,Women,Middle,Low
8005,Women,Young,Low
8006,Women,Older,Mid
8007,Women,Young,Mid
8008,Men,Middle,Low
8009,Women,Young,Low
8010,Women,Young,Low
8011,Women,Young,Mid
8012,Women,Older,Low
8013,Women,Older,Mid
8014,Women,Young,Low
8015,Women,Young,Mid
8016,Women,Older,Low
8017,Women,Older,High
8018,Women,Middle,Low
8019,Women,Young,Mid
8020,Women,Older,Mid
8021,Women,Young,High
8022,Women,Young,Low
8023,Women,Older,Mid
8024,Women,Older,Low
8025,Men,Middle,High
8026,Women,Young,Mid
8027,Women,Young,Mid
8028,Women,Young,Low
8029,Women,Young,Low
8030,Men,Middle,Low
8031,Women,Middle,Mid
8032,Women,Older,Mid
8033,Men,Middle,High
8034,Women,Older,Low
8035,Women,Young,Low
8036,Men,Middle,Mid
8037,Men,Middle,Low
8038,Women,Young,Low
8039,Men,Middle,Low
8040,Women,Middle,High
8041,Women,Older,High
8042,Women,Young,Low
8043,Women,Older,Mid
8044,Women,Young,Low
8045,Men,Middle,Mid
8046,Women,Middle,High
8047,Women,Young,Mid
8048,Men,Middle,Mid
8049,Women,Older,High
8050,Women,Young,Low
8051,Men,Middle,High
8052,Women,Middle,Low
8053,Women,Middle,Low
8054,Men,Middle,Low
8055,Men,Middle,Low
8056,Women,Middle,Mid
8057,Women,Young,Low
8058,Women,Young,Mid
8059,Men,Young,Low
8060,Men,Middle,Low
8061,Women,Middle,Low
8062,Women,Older,Mid
8063,Men,Young,Low
8064,Men,Young,Low
8065,Women,Older,Low
8066,Women,Older,Low
8067,Men,Middle,Mid
8068,Men,Young,Low
8069,Men,Young,Mid
8070,Women,Older,Low
8071,Men,Young,Mid
8072,Women,Older,High
8073,Men,Middle,High
8074,Men,Young,High
8075,Women,Older,Mid
8076,Men,Young,Mid
8077,Women,Middle,Low
8078,Men,Middle,Mid
8079,Women,Middle,Mid
8080,Men,Young,Mid
8081,Women,Older,High
8082,Women,Middle,Mid
8083,Men,Middle,Low
8084,Women,Middle,Mid
8085,Men,Young,High
8086,Men,Middle,Low
8087,Men,Young,Mid
8088,Women,Older,Mid
8089,Men,Middle,Mid
8090,Men,Middle,Mid
8091,Women,Older,Mid
8092,Women,Older,Low
8093,Men,Middle,Low
8094,Women,Older,Low
8095,Women,Middle,Low
8096,Women,Middle,High
8097,Men,Young,High
8098,Women,Middle,Low
8099,Women,Older,Low
8100,Men,Young,Low
8101,Women,Older,High
8102,Women,Older,High
8103,Women,Older,Low
8104,Women,Older,Mid
8105,Women,Older,Mid
8106,Women,Older,Mid
8107,Women,Older,High
8108,Men,Young,Low
8109,Women,Older,Low
8110,Women,Older,Low
8111,Women,Older,Mid
8112,Women,Older,Mid
8113,Women,Middle,Mid
8114,Women,Middle,Low
8115,Men,Young,Low
8116,Men,Young,High
8117,Women,Older,Low
8118,Men,Middle,Low
8119,Men,Middle,Low
8120,Men,Young,Mid
8121,Women,Middle,Low
8122,Women,Older,Low
8123,Women,Middle,Low
8124,Men,Young,Low
8125,Men,Middle,Low
8126,Men,Middle,Mid
8127,Women,Older,High
8128,Men,Young,Low
8129,Men,Middle,High
8130,Men,Young,Low
8131,Men,Young,Low
8132,Women,Middle,High
8133,Women,Older,Low
8134,Women,Older,High
8135,Men,Middle,Low
8136,Men,Young,Low
8137,Men,Middle,Mid
8138,Men,Middle,Low
8139,Men,Middle,High
8140,Men,Young,Low
8141,Women,Older,High
8142,Women,Older,Low
8143,Women,Older,Mid
8144,Women,Older,Mid
8145,Men,Young,Mid
8146,Men,Middle,High
8147,Women,Older,Mid
8148,Men,Young,Low
8149,Men,Middle,High
8150,Women,Older,Low
8151,Men,Young,High
8152,Men,Young,Mid
8153,Men,Middle,Mid
8154,Women,Older,High
8155,Women,Older,Low
8156,Men,Middle,Low
8157,Women,Older,Mid
8158,Men,Middle,Mid
8159,Men,Middle,Mid
8160,Men,Young,Low
8161,Women,Older,High
8162,Men,Middle,Low
8163,Men,Young,Mid
8164,Men,Young,Low
8165,Women,Older,High
8166,Women,Older,Low
8167,Women,Older,Mid
8168,Men,Middle,Low
8169,Men,Young,Mid
8170,Men,Young,Low
8171,Women,Middle,Mid
8172,Women,Older,High
8173,Women,Older,Mid
8174,Men,Young,Low
8175,Men,Middle,Low
8176,Women,Middle,Mid
8177,Men,Middle,High
8178,Women,Older,Mid
8179,Women,Middle,Low
8180,Men,Young,Mid
8181,Men,Middle,High
8182,Men,Young,Low
8183,Women,Older,Low
8184,Women,Middle,High
8185,Men,Young,Mid
8186,Women,Older,Mid
8187,Men,Middle,Low
8188,Men,Young,Mid
8189,Women,Older,Low
8190,Women,Older,Low
8191,Women,Older,Mid
8192,Men,Young,Mid
8193,Women,Middle,Mid
8194,Women,Older,Mid
8195,Men,Middle,Mid
8196,Women,Middle,Mid
8197,Women,Middle,High
8198,Women,Older,Low
8199,Men,Young,Mid
8200,Men,Middle,Mid
8201,Men,Young,Low
8202,Men,Middle,Low
8203,Women,Older,Low
8204,Men,Middle,Low
8205,Men,Middle,High
8206,Women,Middle,Mid
8207,Men,Young,Mid
8208,Men,Middle,Mid
8209,Women,Middle,Mid
8210,Men,Young,Low
8211,Women,Older,Mid
8212,Men,Young,Low
8213,Women,Older,Low
8214,Women,Older,High
8215,Women,Middle,Low
8216,Men,Young,High
8217,Women,Older,Low
8218,Women,Older,High
8219,Women,Middle,Low
8220,Men,Middle,Low
8221,Men,Middle,Mid
8222,Women,Older,High
8223,Women,Older,Mid
8224,Women,Older,Low
8225,Women,Older,Mid
8226,Men,Middle,Low
8227,Men,Middle,Mid
8228,Men,Young,Low
8229,Men,Middle,Low
8230,Women,Older,Low
8231,Men,Young,Low
8232,Women,Middle,High
8233,Women,Older,Low
8234,Men,Young,Low
8235,Women,Older,Mid
8236,Women,Older,Mid
8237,Women,Older,Mid
8238,Men,Middle,Mid
8239,Men,Middle,High
8240,Men,Young,Low
8241,Men,Middle,Mid
8242,Women,Older,Mid
8243,Men,Young,High
8244,Women,Middle,Low
8245,Women,Older,High
8246,Men,Young,Low
8247,Men,Young,Low
8248,Women,Older,Low
8249,Women,Middle,High
8250,Women,Older,Mid
8251,Women,Middle,High
8252,Women,Older,Mid
8253,Women,Older,Low
8254,Men,Middle,Low
8255,Men,Young,Low
8256,Men,Young,Low
8257,Women,Older,Low
8258,Women,Older,Mid
8259,Men,Young,Low
8260,Women,Older,Low
8261,Women,Older,High
8262,Women,Older,High
8263,Men,Young,Low
8264,Women,Older,Low
8265,Women,Middle,Low
8266,Women,Middle,Mid
8267,Men,Young,Low
8268,Women,Older,High
8269,Women,Middle,High
8270,Men,Young,Low
8271,Women,Older,Low
8272,Men,Middle,High
8273,Men,Middle,High
8274,Women,Middle,Mid
8275,Men,Young,Mid
8276,Men,Middle,High
8277,Women,Older,Low
8278,Women,Older,High
8279,Women,Older,Low
8280,Men,Middle,High
8281,Women,Middle,Mid
8282,Men,Young,Mid
8283,Men,Middle,High
8284,Women,Middle,High
8285,Women,Middle,High
8286,Women,Middle,Low
8287,Men,Young,Low
8288,Women,Older,Low
8289,Men,Middle,Mid
8290,Women,Older,Mid
8291,Women,Older,High
8292,Women,Middle,Mid
8293,Women,Middle,Low
8294,Men,Middle,Low
8295,Women,Older,Mid
8296,Men,Young,Low
8297,Women,Middle,Low
8298,Men,Young,Low
8299,Women,Older,Mid
8300,Women,Middle,Low
8301,Men,Young,Low
8302,Women,Older,Mid
8303,Women,Older,High
8304,Women,Middle,Low
8305,Women,Middle,Mid
8306,Men,Middle,Mid
8307,Women,Older,Mid
8308,Women,Older,Mid
8309,Women,Older,Mid
8310,Men,Young,Mid
8311,Women,Middle,Low
8312,Men,Middle,Low
8313,Women,Older,Mid
8314,Men,Young,Mid
8315,Men,Young,Low
8316,Men,Young,Low
8317,Men,Young,High
8318,Women,Older,High
8319,Women,Middle,High
8320,Women,Older,Mid
8321,Men,Young,Mid
8322,Men,Middle,Low
8323,Women,Older,Mid
8324,Men,Young,High
8325,Women,Middle,Mid
8326,Women,Older,Low
8327,Men,Young,Low
8328,Men,Young,Low
8329,Women,Older,Low
8330,Women,Older,Low
8331,Women,Older,Low
8332,Men,Young,Low
8333,Men,Middle,High
8334,Men,Middle,Low
8335,Women,Older,Low
8336,Women,Middle,Low
8337,Men,Young,Low
8338,Women,Middle,Mid
8339,Men,Young,High
8340,Women,Older,Low
8341,Men,Young,Low
8342,Men,Young,Low
8343,Men,Young,High
8344,Men,Young,High
8345,Men,Young,Low
8346,Men,Young,Low
8347,Women,Older,Mid
8348,Men,Middle,Mid
8349,Women,Older,Mid
8350,Women,Older,Low
8351,Men,Young,Low
8352,Men,Young,Low
8353,Men,Young,Low
8354,Women,Middle,Low
8355,Men,Middle,Mid
8356,Men,Middle,Low
8357,Women,Middle,Low
8358,Women,Older,Mid
8359,Men,Young,Low
8360,Women,Older,Mid
8361,Men,Young,Mid
8362,Women,Older,Mid
8363,Women,Older,High
8364,Women,Older,Mid
8365,Women,Older,Mid
8366,Women,Middle,Low
8367,Men,Young,Mid
8368,Men,Young,Mid
8369,Men,Middle,Low
8370,Men,Middle,Low
8371,Men,Young,Low
8372,Women,Middle,Mid
8373,Men,Young,Mid
8374,Women,Middle,Low
8375,Men,Middle,Low
8376,Women,Older,Low
8377,Women,Older,Mid
8378,Men,Young,High
8379,Women,Older,High
8380,Men,Young,Low
8381,Men,Young,Mid
8382,Women,Middle,High
8383,Men,Middle,Low
8384,Men,Middle,High
8385,Women,Older,Mid
8386,Men,Middle,Mid
8387,Men,Young,Mid
8388,Women,Middle,Low
8389,Men,Middle,Low
8390,Women,Older,Mid
8391,Men,Young,Low
8392,Women,Older,Low
8393,Men,Middle,Low
8394,Women,Older,Low
8395,Men,Young,High
8396,Men,Young,Mid
8397,Men,Young,Low
8398,Women,Middle,Low
8399,Men,Young,Low
8400,Women,Older,Mid
8401,Women,Older,High
8402,Men,Middle,Low
8403,Men,Middle,Low
8404,Men,Young,Low
8405,Women,Older,Low
8406,Women,Older,Low
8407,Women,Older,Mid
8408,Women,Older,Low
8409,Women,Middle,Mid
8410,Women,Older,Low
8411,Men,Young,Low
8412,Women,Older,Low
8413,Men,Young,Mid
8414,Women,Older,Mid
8415,Men,Young,Low
8416,Men,Young,Low
8417,Women,Older,Mid
8418,Women,Middle,High
8419,Women,Middle,High
8420,Women,Older,Mid
8421,Women,Older,Mid
8422,Men,Young,Low
8423,Women,Older,Mid
8424,Men,Young,Mid
8425,Men,Middle,Low
8426,Men,Young,Low
8427,Men,Young,Low
8428,Men,Middle,Low
8429,Women,Older,Mid
8430,Men,Middle,Low
8431,Women,Older,Mid
8432,Women,Older,Mid
8433,Men,Young,Mid
8434,Men,Middle,Mid
8435,Men,Young,Low
8436,Women,Middle,High
8437,Women,Older,Low
8438,Men,Young,Low
8439,Women,Middle,Low
8440,Men,Young,Low
8441,Women,Older,Mid
8442,Men,Middle,Mid
8443,Women,Middle,Low
8444,Men,Young,Low
8445,Women,Older,Mid
8446,Women,Older,Mid
8447,Men,Young,Low
8448,Men,Middle,Low
8449,Men,Middle,Mid
8450,Women,Older,Mid
8451,Women,Middle,Low
8452,Men,Young,Low
8453,Men,Young,Mid
8454,Men,Young,Low
8455,Women,Older,Low
8456,Women,Middle,Mid
8457,Men,Young,Low
8458,Men,Middle,Mid
8459,Men,Middle,High
8460,Men,Young,Low
8461,Men,Young,Mid
8462,Women,Middle,Low
8463,Women,Older,Mid
8464,Men,Middle,Low
8465,Women,Older,Mid
8466,Women,Middle,High
8467,Men,Young,Mid
8468,Men,Young,Low
8469,Women,Older,Low
8470,Men,Young,Low
8471,Women,Older,Low
8472,Men,Middle,Low
8473,Men,Young,Low
8474,Men,Young,Low
8475,Women,Older,Mid
8476,Women,Older,High
8477,Women,Older,Low
8478,Women,Older,Mid
8479,Women,Older,Mid
8480,Men,Young,Low
8481,Women,Older,Mid
8482,Women,Middle,Mid
8483,Women,Older,Low
8484,Men,Middle,Low
8485,Men,Middle,Low
8486,Women,Older,High
8487,Men,Young,High
8488,Women,Middle,Low
8489,Men,Young,Mid
8490,Women,Middle,Mid
8491,Women,Older,Mid
8492,Women,Older,Mid
8493,Women,Older,High
8494,Women,Older,Low
8495,Women,Older,Low
8496,Women,Older,Low
8497,Women,Middle,Mid
8498,Men,Young,High
8499,Men,Young,High
8500,Women,Middle,Low
8501,Women,Older,High
8502,Women,Middle,Low
8503,Women,Older,Low
8504,Women,Middle,Mid
8505,Men,Young,Mid
8506,Men,Middle,Mid
8507,Women,Older,Mid
8508,Men,Middle,Mid
8509,Women,Middle,Low
8510,Women,Middle,Mid
8511,Men,Young,Low
8512,Women,Older,High
8513,Women,Middle,Low
8514,Men,Young,Low
8515,Men,Middle,Low
8516,Women,Middle,Low
8517,Women,Older,High
8518,Men,Middle,Mid
8519,Men,Young,Mid
8520,Men,Young,Low
8521,Men,Young,Low
8522,Women,Older,Mid
8523,Women,Older,Mid
8524,Men,Young,Low
8525,Women,Older,High
8526,Women,Middle,High
8527,Women,Older,Low
8528,Men,Young,Low
8529,Women,Older,High
8530,Women,Older,Mid
8531,Women,Older,Mid
8532,Men,Young,Low
8533,Women,Older,Mid
8534,Women,Older,High
8535,Women,Older,Low
8536,Women,Older,Low
8537,Women,Older,Mid
8538,Women,Older,Low
8539,Women,Middle,High
8540,Women,Older,Low
8541,Women,Older,Mid
8542,Men,Middle,Low
8543,Women,Middle,Low
8544,Women,Older,Low
8545,Women,Older,Low
8546,Men,Young,Low
8547,Women,Older,Low
8548,Women,Older,Low
8549,Women,Older,Low
8550,Men,Middle,Mid
8551,Women,Older,Low
8552,Women,Older,Mid
8553,Women,Older,Low
8554,Women,Older,High
8555,Women,Older,Mid
8556,Men,Young,Low
8557,Men,Young,Low
8558,Women,Middle,Low
8559,Women,Middle,Mid
8560,Women,Middle,Mid
8561,Men,Young,Low
8562,Women,Older,Low
8563,Women,Middle,Low
8564,Women,Older,Low
8565,Women,Middle,Low
8566,Men,Middle,Mid
8567,Women,Older,Mid
8568,Men,Middle,Mid
8569,Men,Middle,Low
8570,Women,Middle,Low
8571,Men,Young,Low
8572,Women,Older,Low
8573,Men,Middle,Low
8574,Women,Older,Mid
8575,Men,Young,Low
8576,Men,Young,Low
8577,Men,Middle,Mid
8578,Women,Middle,Mid
8579,Women,Older,Low
8580,Women,Middle,Low
8581,Men,Middle,Low
8582,Men,Young,Mid
8583,Men,Young,Low
8584,Men,Middle,Low
8585,Men,Young,High
8586,Women,Middle,Low
8587,Men,Middle,High
8588,Women,Older,High
8589,Women,Older,Low
8590,Men,Middle,Low
8591,Men,Middle,Low
8592,Men,Young,Low
8593,Men,Middle,Mid
8594,Women,Middle,High
8595,Men,Middle,Mid
8596,Men,Young,Low
8597,Women,Older,Mid
8598,Women,Older,Mid
8599,Women,Middle,Mid
8600,Women,Middle,High
8601,Women,Older,Mid
8602,Men,Young,Low
8603,Women,Older,High
8604,Women,Older,Mid
8605,Men,Young,Low
8606,Women,Older,Mid
8607,Women,Middle,High
8608,Women,Older,High
8609,Men,Young,High
8610,Women,Middle,Mid
8611,Men,Young,Mid
8612,Women,Middle,Mid
8613,Women,Middle,Mid
8614,Women,Older,Low
8615,Women,Older,Mid
8616,Men,Middle,Mid
8617,Men,Young,Low
8618,Women,Older,High
8619,Men,Young,Mid
8620,Men,Young,Low
8621,Men,Young,Low
8622,Men,Young,Mid
8623,Women,Older,Low
8624,Women,Older,Mid
8625,Women,Older,Low
8626,Men,Young,Mid
8627,Men,Middle,Low
8628,Men,Young,Low
8629,Women,Older,Mid
8630,Women,Older,Mid
8631,Men,Young,Low
8632,Women,Older,High
8633,Men,Young,Mid
8634,Women,Older,High
8635,Women,Older,Low
8636,Men,Middle,Mid
8637,Women,Older,Low
8638,Women,Older,Mid
8639,Women,Middle,Mid
8640,Women,Older,Low
8641,Women,Older,High
8642,Men,Middle,High
8643,Women,Middle,Low
8644,Women,Middle,Low
8645,Women,Older,Mid
8646,Men,Young,High
8647,Men,Middle,Mid
8648,Men,Young,High
8649,Men,Young,Low
8650,Women,Older,High
8651,Men,Young,High
8652,Women,Older,High
8653,Women,Older,Low
8654,Women,Middle,Low
8655,Women,Middle,Low
8656,Women,Older,Low
8657,Men,Young,High
8658,Men,Young,High
8659,Women,Middle,Low
8660,Men,Young,Low
8661,Men,Young,High
8662,Women,Middle,Mid
8663,Men,Young,Mid
8664,Women,Older,Low
8665,Women,Middle,Mid
8666,Men,Middle,Low
8667,Women,Older,High
8668,Women,Older,High
8669,Women,Older,Mid
8670,Women,Middle,Low
8671,Men,Middle,Mid
8672,Women,Older,Low
8673,Women,Older,Mid
8674,Women,Older,High
8675,Women,Older,High
8676,Men,Young,Low
8677,Men,Middle,Mid
8678,Women,Older,Low
8679,Men,Young,Low
8680,Men,Middle,High
8681,Women,Older,Low
8682,Women,Older,Low
8683,Women,Older,High
8684,Women,Middle,Low
8685,Women,Middle,Mid
8686,Women,Middle,Low
8687,Men,Young,High
8688,Women,Older,Low
8689,Men,Young,Mid
8690,Men,Middle,Low
8691,Men,Middle,Low
8692,Men,Middle,Mid
8693,Women,Middle,Mid
8694,Women,Older,Mid
8695,Men,Young,High
8696,Women,Older,Low
8697,Women,Middle,Low
8698,Women,Older,High
8699,Men,Young,Mid
8700,Men,Young,Low
8701,Women,Middle,Mid
8702,Women,Middle,Low
8703,Men,Young,Mid
8704,Men,Middle,Low
8705,Women,Older,Mid
8706,Men,Young,High
8707,Women,Older,Low
8708,Women,Older,Mid
8709,Men,Young,High
8710,Men,Young,Mid
8711,Men,Young,Low
8712,Men,Young,Low
8713,Men,Young,High
8714,Women,Older,High
8715,Women,Middle,Low
8716,Women,Middle,Mid
8717,Women,Older,Low
8718,Men,Middle,Low
8719,Men,Young,Mid
8720,Women,Older,High
8721,Men,Young,Low
8722,Women,Older,Mid
8723,Men,Middle,Mid
8724,Women,Older,Low
8725,Women,Middle,Low
8726,Women,Older,Mid
8727,Men,Middle,Mid
8728,Men,Young,Low
8729,Women,Middle,Low
8730,Women,Middle,High
8731,Women,Older,Mid
8732,Men,Middle,Mid
8733,Men,Young,Low
8734,Men,Young,Low
8735,Women,Older,Mid
8736,Women,Middle,High
8737,Women,Older,Mid
8738,Men,Young,Low
8739,Women,Middle,Low
8740,Men,Young,Low
8741,Women,Older,Mid
8742,Women,Middle,Low
8743,Men,Young,Low
8744,Women,Older,Mid
8745,Men,Young,High
8746,Women,Older,Mid
8747,Women,Older,High
8748,Men,Young,Low
8749,Women,Middle,Mid
8750,Women,Middle,Mid
8751,Women,Older,Low
8752,Men,Young,Mid
8753,Women,Middle,Mid
8754,Men,Middle,Mid
8755,Men,Middle,Low
8756,Women,Older,Mid
8757,Women,Older,Low
8758,Men,Young,Mid
8759,Women,Middle,Low
8760,Men,Young,Low
8761,Men,Middle,Mid
8762,Women,Middle,High
8763,Women,Older,High
8764,Women,Middle,High
8765,Women,Older,High
8766,Women,Older,Low
8767,Men,Middle,Mid
8768,Men,Middle,High
8769,Women,Older,Mid
8770,Women,Older,Low
8771,Women,Middle,Low
8772,Women,Older,High
8773,Women,Middle,Low
8774,Women,Older,Low
8775,Women,Middle,Low
8776,Men,Middle,Mid
8777,Women,Middle,Low
8778,Women,Older,High
8779,Men,Middle,Mid
8780,Men,Young,Low
8781,Women,Older,Low
8782,Women,Older,High
8783,Men,Young,Mid
8784,Men,Young,Mid
8785,Men,Young,Low
8786,Women,Older,Mid
8787,Men,Middle,Low
8788,Women,Older,Mid
8789,Men,Young,Low
8790,Men,Middle,Low
8791,Men,Young,Low
8792,Women,Middle,Low
8793,Women,Middle,Low
8794,Men,Young,Low
8795,Women,Middle,Low
8796,Women,Older,High
8797,Women,Older,Low
8798,Men,Young,Low
8799,Women,Older,Mid
8800,Men,Young,Low
8801,Men,Middle,Low
8802,Men,Middle,Mid
8803,Men,Middle,Mid
8804,Women,Middle,Mid
8805,Men,Young,Mid
8806,Women,Middle,Low
8807,Men,Young,Mid
8808,Women,Older,High
8809,Men,Middle,Low
8810,Men,Young,Low
8811,Women,Older,Mid
8812,Men,Young,Low
8813,Women,Older,Low
8814,Women,Middle,Mid
8815,Men,Middle,Low
8816,Men,Young,Mid
8817,Men,Young,Mid
8818,Women,Older,High
8819,Women,Older,High
8820,Women,Older,High
8821,Women,Older,Mid
8822,Women,Older,Mid
8823,Men,Young,Mid
8824,Women,Middle,Mid
8825,Men,Middle,Mid
8826,Women,Middle,Low
8827,Men,Young,Low
8828,Women,Older,Low
8829,Women,Older,Low
8830,Women,Older,Mid
8831,Women,Older,Low
8832,Men,Young,High
8833,Women,Middle,Mid
8834,Women,Older,Mid
8835,Women,Older,Low
8836,Women,Middle,Low
8837,Men,Middle,Low
8838,Men,Middle,Mid
8839,Women,Older,Low
8840,Men,Middle,Mid
8841,Men,Young,Mid
8842,Men,Young,Low
8843,Women,Older,Mid
8844,Women,Older,High
8845,Men,Young,High
8846,Women,Older,High
8847,Men,Young,Mid
8848,Men,Middle,Mid
8849,Women,Middle,High
8850,Women,Older,Low
8851,Women,Middle,Low
8852,Men,Middle,Low
8853,Men,Young,Low
8854,Men,Young,High
8855,Men,Young,Low
8856,Men,Young,Low
8857,Women,Middle,High
8858,Women,Older,Low
8859,Women,Older,High
8860,Women,Older,Mid
8861,Women,Older,High
8862,Men,Middle,Low
8863,Women,Middle,High
8864,Women,Middle,High
8865,Women,Older,Mid
8866,Men,Middle,Mid
8867,Women,Middle,Low
8868,Men,Middle,High
8869,Women,Middle,High
8870,Men,Young,Low
8871,Men,Middle,Mid
8872,Women,Older,Mid
8873,Men,Young,Mid
8874,Men,Middle,Mid
8875,Women,Middle,Low
8876,Men,Young,Mid
8877,Men,Young,High
8878,Women,Older,Low
8879,Men,Young,Low
8880,Women,Middle,High
8881,Men,Young,Mid
8882,Women,Older,High
8883,Men,Young,Mid
8884,Women,Middle,High
8885,Women,Older,Low
8886,Men,Middle,Low
8887,Women,Middle,Mid
8888,Women,Older,Low
8889,Men,Young,Low
8890,Women,Older,Low
8891,Men,Young,High
8892,Women,Older,Low
8893,Men,Middle,Low
8894,Women,Older,High
8895,Men,Middle,Mid
8896,Women,Older,High
8897,Men,Young,High
8898,Women,Older,Low
8899,Men,Young,Low
8900,Men,Young,Low
8901,Men,Young,Low
8902,Men,Young,High
8903,Men,Young,Low
8904,Women,Older,Low
8905,Women,Older,High
8906,Women,Middle,Low
8907,Women,Middle,Low
8908,Men,Young,Low
8909,Women,Middle,Low
8910,Women,Older,High
8911,Men,Young,Low
8912,Men,Young,Low
8913,Men,Young,Low
8914,Men,Middle,Low
8915,Women,Middle,Low
8916,Men,Young,Mid
8917,Women,Older,Low
8918,Women,Middle,Mid
8919,Men,Middle,Mid
8920,Women,Older,High
8921,Women,Older,Mid
8922,Women,Older,Mid
8923,Men,Middle,High
8924,Men,Middle,Mid
8925,Women,Older,Mid
8926,Men,Middle,Low
8927,Men,Middle,Mid
8928,Men,Young,High
8929,Women,Older,Low
8930,Women,Older,High
8931,Men,Young,Low
8932,Women,Older,Low
8933,Men,Young,Low
8934,Women,Older,Mid
8935,Women,Older,Mid
8936,Men,Middle,Low
8937,Men,Young,Low
8938,Men,Young,Mid
8939,Women,Older,Low
8940,Women,Older,Low
8941,Men,Middle,Mid
8942,Men,Middle,Low
8943,Women,Older,Low
8944,Women,Middle,High
8945,Women,Middle,Low
8946,Women,Middle,Low
8947,Women,Middle,Low
8948,Women,Older,Low
8949,Women,Middle,Low
8950,Men,Middle,Low
8951,Women,Older,Mid
8952,Men,Young,Mid
8953,Women,Older,Low
8954,Men,Young,Mid
8955,Men,Young,High
8956,Men,Young,High
8957,Men,Young,Low
8958,Men,Young,Mid
8959,Women,Older,High
8960,Men,Young,Mid
8961,Women,Older,Low
8962,Women,Older,Mid
8963,Men,Middle,Mid
8964,Women,Middle,Low
8965,Women,Older,Mid
8966,Men,Young,High
8967,Men,Young,Low
8968,Men,Middle,Mid
8969,Women,Older,Low
8970,Women,Middle,High
8971,Men,Middle,Low
8972,Men,Middle,Low
8973,Men,Young,Low
8974,Women,Older,Low
8975,Men,Middle,Low
8976,Men,Young,Low
8977,Women,Middle,High
8978,Women,Older,High
8979,Men,Middle,Mid
8980,Women,Middle,Low
8981,Men,Young,Mid
8982,Women,Older,Low
8983,Women,Older,Low
8984,Men,Young,Mid
8985,Men,Middle,Mid
8986,Women,Middle,High
8987,Women,Older,High
8988,Men,Young,Mid
8989,Men,Young,Low
8990,Men,Young,Mid
8991,Men,Young,Low
8992,Men,Middle,Low
8993,Women,Middle,Low
8994,Men,Young,High
8995,Men,Young,Low
8996,Men,Young,Low
8997,Women,Middle,High
8998,Women,Middle,Mid
8999,Women,Older,Low
9000,Women,Older,Low
9001,Men,Young,Low
9002,Men,Middle,Mid
9003,Women,Middle,Mid
9004,Women,Older,High
9005,Women,Middle,Mid
9006,Women,Middle,Low
9007,Women,Middle,Low
9008,Women,Older,Mid
9009,Women,Older,Low
9010,Women,Older,Mid
9011,Women,Older,Mid
9012,Men,Young,Mid
9013,Women,Older,Mid
9014,Men,Young,Low
9015,Men,Young,Mid
9016,Men,Middle,Low
9017,Women,Middle,Low
9018,Women,Middle,Low
9019,Men,Young,Low
9020,Men,Young,Low
9021,Men,Middle,Low
9022,Men,Middle,Low
9023,Women,Older,Low
9024,Men,Middle,Low
9025,Women,Middle,Mid
9026,Men,Middle,Mid
9027,Women,Middle,Low
9028,Men,Young,Mid
9029,Men,Middle,Mid
9030,Women,Middle,Low
9031,Women,Older,Low
9032,Men,Young,Low
9033,Women,Older,Low
9034,Men,Young,Low
9035,Men,Young,Mid
9036,Men,Middle,Low
9037,Men,Young,Low
9038,Women,Older,Mid
9039,Men,Middle,High
9040,Women,Middle,High
9041,Women,Older,Mid
9042,Women,Older,High
9043,Men,Young,Low
9044,Men,Middle,Mid
9045,Men,Young,Mid
9046,Men,Young,Low
9047,Men,Young,Mid
9048,Women,Older,High
9049,Men,Middle,Low
9050,Men,Young,Mid
9051,Women,Middle,Low
9052,Women,Middle,High
9053,Women,Middle,Mid
9054,Women,Middle,High
9055,Men,Young,Low
9056,Women,Older,High
9057,Men,Middle,Mid
9058,Men,Young,Low
9059,Women,Middle,Low
9060,Women,Older,Low
9061,Women,Older,Mid
9062,Women,Older,Mid
9063,Women,Middle,Mid
9064,Men,Young,High
9065,Women,Older,Low
9066,Women,Older,Low
9067,Men,Young,Mid
9068,Women,Older,High
9069,Women,Older,High
9070,Women,Older,Low
9071,Men,Young,Low
9072,Women,Older,High
9073,Men,Young,Mid
9074,Women,Middle,Low
9075,Men,Young,Low
9076,Men,Young,Low
9077,Women,Middle,Low
9078,Women,Middle,Mid
9079,Women,Older,High
9080,Women,Older,Low
9081,Men,Middle,Low
9082,Men,Young,Mid
9083,Women,Middle,High
9084,Men,Young,Mid
9085,Men,Young,Low
9086,Women,Middle,Mid
9087,Women,Middle,Low
9088,Women,Older,High
9089,Women,Older,High
9090,Women,Middle,High
9091,Women,Older,Mid
9092,Women,Middle,Low
9093,Women,Older,Mid
9094,Men,Young,Low
9095,Women,Middle,Low
9096,Men,Middle,Mid
9097,Women,Middle,Low
9098,Men,Middle,Mid
9099,Men,Young,Mid
9100,Women,Middle,Mid
9101,Women,Middle,Low
9102,Men,Young,Low
9103,Women,Middle,Low
9104,Women,Older,Mid
9105,Men,Young,Low
9106,Men,Young,High
9107,Men,Young,Low
9108,Women,Older,Low
9109,Women,Older,Low
9110,Women,Older,Low
9111,Women,Older,Low
9112,Men,Middle,Low
9113,Women,Older,Mid
9114,Women,Older,Mid
9115,Women,Middle,Mid
9116,Women,Middle,Mid
9117,Men,Middle,Mid
9118,Women,Older,Mid
9119,Women,Older,Mid
9120,Men,Young,Mid
9121,Men,Middle,Low
9122,Men,Young,Low
9123,Men,Middle,High
9124,Women,Middle,Low
9125,Men,Young,High
9126,Men,Young,Low
9127,Women,Middle,Low
9128,Men,Young,Low
9129,Men,Young,Low
9130,Women,Older,High
9131,Women,Middle,High
9132,Men,Young,Mid
9133,Men,Young,Low
9134,Women,Older,Low
9135,Men,Young,High
9136,Women,Older,Mid
9137,Men,Young,High
9138,Women,Older,Mid
9139,Women,Older,Low
9140,Women,Older,Low
9141,Women,Older,Mid
9142,Women,Middle,High
9143,Women,Middle,Low
9144,Women,Older,Mid
9145,Women,Middle,Mid
9146,Women,Middle,Low
9147,Men,Young,Mid
9148,Men,Young,Mid
9149,Women,Older,High
9150,Men,Young,Mid
9151,Men,Young,Low
9152,Women,Middle,High
9153,Men,Young,Low
9154,Men,Young,Mid
9155,Women,Older,High
9156,Women,Older,Mid
9157,Men,Young,Low
9158,Women,Older,High
9159,Women,Middle,Mid
9160,Men,Middle,Mid
9161,Men,Middle,High
9162,Men,Middle,Low
9163,Women,Older,Mid
9164,Men,Middle,Low
9165,Men,Middle,Low
9166,Men,Young,Low
9167,Women,Older,Mid
9168,Women,Middle,Mid
9169,Men,Young,Low
9170,Men,Young,Low
9171,Women,Older,Mid
9172,Women,Older,Low
9173,Women,Older,Mid
9174,Men,Young,Mid
9175,Men,Young,Low
9176,Women,Older,Mid
9177,Men,Middle,Mid
9178,Women,Older,Mid
9179,Men,Young,Low
9180,Women,Middle,High
9181,Women,Middle,Low
9182,Men,Middle,Low
9183,Men,Middle,Mid
9184,Women,Older,High
9185,Women,Older,High
9186,Women,Older,Low
9187,Women,Older,Mid
9188,Men,Middle,Low
9189,Women,Older,Low
9190,Men,Young,High
9191,Women,Older,High
9192,Men,Young,Mid
9193,Women,Older,Mid
9194,Women,Middle,Low
9195,Women,Middle,Low
9196,Men,Young,Low
9197,Women,Older,High
9198,Women,Older,Low
9199,Men,Young,High
9200,Men,Middle,Low
9201,Men,Young,Low
9202,Women,Older,Mid
9203,Men,Young,Mid
9204,Women,Middle,Mid
9205,Men,Young,Mid
9206,Women,Older,Mid
9207,Women,Older,Low
9208,Women,Middle,Mid
9209,Men,Young,Low
9210,Men,Middle,Low
9211,Women,Older,High
9212,Women,Middle,High
9213,Women,Older,Low
9214,Women,Middle,Low
9215,Women,Older,Mid
9216,Men,Middle,Low
9217,Women,Older,Low
9218,Men,Middle,Mid
9219,Men,Middle,Mid
9220,Women,Middle,Mid
9221,Women,Older,Low
9222,Women,Middle,Low
9223,Women,Middle,Low
9224,Men,Young,Low
9225,Women,Middle,Low
9226,Men,Young,Low
9227,Women,Middle,High
9228,Women,Middle,Low
9229,Women,Middle,Low
9230,Women,Older,Mid
9231,Men,Middle,Mid
9232,Men,Young,High
9233,Men,Middle,Mid
9234,Women,Older,Mid
9235,Women,Middle,High
9236,Women,Middle,Mid
9237,Men,Young,High
9238,Women,Middle,Low
9239,Women,Older,High
9240,Men,Young,Low
9241,Women,Older,Low
9242,Women,Older,High
9243,Men,Middle,Low
9244,Men,Young,Low
9245,Women,Middle,Mid
9246,Women,Older,Low
9247,Women,Older,Mid
9248,Women,Middle,Low
9249,Women,Middle,Low
9250,Men,Middle,Low
9251,Women,Middle,Low
9252,Women,Older,Low
9253,Women,Older,Mid
9254,Women,Older,Mid
9255,Men,Middle,Mid
9256,Women,Middle,Low
9257,Men,Young,Mid
9258,Men,Young,Mid
9259,Women,Older,Mid
9260,Men,Young,Mid
9261,Women,Middle,Low
9262,Men,Young,Mid
9263,Women,Middle,High
9264,Men,Young,Low
9265,Women,Older,Mid
9266,Women,Older,Low
9267,Women,Older,Mid
9268,Women,Middle,Mid
9269,Men,Young,Mid
9270,Men,Middle,Low
9271,Women,Middle,Mid
9272,Men,Middle,Mid
9273,Men,Young,Low
9274,Men,Middle,Mid
9275,Women,Middle,Mid
9276,Men,Young,Low
9277,Women,Older,Low
9278,Women,Older,High
9279,Men,Middle,Mid
9280,Men,Young,Low
9281,Women,Middle,Low
9282,Men,Young,High
9283,Men,Middle,Mid
9284,Men,Young,High
9285,Men,Middle,Low
9286,Women,Older,Mid
9287,Men,Young,Low
9288,Men,Young,High
9289,Women,Middle,High
9290,Men,Young,Low
9291,Women,Older,Mid
9292,Women,Older,Low
9293,Women,Older,Low
9294,Men,Young,Low
9295,Women,Middle,Low
9296,Men,Young,Low
9297,Women,Middle,High
9298,Women,Older,Mid
9299,Women,Middle,High
9300,Men,Young,Low
9301,Women,Older,Low
9302,Women,Older,Low
9303,Women,Older,High
9304,Men,Young,Low
9305,Women,Older,Mid
9306,Women,Middle,Low
9307,Women,Older,Mid
9308,Women,Middle,Mid
9309,Men,Young,High
9310,Men,Young,High
9311,Men,Young,Low
9312,Men,Young,Low
9313,Men,Young,High
9314,Men,Young,Mid
9315,Men,Young,Low
9316,Women,Middle,Low
9317,Women,Older,Mid
9318,Women,Older,Mid
9319,Men,Young,High
9320,Women,Middle,Mid
9321,Women,Older,Mid
9322,Women,Older,Low
9323,Men,Young,High
9324,Women,Older,Mid
9325,Men,Middle,Mid
9326,Men,Young,Low
9327,Men,Young,Low
9328,Men,Young,Mid
9329,Men,Young,Low
9330,Women,Older,High
9331,Women,Older,Mid
9332,Women,Older,High
9333,Women,Older,Mid
9334,Women,Older,High
9335,Women,Older,Low
9336,Men,Young,Low
9337,Women,Older,Low
9338,Women,Older,Low
9339,Women,Older,High
9340,Men,Young,Low
9341,Women,Older,High
9342,Men,Young,Low
9343,Men,Middle,Low
9344,Women,Older,High
9345,Women,Older,Mid
9346,Men,Young,Mid
9347,Men,Young,High
9348,Men,Young,High
9349,Men,Middle,High
9350,Women,Older,High
9351,Women,Older,Mid
9352,Women,Older,High
9353,Men,Middle,Low
9354,Men,Middle,Low
9355,Women,Middle,High
9356,Women,Older,Mid
9357,Men,Middle,High
9358,Men,Middle,Low
9359,Women,Older,Low
9360,Men,Middle,Low
9361,Women,Older,Low
9362,Men,Middle,Mid
9363,Women,Middle,Low
9364,Women,Middle,Mid
9365,Women,Older,Low
9366,Women,Middle,Low
9367,Men,Young,Low
9368,Women,Older,Mid
9369,Women,Older,Mid
9370,Men,Young,Low
9371,Men,Young,Low
9372,Men,Middle,Low
9373,Men,Middle,Low
9374,Women,Older,Mid
9375,Women,Older,Mid
9376,Women,Older,Mid
9377,Men,Middle,Mid
9378,Women,Older,Mid
9379,Women,Older,High
9380,Women,Middle,Low
9381,Men,Middle,Mid
9382,Women,Middle,Mid
9383,Men,Young,High
9384,Men,Middle,Mid
9385,Women,Older,Low
9386,Men,Young,Mid
9387,Men,Middle,Mid
9388,Men,Middle,Low
9389,Women,Older,High
9390,Women,Older,Mid
9391,Women,Middle,High
9392,Women,Older,Low
9393,Men,Young,Low
9394,Men,Young,Low
9395,Women,Older,High
9396,Women,Older,High
9397,Men,Young,Low
9398,Men,Young,Low
9399,Women,Middle,Mid
9400,Men,Young,Mid
9401,Women,Older,High
9402,Men,Middle,High
9403,Men,Young,Mid
9404,Women,Middle,Low
9405,Women,Older,Mid
9406,Men,Young,High
9407,Women,Middle,High
9408,Women,Older,High
9409,Women,Older,High
9410,Men,Young,Low
9411,Women,Older,Low
9412,Men,Young,Low
9413,Men,Young,High
9414,Men,Middle,Low
9415,Women,Older,Low
9416,Women,Older,Low
9417,Women,Older,Low
9418,Women,Older,Mid
9419,Women,Middle,Mid
9420,Men,Young,High
9421,Women,Older,Mid
9422,Men,Young,Low
9423,Women,Older,High
9424,Men,Young,Low
9425,Men,Young,Low
9426,Women,Older,Low
9427,Men,Young,Mid
9428,Women,Older,Low
9429,Men,Middle,High
9430,Women,Older,Low
9431,Women,Older,Low
9432,Women,Middle,Low
9433,Men,Middle,High
9434,Women,Middle,Mid
9435,Men,Young,Low
9436,Men,Young,Low
9437,Women,Older,High
9438,Women,Older,Mid
9439,Men,Middle,High
9440,Men,Middle,Mid
9441,Women,Older,Low
9442,Men,Middle,Mid
9443,Men,Young,Low
9444,Women,Older,High
9445,Women,Middle,High
9446,Women,Older,High
9447,Men,Young,Mid
9448,Women,Middle,Low
9449,Men,Young,Low
9450,Men,Young,Low
9451,Men,Young,High
9452,Women,Middle,Low
9453,Men,Young,High
9454,Women,Older,Low
9455,Men,Young,Mid
9456,Women,Older,Mid
9457,Women,Middle,Mid
9458,Women,Middle,Low
9459,Women,Older,Low
9460,Women,Middle,High
9461,Women,Middle,Low
9462,Men,Young,Mid
9463,Women,Older,Mid
9464,Men,Young,Low
9465,Men,Middle,Mid
9466,Women,Older,Low
9467,Men,Young,Low
9468,Men,Young,Low
9469,Men,Young,Low
9470,Women,Older,High
9471,Men,Young,Low
9472,Women,Middle,Mid
9473,Women,Older,Low
9474,Men,Young,Mid
9475,Men,Middle,Mid
9476,Men,Young,Low
9477,Women,Older,Mid
9478,Women,Older,Mid
9479,Men,Young,Low
9480,Women,Older,Mid
9481,Men,Middle,High
9482,Women,Older,High
9483,Men,Middle,High
9484,Women,Middle,Mid
9485,Women,Older,High
9486,Men,Young,Low
9487,Women,Middle,High
9488,Women,Older,Mid
9489,Women,Middle,High
9490,Women,Older,High
9491,Men,Middle,Low
9492,Men,Middle,Low
9493,Men,Middle,Low
9494,Men,Middle,High
9495,Men,Middle,Low
9496,Women,Middle,Mid
9497,Women,Older,Low
9498,Men,Young,Low
9499,Women,Middle,Low
9500,Men,Young,Low
9501,Men,Middle,High
9502,Women,Older,High
9503,Women,Older,Mid
9504,Men,Young,Low
9505,Women,Older,Low
9506,Men,Middle,Mid
9507,Men,Middle,Low
9508,Men,Young,Low
9509,Men,Middle,Mid
9510,Women,Middle,Low
9511,Men,Young,Mid
9512,Women,Older,Mid
9513,Women,Older,High
9514,Women,Older,Low
9515,Women,Middle,Mid
9516,Women,Older,Low
9517,Men,Young,Low
9518,Men,Young,Mid
9519,Women,Older,Low
9520,Men,Young,Mid
9521,Men,Young,Low
9522,Women,Middle,Low
9523,Men,Middle,High
9524,Women,Older,Low
9525,Women,Older,Low
9526,Men,Young,Low
9527,Men,Young,Mid
9528,Women,Middle,Mid
9529,Men,Young,Low
9530,Women,Middle,Low
9531,Men,Young,Mid
9532,Women,Middle,Low
9533,Men,Young,Low
9534,Women,Middle,Low
9535,Women,Older,Low
9536,Men,Middle,Mid
9537,Men,Middle,Low
9538,Women,Older,High
9539,Women,Middle,Low
9540,Men,Young,Low
9541,Men,Young,Low
9542,Women,Middle,Low
9543,Men,Young,Low
9544,Women,Older,Mid
9545,Women,Older,Low
9546,Women,Middle,Mid
9547,Men,Middle,Mid
9548,Men,Middle,High
9549,Men,Young,Low
9550,Men,Young,High
9551,Women,Older,Low
9552,Men,Young,High
9553,Women,Older,Mid
9554,Women,Older,Low
9555,Men,Young,Low
9556,Women,Older,High
9557,Women,Older,Low
9558,Women,Older,Low
9559,Men,Young,Low
9560,Women,Middle,Mid
9561,Men,Young,Low
9562,Women,Older,Low
9563,Women,Middle,Low
9564,Men,Middle,Low
9565,Women,Older,Low
9566,Men,Young,Mid
9567,Women,Older,High
9568,Women,Older,Low
9569,Men,Middle,Mid
9570,Women,Older,Low
9571,Men,Young,High
9572,Women,Older,Mid
9573,Men,Middle,Low
9574,Women,Older,High
9575,Women,Older,Low
9576,Women,Older,Mid
9577,Women,Older,Low
9578,Women,Older,Mid
9579,Women,Older,Mid
9580,Men,Young,Mid
9581,Women,Older,Low
9582,Women,Older,Low
9583,Women,Middle,Low
9584,Women,Older,Low
9585,Men,Young,Low
9586,Women,Older,Low
9587,Women,Older,Mid
9588,Men,Young,Low
9589,Women,Older,Low
9590,Men,Young,High
9591,Men,Young,Mid
9592,Women,Older,Mid
9593,Men,Young,High
9594,Women,Older,Mid
9595,Women,Older,Mid
9596,Women,Older,Mid
9597,Women,Older,Mid
9598,Women,Middle,Mid
9599,Women,Older,Mid
9600,Women,Older,Low
9601,Women,Older,Low
9602,Women,Older,Low
9603,Men,Middle,Mid
9604,Women,Middle,Mid
9605,Men,Young,Low
9606,Men,Young,Low
9607,Men,Young,Mid
9608,Men,Middle,Mid
9609,Men,Middle,High
9610,Women,Older,High
9611,Women,Older,Low
9612,Men,Young,High
9613,Men,Young,Mid
9614,Women,Older,High
9615,Men,Young,Low
9616,Women,Older,High
9617,Men,Middle,High
9618,Men,Middle,Mid
9619,Men,Young,Mid
9620,Women,Older,High
9621,Women,Older,High
9622,Women,Middle,High
9623,Women,Middle,Low
9624,Men,Middle,High
9625,Men,Young,Low
9626,Women,Older,Low
9627,Women,Older,High
9628,Women,Middle,Low
9629,Men,Young,Low
9630,Men,Young,Mid
9631,Women,Older,Low
9632,Men,Young,High
9633,Men,Young,Mid
9634,Men,Middle,Low
9635,Men,Middle,High
9636,Women,Older,Mid
9637,Women,Older,High
9638,Women,Older,Mid
9639,Women,Middle,Low
9640,Men,Young,Low
9641,Women,Older,Mid
9642,Men,Middle,Low
9643,Women,Middle,Low
9644,Women,Older,Low
9645,Women,Older,Mid
9646,Women,Middle,Low
9647,Women,Older,Low
9648,Men,Middle,Low
9649,Men,Young,Mid
9650,Men,Young,Mid
9651,Women,Older,Low
9652,Women,Older,High
9653,Men,Middle,Mid
9654,Men,Young,High
9655,Women,Middle,Low
9656,Men,Young,High
9657,Men,Middle,Mid
9658,Women,Older,High
9659,Women,Older,Mid
9660,Men,Young,Low
9661,Men,Middle,Low
9662,Men,Middle,Mid
9663,Men,Middle,Low
9664,Men,Young,Low
9665,Men,Middle,High
9666,Men,Young,Low
9667,Men,Middle,Mid
9668,Women,Middle,Mid
9669,Men,Middle,Mid
9670,Women,Older,Mid
9671,Men,Young,Mid
9672,Women,Middle,Low
9673,Women,Older,Low
9674,Men,Young,Low
9675,Men,Young,Low
9676,Men,Young,Mid
9677,Men,Middle,Low
9678,Men,Young,Mid
9679,Women,Older,Low
9680,Men,Young,Mid
9681,Women,Older,Mid
9682,Women,Older,Mid
9683,Women,Older,High
9684,Men,Middle,Low
9685,Women,Older,High
9686,Women,Older,High
9687,Women,Middle,Low
9688,Women,Older,Low
9689,Women,Older,Mid
9690,Women,Middle,Low
9691,Women,Older,High
9692,Women,Older,Low
9693,Men,Young,High
9694,Women,Older,Mid
9695,Men,Young,Mid
9696,Women,Older,Low
9697,Men,Young,Mid
9698,Women,Older,High
9699,Women,Older,High
9700,Men,Middle,Mid
9701,Men,Young,Low
9702,Women,Older,High
9703,Women,Older,Low
9704,Men,Middle,Mid
9705,Women,Older,Low
9706,Men,Young,Low
9707,Men,Middle,Mid
9708,Men,Young,Mid
9709,Women,Middle,Mid
9710,Men,Middle,Low
9711,Men,Young,High
9712,Men,Young,Low
9713,Women,Older,Low
9714,Women,Older,High
9715,Men,Young,Low
9716,Men,Middle,Mid
9717,Women,Older,Mid
9718,Women,Older,High
9719,Men,Middle,Mid
9720,Women,Older,High
9721,Men,Young,Mid
9722,Men,Middle,Mid
9723,Men,Young,Mid
9724,Women,Middle,Mid
9725,Women,Middle,Low
9726,Women,Older,Mid
9727,Women,Middle,Mid
9728,Men,Young,Low
9729,Men,Young,Mid
9730,Women,Older,Low
9731,Women,Older,Mid
9732,Women,Older,High
9733,Women,Older,High
9734,Men,Young,Low
9735,Women,Older,High
9736,Men,Middle,Mid
9737,Women,Older,Low
9738,Women,Middle,High
9739,Women,Older,High
9740,Women,Older,Low
9741,Men,Middle,Low
9742,Men,Young,Low
9743,Women,Older,Low
9744,Men,Young,Low
9745,Men,Young,Low
9746,Women,Middle,Low
9747,Women,Older,Mid
9748,Men,Young,Low
9749,Men,Middle,High
9750,Women,Middle,Low
9751,Women,Older,Low
9752,Women,Middle,Mid
9753,Women,Older,Mid
9754,Women,Older,Low
9755,Men,Young,Mid
9756,Men,Young,High
9757,Men,Middle,Low
9758,Men,Middle,Low
9759,Women,Older,Low
9760,Men,Young,Low
9761,Women,Older,Low
9762,Women,Middle,Mid
9763,Women,Older,Low
9764,Men,Middle,High
9765,Men,Young,Mid
9766,Men,Young,Mid
9767,Men,Middle,Low
9768,Men,Young,Low
9769,Women,Older,Mid
9770,Men,Middle,High
9771,Women,Older,Mid
9772,Men,Middle,High
9773,Women,Middle,High
9774,Men,Middle,Mid
9775,Men,Young,Mid
9776,Women,Older,Mid
9777,Women,Middle,Low
9778,Women,Older,Mid
9779,Women,Older,Low
9780,Men,Young,Low
9781,Women,Older,Mid
9782,Women,Older,Low
9783,Men,Young,Mid
9784,Women,Middle,Low
9785,Men,Middle,Low
9786,Women,Middle,Low
9787,Men,Middle,Mid
9788,Women,Older,Low
9789,Women,Older,Mid
9790,Men,Middle,Mid
9791,Men,Young,Low
9792,Women,Older,Low
9793,Men,Young,Mid
9794,Women,Middle,Mid
9795,Men,Young,Low
9796,Women,Older,High
9797,Women,Older,Mid
9798,Women,Older,Mid
9799,Men,Middle,Mid
9800,Women,Older,High
9801,Women,Older,Low
9802,Women,Older,High
9803,Women,Older,Low
9804,Women,Middle,High
9805,Women,Older,Low
9806,Men,Middle,Mid
9807,Women,Middle,Mid
9808,Women,Older,Mid
9809,Men,Young,Low
9810,Men,Middle,Mid
9811,Men,Young,Low
9812,Men,Young,Low
9813,Men,Young,Low
9814,Women,Older,High
9815,Women,Older,Mid
9816,Women,Older,Low
9817,Men,Young,Low
9818,Women,Older,Low
9819,Men,Middle,Low
9820,Women,Middle,Low
9821,Men,Young,Mid
9822,Men,Middle,Mid
9823,Women,Older,Low
9824,Women,Middle,High
9825,Men,Middle,Low
9826,Women,Middle,Low
9827,Women,Older,Mid
9828,Men,Middle,High
9829,Women,Older,Low
9830,Men,Young,Low
9831,Men,Young,Mid
9832,Women,Older,Mid
9833,Women,Older,Low
9834,Women,Older,Low
9835,Women,Older,Low
9836,Women,Middle,Low
9837,Women,Older,Low
9838,Women,Middle,Low
9839,Men,Middle,Mid
9840,Women,Middle,Mid
9841,Men,Middle,Mid
9842,Women,Older,Mid
9843,Men,Young,Mid
9844,Women,Middle,Mid
9845,Men,Middle,Mid
9846,Men,Young,Mid
9847,Women,Older,High
9848,Women,Middle,Low
9849,Women,Older,Mid
9850,Men,Young,High
9851,Men,Young,Mid
9852,Women,Middle,Mid
9853,Women,Older,Low
9854,Men,Young,Low
9855,Men,Middle,Low
9856,Women,Middle,Low
9857,Men,Young,Low
9858,Men,Middle,Low
9859,Men,Young,High
9860,Women,Older,Low
9861,Men,Young,Low
9862,Men,Middle,Mid
9863,Men,Middle,Low
9864,Men,Young,Low
9865,Women,Older,Low
9866,Women,Older,Mid
9867,Men,Young,Low
9868,Men,Middle,Mid
9869,Women,Middle,Low
9870,Women,Older,High
9871,Men,Middle,Low
9872,Women,Older,Low
9873,Men,Middle,Mid
9874,Men,Young,High
9875,Men,Young,High
9876,Men,Young,Low
9877,Women,Middle,High
9878,Women,Middle,Mid
9879,Women,Middle,Low
9880,Women,Older,High
9881,Women,Older,Low
9882,Men,Middle,High
9883,Men,Middle,High
9884,Women,Older,High
9885,Men,Middle,High
9886,Women,Middle,Low
9887,Women,Middle,Mid
9888,Men,Young,Low
9889,Women,Older,Low
9890,Women,Older,Mid
9891,Men,Middle,Low
9892,Women,Middle,Low
9893,Men,Young,High
9894,Men,Young,Low
9895,Men,Young,Mid
9896,Women,Older,Low
9897,Women,Older,High
9898,Men,Middle,Low
9899,Women,Middle,High
9900,Women,Older,Mid
9901,Women,Middle,Low
9902,Women,Older,Mid
9903,Women,Middle,Mid
9904,Women,Older,High
9905,Men,Middle,High
9906,Women,Older,Low
9907,Women,Older,Mid
9908,Women,Older,High
9909,Men,Middle,Mid
9910,Men,Middle,Mid
9911,Women,Older,Low
9912,Women,Middle,Low
9913,Women,Middle,Low
9914,Women,Older,Mid
9915,Men,Young,High
9916,Women,Older,Low
9917,Men,Young,High
9918,Men,Young,Low
9919,Men,Young,Low
9920,Women,Middle,Mid
9921,Women,Older,Mid
9922,Women,Older,Mid
9923,Men,Young,High
9924,Women,Older,Low
9925,Men,Young,Mid
9926,Women,Older,High
9927,Men,Middle,Low
9928,Women,Middle,Low
9929,Women,Older,Low
9930,Women,Older,High
9931,Women,Older,High
9932,Men,Middle,Low
9933,Men,Young,Low
9934,Women,Older,Low
9935,Men,Young,High
9936,Men,Young,Mid
9937,Men,Young,Low
9938,Women,Older,Low
9939,Men,Middle,Low
9940,Women,Older,Low
9941,Men,Young,High
9942,Women,Older,Mid
9943,Men,Young,Low
9944,Women,Older,Mid
9945,Women,Older,High
9946,Women,Older,Mid
9947,Women,Middle,Mid
9948,Women,Older,Low
9949,Men,Young,High
9950,Women,Middle,Mid
9951,Men,Young,Mid
9952,Men,Middle,High
9953,Men,Young,Low
9954,Women,Middle,Low
9955,Men,Young,Mid
9956,Men,Young,Low
9957,Men,Young,Low
9958,Women,Middle,High
9959,Women,Older,Mid
9960,Men,Middle,Low
9961,Men,Middle,Low
9962,Men,Young,Low
9963,Men,Young,Mid
9964,Women,Older,Mid
9965,Men,Young,Low
9966,Women,Older,Mid
9967,Women,Older,Mid
9968,Men,Young,Mid
9969,Women,Older,Low
9970,Women,Older,Mid
9971,Men,Middle,Low
9972,Men,Middle,Mid
9973,Men,Middle,Mid
9974,Men,Young,Mid
9975,Women,Middle,Low
9976,Women,Older,Mid
9977,Men,Young,High
9978,Women,Middle,Mid
9979,Men,Young,High
9980,Women,Older,Low
9981,Women,Older,High
9982,Women,Older,Mid
9983,Women,Middle,High
9984,Women,Older,Mid
9985,Women,Middle,Low
9986,Men,Young,Mid
9987,Men,Young,High
9988,Women,Older,Low
9989,Women,Older,Low
9990,Men,Young,Low
9991,Women,Older,Low
9992,Women,Older,Low
9993,Men,Middle,Low
9994,Women,Older,High
9995,Women,Older,Mid
9996,Women,Older,Low
9997,Women,Older,High
9998,Women,Middle,Mid
9999,Women,Older,High
10000,Women,Middle,Low
10001,Women,Older,Mid
10002,Women,Middle,Low
10003,Men,Young,Mid
10004,Men,Young,Low
10005,Men,Young,Low
10006,Men,Young,Low
10007,Men,Young,Low
10008,Women,Middle,Low
10009,Men,Middle,High
10010,Women,Middle,Low
10011,Men,Middle,Mid
10012,Men,Young,Mid
10013,Men,Young,Mid
10014,Men,Young,Low
10015,Men,Young,Low
10016,Men,Young,Low
10017,Women,Older,High
10018,Women,Middle,Mid
10019,Women,Middle,Low
10020,Women,Older,High
10021,Women,Middle,Low
10022,Men,Young,Mid
10023,Men,Middle,Low
10024,Women,Older,Low
10025,Men,Young,Low
10026,Women,Older,Mid
10027,Men,Young,Low
10028,Women,Older,Mid
10029,Women,Older,Mid
10030,Men,Young,Low
10031,Women,Older,Low
10032,Women,Older,Low
10033,Women,Middle,High
10034,Women,Older,Low
10035,Women,Older,Mid
10036,Men,Middle,Low
10037,Women,Older,Mid
10038,Women,Older,High
10039,Men,Young,Low
10040,Men,Middle,Mid
10041,Men,Young,Low
10042,Women,Older,Low
10043,Women,Older,High
10044,Men,Young,High
10045,Men,Middle,Low
10046,Women,Older,Mid
10047,Men,Young,Mid
10048,Men,Middle,Low
10049,Men,Young,Low
10050,Women,Middle,High
10051,Men,Young,Low
10052,Women,Middle,Low
10053,Men,Middle,Low
10054,Women,Older,Low
10055,Men,Young,Mid
10056,Men,Middle,Low
10057,Women,Older,Mid
10058,Women,Older,Mid
10059,Women,Older,High
10060,Women,Older,Mid
10061,Women,Older,Low
10062,Women,Older,Mid
10063,Women,Older,Low
10064,Men,Middle,Low
10065,Women,Middle,Mid
10066,Men,Young,Low
10067,Men,Middle,High
10068,Women,Older,High
10069,Men,Young,Mid
10070,Men,Young,High
10071,Men,Young,High
10072,Men,Middle,Mid
10073,Women,Older,Mid
10074,Women,Middle,Low
10075,Men,Young,High
10076,Women,Middle,Low
10077,Women,Older,Low
10078,Men,Middle,Mid
10079,Women,Middle,Low
10080,Men,Young,High
10081,Women,Older,Mid
10082,Women,Older,Mid
10083,Women,Middle,Mid
10084,Men,Young,Low
10085,Women,Older,High
10086,Women,Middle,Mid
10087,Women,Older,Mid
10088,Men,Middle,Low
10089,Women,Middle,High
10090,Women,Older,Mid
10091,Men,Middle,Low
10092,Women,Older,Mid
10093,Women,Middle,Low
10094,Women,Middle,Mid
10095,Men,Young,Low
10096,Women,Middle,High
10097,Men,Young,Low
10098,Men,Young,Mid
10099,Men,Middle,Low
10100,Women,Older,Low
10101,Men,Young,High
10102,Men,Young,Low
10103,Women,Older,High
10104,Women,Middle,Mid
10105,Men,Middle,Low
10106,Women,Middle,Mid
10107,Women,Middle,Low
10108,Men,Young,Low
10109,Men,Young,High
10110,Women,Older,High
10111,Women,Middle,Mid
10112,Women,Middle,Low
10113,Women,Older,Mid
10114,Women,Older,Low
10115,Women,Middle,High
10116,Men,Middle,High
10117,Men,Middle,High
10118,Women,Older,Mid
10119,Men,Middle,Mid
10120,Women,Middle,Low
10121,Women,Older,Mid
10122,Men,Middle,Mid
10123,Men,Middle,Low
10124,Women,Middle,Mid
10125,Women,Older,Mid
10126,Women,Middle,High
10127,Women,Older,Low
10128,Men,Young,Mid
10129,Men,Young,Low
10130,Women,Middle,Low
10131,Women,Older,Low
10132,Men,Middle,Low
10133,Men,Middle,Mid
10134,Men,Young,Low
10135,Women,Older,Low
10136,Women,Older,Low
10137,Men,Young,High
10138,Women,Older,Low
10139,Women,Older,Low
10140,Men,Young,Low
10141,Women,Older,Low
10142,Women,Older,High
10143,Men,Middle,Mid
10144,Women,Older,High
10145,Women,Older,High
10146,Women,Older,Mid
10147,Women,Older,Mid
10148,Men,Young,Mid
10149,Women,Older,Mid
10150,Women,Older,Low
10151,Women,Older,Low
10152,Men,Middle,High
10153,Men,Middle,Low
10154,Women,Older,Low
10155,Men,Middle,Mid
10156,Women,Older,Low
10157,Women,Older,Low
10158,Women,Older,Mid
10159,Women,Middle,Low
10160,Women,Older,Low
10161,Men,Middle,High
10162,Women,Middle,High
10163,Men,Young,Low
10164,Women,Older,High
10165,Men,Middle,Mid
10166,Women,Older,Low
10167,Men,Middle,Mid
10168,Men,Middle,High
10169,Women,Older,Low
10170,Men,Middle,Low
10171,Men,Young,Mid
10172,Men,Young,Low
10173,Men,Young,High
10174,Men,Middle,Mid
10175,Men,Young,Low
10176,Women,Middle,Low
10177,Men,Young,Low
10178,Men,Middle,Low
10179,Women,Older,Mid
10180,Men,Young,Low
10181,Men,Young,High
10182,Women,Middle,Low
10183,Women,Older,Low
10184,Men,Young,Low
10185,Women,Older,High
10186,Women,Middle,Mid
10187,Women,Older,Low
10188,Men,Young,Mid
10189,Men,Young,Low
10190,Men,Young,Mid
10191,Men,Middle,Low
10192,Men,Young,Low
10193,Women,Older,Mid
10194,Women,Older,High
10195,Women,Older,Low
10196,Women,Older,Mid
10197,Women,Older,Mid
10198,Women,Middle,Low
10199,Men,Young,Mid
10200,Women,Older,High
10201,Men,Young,Mid
10202,Men,Young,High
10203,Women,Middle,Mid
10204,Women,Older,Mid
10205,Women,Middle,Low
10206,Men,Young,High
10207,Men,Young,Mid
10208,Women,Older,Mid
10209,Men,Young,Mid
10210,Men,Middle,Low
10211,Women,Middle,Low
10212,Men,Young,Mid
10213,Men,Young,Mid
10214,Women,Older,Low
10215,Women,Middle,Mid
10216,Men,Young,Low
10217,Women,Older,Low
10218,Men,Young,Low
10219,Women,Older,Mid
10220,Women,Older,Mid
10221,Women,Older,High
10222,Men,Young,High
10223,Men,Young,Low
10224,Women,Older,Mid
10225,Women,Older,Mid
10226,Women,Middle,Mid
10227,Women,Older,High
10228,Women,Older,High
10229,Men,Middle,Low
10230,Women,Middle,Low
10231,Women,Older,Mid
10232,Women,Older,High
10233,Men,Young,Low
10234,Men,Young,High
10235,Women,Older,Low
10236,Women,Middle,Low
10237,Women,Middle,Mid
10238,Men,Middle,Low
10239,Men,Young,Mid
10240,Men,Young,High
10241,Men,Middle,Low
10242,Men,Middle,Low
10243,Men,Young,Low
10244,Women,Middle,Mid
10245,Men,Young,Mid
10246,Women,Middle,Low
10247,Women,Middle,Mid
10248,Men,Middle,Low
10249,Men,Middle,Mid
10250,Women,Older,High
10251,Men,Young,High
10252,Men,Young,Low
10253,Women,Middle,Mid
10254,Men,Young,Low
10255,Men,Young,High
10256,Women,Older,High
10257,Men,Young,Mid
10258,Women,Middle,Mid
10259,Men,Young,Low
10260,Men,Young,Low
10261,Women,Older,Mid
10262,Women,Older,Mid
10263,Men,Young,Low
10264,Women,Older,Mid
10265,Women,Older,Low
10266,Men,Middle,Low
10267,Women,Older,High
10268,Women,Older,Low
10269,Women,Middle,Mid
10270,Women,Middle,High
10271,Women,Older,Low
10272,Men,Middle,Mid
10273,Women,Middle,Mid
10274,Women,Middle,Mid
10275,Women,Middle,Low
10276,Men,Young,Mid
10277,Men,Middle,Mid
10278,Women,Older,High
10279,Women,Older,Mid
10280,Women,Older,Low
10281,Women,Older,Low
10282,Men,Young,High
10283,Women,Older,Low
10284,Men,Young,Mid
10285,Women,Older,Mid
10286,Men,Young,Low
10287,Women,Older,Low
10288,Women,Middle,Low
10289,Men,Middle,High
10290,Men,Young,Low
10291,Men,Young,Mid
10292,Women,Older,High
10293,Men,Young,Mid
10294,Men,Young,Mid
10295,Women,Older,Low
10296,Women,Middle,Low
10297,Men,Young,Mid
10298,Men,Young,Low
10299,Women,Older,High
10300,Women,Older,Mid
10301,Women,Middle,Mid
10302,Men,Young,Low
10303,Men,Middle,Low
10304,Women,Older,Low
10305,Men,Middle,Low
10306,Women,Older,Low
10307,Men,Middle,Low
10308,Men,Young,Low
10309,Women,Older,Mid
10310,Women,Middle,Low
10311,Women,Middle,High
10312,Women,Middle,Low
10313,Men,Middle,Low
10314,Women,Older,Low
10315,Men,Young,High
10316,Women,Middle,Low
10317,Men,Young,Mid
10318,Women,Older,Mid
10319,Men,Middle,Mid
10320,Men,Young,Mid
10321,Women,Older,High
10322,Women,Older,Low
10323,Women,Older,Mid
10324,Women,Older,Low
10325,Women,Older,High
10326,Women,Middle,Mid
10327,Women,Older,High
10328,Men,Young,Low
10329,Women,Middle,Mid
10330,Women,Middle,Mid
10331,Women,Older,High
10332,Women,Middle,Mid
10333,Men,Middle,Low
10334,Women,Middle,Mid
10335,Men,Middle,Mid
10336,Women,Middle,Mid
10337,Women,Older,Low
10338,Men,Young,Low
10339,Men,Middle,High
10340,Women,Middle,Low
10341,Women,Older,High
10342,Women,Middle,Mid
10343,Men,Middle,Mid
10344,Men,Young,Low
10345,Women,Older,Mid
10346,Women,Older,Mid
10347,Women,Older,Mid
10348,Men,Young,Low
10349,Women,Middle,Low
10350,Women,Middle,Mid
10351,Men,Young,Low
10352,Men,Middle,Low
10353,Women,Middle,Mid
10354,Women,Middle,Mid
10355,Men,Middle,Low
10356,Men,Middle,Low
10357,Men,Young,Low
10358,Men,Middle,Low
10359,Women,Older,Mid
10360,Women,Older,Mid
10361,Men,Middle,Mid
10362,Women,Older,High
10363,Women,Middle,Mid
10364,Women,Middle,Mid
10365,Men,Middle,Mid
10366,Women,Middle,Mid
10367,Men,Young,Mid
10368,Women,Middle,Low
10369,Women,Older,Mid
10370,Women,Middle,Mid
10371,Women,Older,Mid
10372,Men,Middle,High
10373,Women,Older,Mid
10374,Men,Young,Mid
10375,Women,Older,Mid
10376,Men,Young,Low
10377,Women,Older,Low
10378,Women,Older,Low
10379,Men,Middle,High
10380,Women,Older,Mid
10381,Women,Middle,Low
10382,Women,Older,High
10383,Men,Middle,High
10384,Women,Middle,Low
10385,Women,Older,High
10386,Men,Young,Low
10387,Women,Middle,Mid
10388,Women,Middle,Low
10389,Women,Older,High
10390,Men,Middle,Mid
10391,Women,Older,High
10392,Men,Young,Low
10393,Women,Older,Mid
10394,Women,Older,High
10395,Men,Young,Low
10396,Women,Older,Low
10397,Men,Middle,Mid
10398,Women,Middle,Low
10399,Women,Middle,Low
10400,Women,Middle,Low
10401,Women,Older,Low
10402,Women,Older,Mid
10403,Men,Middle,Low
10404,Men,Young,Low
10405,Women,Older,Low
10406,Women,Older,High
10407,Men,Young,Low
10408,Women,Older,High
10409,Women,Older,High
10410,Women,Older,Mid
10411,Men,Middle,Low
10412,Men,Young,Low
10413,Men,Young,Mid
10414,Women,Middle,High
10415,Women,Middle,High
10416,Women,Older,Low
10417,Women,Older,Low
10418,Men,Young,Mid
10419,Women,Older,Mid
10420,Women,Older,Mid
10421,Men,Young,Low
10422,Men,Middle,Low
10423,Women,Middle,Mid
10424,Men,Young,High
10425,Men,Young,High
10426,Women,Middle,Mid
10427,Men,Young,Mid
10428,Women,Older,High
10429,Women,Older,Mid
10430,Women,Older,Low
10431,Men,Young,Low
10432,Women,Older,High
10433,Men,Middle,Mid
10434,Women,Older,Low
10435,Men,Young,Mid
10436,Men,Middle,Low
10437,Women,Older,Mid
10438,Men,Middle,Low
10439,Women,Middle,Low
10440,Women,Older,High
10441,Women,Older,High
10442,Women,Older,Low
10443,Women,Older,High
10444,Men,Young,Low
10445,Women,Older,Low
10446,Men,Young,High
10447,Women,Older,High
10448,Women,Older,Mid
10449,Women,Middle,Mid
10450,Women,Older,Low
10451,Men,Young,Low
10452,Women,Older,Low
10453,Men,Young,Mid
10454,Women,Middle,Low
10455,Women,Middle,High
10456,Women,Middle,Low
10457,Men,Young,Low
10458,Men,Young,High
10459,Women,Older,High
10460,Women,Older,Mid
10461,Men,Middle,High
10462,Men,Young,Low
10463,Women,Older,Low
10464,Men,Young,Mid
10465,Women,Older,Low
10466,Women,Older,Mid
10467,Men,Young,Low
10468,Women,Older,Mid
10469,Men,Middle,High
10470,Men,Middle,High
10471,Men,Young,Low
10472,Men,Young,Mid
10473,Men,Middle,Mid
10474,Women,Older,High
10475,Men,Middle,High
10476,Women,Older,Low
10477,Men,Young,Low
10478,Women,Older,High
10479,Women,Older,Mid
10480,Women,Middle,Low
10481,Men,Middle,Low
10482,Women,Middle,High
10483,Women,Older,Low
10484,Women,Older,High
10485,Women,Middle,Low
10486,Men,Young,High
10487,Women,Older,Mid
10488,Men,Middle,High
10489,Men,Middle,Mid
10490,Men,Middle,Low
10491,Women,Older,Mid
10492,Women,Middle,Low
10493,Women,Older,Low
10494,Women,Older,High
10495,Women,Older,Low
10496,Men,Young,Mid
10497,Women,Middle,High
10498,Men,Middle,Low
10499,Men,Young,Low
10500,Men,Young,Mid
10501,Women,Older,Low
10502,Men,Young,Low
10503,Men,Young,High
10504,Men,Young,High
10505,Men,Young,Low
10506,Women,Older,Low
10507,Men,Middle,High
10508,Men,Middle,Low
10509,Men,Middle,Mid
10510,Men,Young,Low
10511,Men,Young,Low
10512,Women,Older,High
10513,Women,Older,Mid
10514,Men,Young,Mid
10515,Women,Older,Mid
10516,Men,Middle,Mid
10517,Women,Older,Low
10518,Women,Middle,Low
10519,Men,Young,Mid
10520,Women,Older,High
10521,Women,Older,Mid
10522,Men,Middle,Low
10523,Women,Older,Low
10524,Women,Older,High
10525,Women,Older,Low
10526,Men,Young,Low
10527,Women,Middle,High
10528,Women,Middle,Mid
10529,Women,Older,Low
10530,Women,Middle,Mid
10531,Women,Older,Low
10532,Women,Older,Mid
10533,Women,Older,High
10534,Women,Older,Mid
10535,Men,Young,Low
10536,Women,Older,Low
10537,Women,Older,High
10538,Men,Middle,Mid
10539,Men,Young,Mid
10540,Men,Young,Low
10541,Women,Older,Low
10542,Women,Older,Mid
10543,Women,Older,Low
10544,Women,Older,Mid
10545,Men,Middle,Low
10546,Women,Older,Mid
10547,Men,Young,High
10548,Men,Middle,Low
10549,Women,Older,High
10550,Men,Middle,High
10551,Men,Middle,Low
10552,Men,Middle,Mid
10553,Men,Middle,High
10554,Women,Older,Low
10555,Men,Young,Mid
10556,Men,Young,High
10557,Men,Middle,Mid
10558,Women,Older,High
10559,Women,Older,Mid
10560,Women,Older,Mid
10561,Women,Older,Mid
10562,Men,Young,Low
10563,Women,Middle,Mid
10564,Men,Young,Low
10565,Women,Older,Mid
10566,Women,Older,Mid
10567,Men,Middle,Mid
10568,Men,Young,Mid
10569,Men,Middle,Low
10570,Men,Middle,Mid
10571,Men,Young,Low
10572,Women,Middle,Mid
10573,Women,Middle,Low
10574,Men,Middle,Low
10575,Men,Middle,Low
10576,Men,Young,Low
10577,Women,Middle,High
10578,Men,Young,Low
10579,Men,Middle,Low
10580,Women,Older,Low
10581,Men,Middle,Mid
10582,Women,Older,Low
10583,Men,Young,High
10584,Men,Middle,High
10585,Men,Middle,Mid
10586,Men,Young,Mid
10587,Women,Older,Low
10588,Women,Middle,High
10589,Women,Middle,Mid
10590,Women,Older,Mid
10591,Men,Young,Mid
10592,Men,Young,Mid
10593,Men,Middle,Mid
10594,Men,Young,Low
10595,Men,Middle,High
10596,Women,Older,Mid
10597,Women,Older,Low
10598,Men,Young,Mid
10599,Women,Older,Low
10600,Women,Older,High
10601,Women,Older,Mid
10602,Men,Middle,Mid
10603,Women,Middle,High
10604,Men,Middle,High
10605,Men,Young,Low
10606,Men,Young,Low
10607,Women,Middle,Mid
10608,Men,Young,Low
10609,Women,Older,Mid
10610,Men,Middle,Low
10611,Men,Young,Low
10612,Men,Young,Low
10613,Men,Young,Low
10614,Men,Young,Mid
10615,Women,Middle,Low
10616,Women,Older,Low
10617,Women,Older,Mid
10618,Women,Older,Mid
10619,Women,Older,Low
10620,Men,Young,Low
10621,Women,Older,Low
10622,Men,Young,Mid
10623,Women,Older,Low
10624,Men,Young,Mid
10625,Men,Young,Low
10626,Men,Middle,High
10627,Men,Young,Mid
10628,Men,Middle,High
10629,Women,Middle,High
10630,Women,Older,Low
10631,Men,Young,High
10632,Men,Young,Mid
10633,Women,Middle,Low
10634,Men,Young,Low
10635,Women,Older,High
10636,Men,Middle,Low
10637,Women,Older,Mid
10638,Women,Middle,Low
10639,Women,Middle,High
10640,Men,Young,Mid
10641,Men,Middle,Mid
10642,Women,Older,Low
10643,Women,Older,High
10644,Men,Middle,Low
10645,Men,Middle,Low
10646,Women,Older,High
10647,Women,Middle,Low
10648,Men,Young,Low
10649,Men,Young,Low
10650,Men,Middle,Low
10651,Men,Young,Low
10652,Men,Middle,Low
10653,Men,Young,Low
10654,Men,Middle,Mid
10655,Men,Middle,High
10656,Women,Older,Mid
10657,Women,Older,Low
10658,Men,Young,Low
10659,Women,Older,Low
10660,Men,Middle,Low
10661,Men,Young,High
10662,Women,Older,Low
10663,Women,Older,Low
10664,Women,Older,Low
10665,Men,Middle,High
10666,Women,Older,High
10667,Men,Young,Low
10668,Men,Young,Low
10669,Women,Older,Mid
10670,Women,Middle,Mid
10671,Men,Young,Low
10672,Women,Older,Mid
10673,Women,Older,Mid
10674,Women,Older,Mid
10675,Women,Middle,Mid
10676,Men,Young,High
10677,Women,Middle,Mid
10678,Men,Young,Low
10679,Men,Middle,Low
10680,Women,Older,Mid
10681,Men,Young,Low
10682,Women,Older,High
10683,Women,Older,Mid
10684,Women,Middle,Mid
10685,Men,Middle,Low
10686,Men,Young,Mid
10687,Women,Older,Mid
10688,Women,Older,Mid
10689,Men,Middle,High
10690,Men,Young,Low
10691,Women,Older,Mid
10692,Men,Young,Mid
10693,Women,Older,High
10694,Women,Middle,Mid
10695,Women,Older,Low
10696,Men,Young,Mid
10697,Women,Older,Mid
10698,Women,Older,Low
10699,Men,Young,Mid
10700,Women,Older,Low
10701,Men,Young,Low
10702,Men,Young,High
10703,Women,Older,Low
10704,Men,Young,Low
10705,Women,Older,High
10706,Women,Older,Mid
10707,Women,Middle,High
10708,Men,Young,Mid
10709,Women,Older,Mid
10710,Men,Middle,Low
10711,Women,Older,High
10712,Women,Older,High
10713,Women,Older,Low
10714,Women,Older,Mid
10715,Men,Middle,Mid
10716,Men,Young,Low
10717,Men,Young,Mid
10718,Men,Young,Mid
10719,Men,Middle,Low
10720,Men,Middle,Low
10721,Women,Older,Mid
10722,Women,Older,High
10723,Women,Older,Mid
10724,Women,Older,Mid
10725,Women,Older,Low
10726,Women,Older,Mid
10727,Women,Older,Low
10728,Men,Young,High
10729,Men,Young,Mid
10730,Men,Young,Low
10731,Women,Older,Mid
10732,Men,Young,Low
10733,Women,Older,High
10734,Women,Older,Mid
10735,Women,Older,High
10736,Women,Older,Low
10737,Women,Older,Mid
10738,Women,Older,Mid
10739,Women,Older,Mid
10740,Women,Middle,Mid
10741,Women,Older,High
10742,Men,Young,Low
10743,Men,Young,High
10744,Women,Older,Low
10745,Women,Middle,Low
10746,Women,Older,Low
10747,Women,Middle,Low
10748,Men,Young,Low
10749,Men,Middle,Mid
10750,Men,Middle,Low
10751,Women,Older,Mid
10752,Women,Older,Mid
10753,Women,Older,Mid
10754,Women,Older,High
10755,Women,Middle,Low
10756,Men,Young,Low
10757,Women,Older,Low
10758,Women,Older,High
10759,Women,Middle,Mid
10760,Women,Middle,High
10761,Women,Middle,Mid
10762,Women,Older,High
10763,Men,Young,Low
10764,Women,Middle,Mid
10765,Women,Older,Mid
10766,Women,Older,Low
10767,Men,Middle,Low
10768,Men,Middle,High
10769,Women,Older,Mid
10770,Men,Middle,Low
10771,Men,Young,Low
10772,Men,Young,Mid
10773,Women,Older,Low
10774,Men,Young,Mid
10775,Women,Middle,Low
10776,Women,Older,Mid
10777,Women,Older,Low
10778,Men,Young,Low
10779,Men,Young,Low
10780,Women,Older,Mid
10781,Women,Middle,Low
10782,Women,Middle,Mid
10783,Women,Middle,Mid
10784,Men,Middle,Low
10785,Women,Older,Mid
10786,Women,Middle,Low
10787,Women,Older,High
10788,Men,Young,Mid
10789,Men,Young,Mid
10790,Men,Young,Low
10791,Women,Middle,Mid
10792,Women,Older,Mid
10793,Women,Older,High
10794,Women,Older,Mid
10795,Women,Older,Mid
10796,Women,Older,High
10797,Men,Middle,Low
10798,Men,Young,High
10799,Men,Young,Mid
10800,Men,Young,Low
10801,Women,Middle,Low
10802,Women,Older,Low
10803,Women,Older,Mid
10804,Women,Older,Mid
10805,Women,Older,Low
10806,Men,Middle,Mid
10807,Women,Older,High
10808,Women,Middle,Low
10809,Men,Young,High
10810,Women,Older,Low
10811,Men,Young,Low
10812,Women,Older,High
10813,Women,Middle,Low
10814,Women,Older,High
10815,Women,Older,High
10816,Women,Middle,Low
10817,Women,Middle,Mid
10818,Men,Young,Low
10819,Women,Older,Mid
10820,Women,Older,High
10821,Women,Older,High
10822,Men,Young,Mid
10823,Women,Middle,Low
10824,Women,Older,Low
10825,Women,Older,Mid
10826,Women,Older,Mid
10827,Men,Young,Low
10828,Men,Young,Mid
10829,Women,Middle,High
10830,Men,Young,Low
10831,Women,Older,Low
10832,Men,Young,Low
10833,Men,Young,Low
10834,Women,Older,Mid
10835,Women,Older,Low
10836,Women,Older,Mid
10837,Men,Young,Low
10838,Women,Older,Low
10839,Men,Middle,Low
10840,Women,Older,High
10841,Men,Young,Low
10842,Women,Older,Mid
10843,Men,Young,Low
10844,Men,Young,Low
10845,Women,Older,Mid
10846,Women,Older,Low
10847,Men,Young,Low
10848,Men,Middle,Low
10849,Men,Middle,Mid
10850,Women,Older,High
10851,Men,Young,Low
10852,Women,Middle,Low
10853,Women,Middle,High
10854,Women,Middle,High
10855,Men,Young,Low
10856,Women,Older,Mid
10857,Men,Middle,Mid
10858,Men,Young,Low
10859,Women,Older,Low
10860,Women,Older,Low
10861,Women,Older,High
10862,Men,Young,High
10863,Men,Young,Mid
10864,Women,Older,Low
10865,Women,Older,Mid
10866,Women,Older,Low
10867,Women,Older,Low
10868,Men,Young,Mid
10869,Men,Young,Low
10870,Men,Young,Low
10871,Men,Young,Low
10872,Women,Middle,High
10873,Women,Older,Mid
10874,Women,Middle,High
10875,Men,Middle,Low
10876,Women,Older,Low
10877,Women,Older,High
10878,Women,Older,Mid
10879,Women,Older,Low
10880,Men,Young,High
10881,Men,Young,High
10882,Women,Middle,Mid
10883,Men,Young,Low
10884,Women,Older,High
10885,Men,Middle,Low
10886,Men,Young,Low
10887,Men,Young,Low
10888,Women,Middle,Low
10889,Men,Middle,High
10890,Men,Young,Low
10891,Men,Young,Low
10892,Men,Middle,High
10893,Women,Middle,High
10894,Women,Middle,Low
10895,Women,Middle,Mid
10896,Women,Older,Low
10897,Men,Middle,Low
10898,Women,Older,Mid
10899,Men,Young,Low
10900,Men,Young,Low
10901,Women,Older,Low
10902,Men,Young,Low
10903,Men,Young,Mid
10904,Women,Middle,Low
10905,Women,Middle,Mid
10906,Women,Older,Low
10907,Women,Older,Mid
10908,Women,Older,Low
10909,Women,Middle,Low
10910,Women,Older,Low
10911,Men,Young,Low
10912,Men,Young,Low
10913,Men,Middle,Low
10914,Women,Middle,Low
10915,Men,Young,Mid
10916,Men,Young,Mid
10917,Women,Middle,Mid
10918,Women,Older,High
10919,Men,Young,Low
10920,Women,Older,High
10921,Women,Older,Low
10922,Women,Older,Low
10923,Women,Older,High
10924,Men,Young,Low
10925,Women,Middle,Low
10926,Men,Young,Low
10927,Women,Middle,High
10928,Men,Middle,Low
10929,Men,Young,Mid
10930,Women,Older,Mid
10931,Women,Older,Low
10932,Men,Young,Low
10933,Men,Young,Low
10934,Women,Older,High
10935,Women,Older,Low
10936,Women,Older,Mid
10937,Men,Young,Mid
10938,Women,Middle,Mid
10939,Men,Middle,High
10940,Men,Young,Low
10941,Women,Older,High
10942,Women,Older,Mid
10943,Women,Older,Mid
10944,Men,Middle,High
10945,Men,Young,Low
10946,Men,Middle,Low
10947,Men,Middle,High
10948,Men,Young,High
10949,Men,Middle,Mid
10950,Men,Young,Mid
10951,Men,Young,Low
10952,Men,Young,Low
10953,Women,Older,Mid
10954,Men,Middle,Low
10955,Women,Middle,Mid
10956,Men,Middle,Low
10957,Men,Young,Low
10958,Men,Middle,Low
10959,Men,Young,Low
10960,Men,Young,High
10961,Women,Older,High
10962,Women,Middle,Low
10963,Women,Older,High
10964,Women,Middle,Mid
10965,Women,Older,Low
10966,Men,Young,Low
10967,Women,Middle,High
10968,Women,Older,High
10969,Men,Middle,High
10970,Men,Young,Mid
10971,Women,Older,Low
10972,Women,Older,Low
10973,Women,Older,Mid
10974,Women,Middle,Low
10975,Women,Older,Low
10976,Men,Young,Low
10977,Women,Older,High
10978,Men,Middle,High
10979,Women,Middle,High
10980,Women,Middle,Low
10981,Women,Middle,Low
10982,Men,Middle,Low
10983,Women,Middle,Low
10984,Women,Middle,Low
10985,Women,Middle,Mid
10986,Men,Middle,Low
10987,Men,Young,Low
10988,Men,Young,Mid
10989,Women,Middle,Low
10990,Men,Middle,High
10991,Women,Older,Mid
10992,Women,Middle,High
10993,Men,Young,Mid
10994,Women,Older,Mid
10995,Women,Middle,High
10996,Men,Middle,Low
10997,Men,Young,Mid
10998,Men,Middle,Mid
10999,Women,Older,Mid
11000,Women,Older,Mid
11001,Men,Young,Low
11002,Women,Older,Low
11003,Women,Middle,Mid
11004,Men,Middle,High
11005,Men,Middle,Low
11006,Women,Middle,Low
11007,Women,Older,Low
11008,Women,Middle,Mid
11009,Men,Young,High
11010,Men,Middle,Low
11011,Men,Young,Low
11012,Men,Middle,Low
11013,Women,Middle,Mid
11014,Women,Older,Low
11015,Women,Older,Mid
11016,Men,Young,Mid
11017,Women,Older,Low
11018,Women,Older,High
11019,Men,Middle,Low
11020,Men,Young,Mid
11021,Women,Middle,Low
11022,Women,Middle,Mid
11023,Women,Middle,Mid
11024,Men,Middle,Mid
11025,Women,Older,Low
11026,Women,Middle,Low
11027,Men,Middle,Low
11028,Women,Older,Low
11029,Women,Middle,Mid
11030,Women,Older,Mid
11031,Men,Young,Low
11032,Men,Young,Low
11033,Women,Older,High
11034,Women,Older,Mid
11035,Men,Middle,Low
11036,Women,Older,Mid
11037,Women,Older,Mid
11038,Men,Middle,Low
11039,Women,Middle,Low
11040,Men,Middle,Mid
11041,Women,Middle,Low
11042,Women,Middle,Low
11043,Men,Young,Low
11044,Women,Middle,Mid
11045,Women,Older,Low
11046,Women,Older,Low
11047,Men,Young,Low
11048,Women,Older,High
11049,Men,Young,Low
11050,Women,Older,Mid
11051,Women,Older,Low
11052,Men,Middle,Mid
11053,Men,Middle,Low
11054,Men,Middle,Low
11055,Men,Middle,High
11056,Women,Older,High
11057,Women,Middle,Mid
11058,Men,Middle,Low
11059,Men,Young,Low
11060,Women,Older,Low
11061,Men,Young,High
11062,Men,Young,Mid
11063,Women,Older,Mid
11064,Men,Young,Low
11065,Women,Middle,Low
11066,Men,Young,Mid
11067,Men,Young,Low
11068,Men,Young,Low
11069,Women,Older,Mid
11070,Women,Older,Low
11071,Women,Middle,High
11072,Women,Older,Mid
11073,Men,Young,Low
11074,Women,Older,Low
11075,Women,Middle,Low
11076,Men,Young,Low
11077,Women,Older,Low
11078,Women,Older,High
11079,Women,Older,High
11080,Women,Older,Mid
11081,Women,Older,Mid
11082,Women,Middle,Mid
11083,Women,Older,Low
11084,Women,Older,Low
11085,Women,Older,Low
11086,Men,Young,Low
11087,Men,Young,High
11088,Women,Older,Mid
11089,Women,Older,High
11090,Men,Middle,High
11091,Men,Middle,High
11092,Women,Older,High
11093,Women,Middle,Low
11094,Women,Older,Mid
11095,Women,Middle,Low
11096,Women,Older,Low
11097,Men,Young,Mid
11098,Men,Young,Low
11099,Women,Older,High
11100,Men,Young,Low
11101,Women,Older,Mid
11102,Men,Young,Mid
11103,Women,Older,Mid
11104,Women,Middle,Mid
11105,Women,Older,Low
11106,Women,Older,Mid
11107,Men,Young,Low
11108,Women,Middle,Mid
11109,Women,Older,Mid
11110,Women,Middle,Mid
11111,Men,Young,Low
11112,Men,Young,Low
11113,Women,Older,Low
11114,Women,Older,Low
11115,Men,Young,Low
11116,Men,Middle,Low
11117,Women,Older,Low
11118,Women,Middle,Mid
11119,Men,Young,Mid
11120,Women,Older,Mid
11121,Women,Middle,High
11122,Men,Middle,Low
11123,Women,Older,High
11124,Men,Middle,Mid
11125,Women,Middle,Low
11126,Women,Middle,Low
11127,Women,Middle,Low
11128,Women,Older,Low
11129,Men,Young,Low
11130,Women,Middle,Low
11131,Women,Older,Mid
11132,Women,Middle,Mid
11133,Women,Middle,High
11134,Men,Young,Low
11135,Men,Young,Low
11136,Women,Middle,Mid
11137,Women,Older,Low
11138,Men,Young,High
11139,Women,Middle,Mid
11140,Women,Middle,Low
11141,Women,Older,Mid
11142,Women,Older,Low
11143,Men,Young,Low
11144,Women,Middle,Low
11145,Men,Middle,Low
11146,Women,Older,Mid
11147,Men,Young,High
11148,Women,Middle,Mid
11149,Men,Young,Mid
11150,Women,Older,Mid
11151,Women,Older,High
11152,Men,Young,Low
11153,Men,Young,Low
11154,Women,Older,Low
11155,Men,Young,Low
11156,Men,Young,Mid
11157,Women,Older,Mid
11158,Women,Middle,Mid
11159,Men,Young,Low
11160,Women,Older,High
11161,Women,Middle,High
11162,Men,Middle,High
11163,Women,Middle,Low
11164,Women,Middle,Low
11165,Women,Older,Low
11166,Women,Older,Low
11167,Women,Middle,High
11168,Women,Older,Low
11169,Women,Older,High
11170,Women,Middle,High
11171,Women,Older,Low
11172,Men,Middle,Mid
11173,Women,Older,High
11174,Women,Middle,Mid
11175,Men,Middle,Low
11176,Women,Middle,Mid
11177,Women,Middle,Mid
11178,Women,Middle,High
11179,Men,Middle,High
11180,Men,Young,High
11181,Men,Young,Low
11182,Women,Middle,Low
11183,Women,Older,Low
11184,Women,Older,Low
11185,Women,Older,High
11186,Women,Middle,Low
11187,Men,Young,Mid
11188,Women,Older,High
11189,Men,Young,High
11190,Women,Older,High
11191,Women,Middle,Mid
11192,Women,Older,Low
11193,Men,Young,Low
11194,Men,Middle,Low
11195,Men,Young,Low
11196,Men,Young,High
11197,Women,Older,Low
11198,Women,Older,Low
11199,Men,Young,Low
11200,Men,Middle,Low
11201,Men,Young,Low
11202,Men,Middle,High
11203,Men,Middle,Low
11204,Women,Older,Low
11205,Women,Older,Low
11206,Men,Middle,Low
11207,Men,Young,Low
11208,Men,Young,Mid
11209,Women,Older,High
11210,Men,Young,Mid
11211,Women,Middle,Mid
11212,Men,Middle,Mid
11213,Men,Young,Mid
11214,Women,Older,Low
11215,Women,Older,Low
11216,Men,Young,Low
11217,Men,Young,Low
11218,Women,Middle,High
11219,Men,Young,Mid
11220,Women,Older,Mid
11221,Women,Older,Mid
11222,Men,Middle,Low
11223,Men,Middle,Mid
11224,Women,Older,Low
11225,Women,Middle,Mid
11226,Men,Young,High
11227,Men,Middle,Mid
11228,Men,Middle,High
11229,Men,Young,High
11230,Women,Middle,Mid
11231,Men,Young,Low
11232,Men,Middle,High
11233,Men,Young,Mid
11234,Women,Older,Low
11235,Men,Young,Low
11236,Women,Middle,Low
11237,Men,Young,Low
11238,Men,Young,Low
11239,Men,Young,Mid
11240,Women,Older,High
11241,Men,Young,Low
11242,Women,Older,High
11243,Men,Young,Mid
11244,Men,Middle,High
11245,Men,Young,Mid
11246,Women,Older,Low
11247,Women,Older,Mid
11248,Women,Middle,Low
11249,Men,Middle,Mid
11250,Women,Older,Low
11251,Women,Older,High
11252,Women,Middle,Mid
11253,Women,Middle,Mid
11254,Women,Older,Mid
11255,Women,Middle,Mid
11256,Women,Middle,High
11257,Men,Middle,Mid
11258,Men,Young,Low
11259,Men,Young,Low
11260,Women,Middle,Mid
11261,Women,Older,High
11262,Men,Middle,Low
11263,Women,Older,Mid
11264,Men,Young,Low
11265,Men,Young,Mid
11266,Men,Young,Low
11267,Women,Middle,Mid
11268,Men,Young,Mid
11269,Men,Young,Low
11270,Women,Older,Low
11271,Men,Young,Mid
11272,Men,Young,Low
11273,Women,Middle,Mid
11274,Women,Older,Mid
11275,Men,Middle,Low
11276,Women,Middle,Mid
11277,Women,Middle,Low
11278,Women,Older,Mid
11279,Men,Young,High
11280,Women,Older,High
11281,Women,Older,Low
11282,Women,Older,Mid
11283,Women,Middle,Low
11284,Women,Older,High
11285,Women,Older,Low
11286,Men,Middle,Low
11287,Women,Older,High
11288,Women,Middle,Mid
11289,Women,Older,Mid
11290,Men,Young,Low
11291,Women,Older,Mid
11292,Women,Older,High
11293,Men,Young,Low
11294,Women,Older,Mid
11295,Men,Young,Mid
11296,Men,Young,Mid
11297,Men,Young,Low
11298,Women,Older,Mid
11299,Women,Older,Low
11300,Women,Middle,High
11301,Men,Young,Low
11302,Women,Older,Mid
11303,Men,Young,Low
11304,Women,Middle,High
11305,Men,Young,Low
11306,Men,Middle,Low
11307,Men,Young,Mid
11308,Men,Middle,Mid
11309,Men,Young,High
11310,Women,Older,Low
11311,Men,Young,Mid
11312,Men,Young,Low
11313,Men,Young,Mid
11314,Women,Middle,High
11315,Women,Older,Low
11316,Men,Middle,Mid
11317,Men,Young,High
11318,Women,Middle,Low
11319,Men,Middle,Low
11320,Men,Young,Mid
11321,Men,Middle,High
11322,Women,Middle,Mid
11323,Women,Older,High
11324,Men,Middle,Low
11325,Women,Older,Low
11326,Women,Middle,Mid
11327,Men,Young,Mid
11328,Women,Older,High
11329,Women,Older,Low
11330,Women,Older,Mid
11331,Men,Young,Mid
11332,Men,Young,Low
11333,Women,Middle,Low
11334,Men,Young,Mid
11335,Women,Older,Mid
11336,Women,Middle,Mid
11337,Men,Young,Low
11338,Men,Young,Low
11339,Women,Older,Low
11340,Women,Older,Mid
11341,Women,Older,Mid
11342,Men,Middle,Low
11343,Men,Young,Low
11344,Women,Older,High
11345,Women,Older,Low
11346,Women,Middle,Mid
11347,Women,Middle,Low
11348,Women,Older,Mid
11349,Men,Middle,Mid
11350,Men,Young,Low
11351,Women,Older,Low
11352,Women,Older,Mid
11353,Men,Middle,Low
11354,Women,Middle,Low
11355,Women,Older,Mid
11356,Men,Middle,Mid
11357,Men,Young,Low
11358,Women,Older,Low
11359,Men,Middle,Low
11360,Women,Older,Low
11361,Men,Young,Mid
11362,Women,Older,Low
11363,Women,Older,Low
11364,Women,Older,Mid
11365,Men,Middle,Low
11366,Women,Older,High
11367,Men,Young,Mid
11368,Women,Older,Low
11369,Women,Older,Low
11370,Men,Young,Mid
11371,Women,Older,Mid
11372,Women,Middle,Mid
11373,Women,Older,Low
11374,Men,Young,Low
11375,Women,Older,Mid
11376,Women,Older,Low
11377,Men,Young,Low
11378,Women,Middle,Low
11379,Women,Middle,High
11380,Men,Young,Low
11381,Women,Older,Low
11382,Women,Older,Low
11383,Men,Young,Mid
11384,Women,Older,Mid
11385,Men,Young,Mid
11386,Men,Young,High
11387,Women,Middle,Low
11388,Men,Young,Mid
11389,Women,Older,Low
11390,Men,Young,High
11391,Men,Young,Mid
11392,Women,Middle,Low
11393,Women,Older,Low
11394,Women,Older,Mid
11395,Men,Young,Mid
11396,Men,Young,Low
11397,Men,Young,Mid
11398,Men,Young,Low
11399,Men,Middle,High
11400,Women,Older,Low
11401,Men,Young,Low
11402,Men,Middle,Low
11403,Women,Middle,Low
11404,Men,Young,High
11405,Women,Middle,High
11406,Men,Middle,Mid
11407,Men,Middle,High
11408,Women,Older,Mid
11409,Men,Middle,Low
11410,Men,Young,Mid
11411,Men,Middle,High
11412,Women,Middle,Mid
11413,Women,Middle,Low
11414,Women,Older,Low
11415,Women,Middle,Low
11416,Men,Middle,Low
11417,Women,Middle,Low
11418,Women,Older,Mid
11419,Women,Older,Low
11420,Women,Older,Low
11421,Women,Older,Low
11422,Women,Middle,Mid
11423,Women,Middle,Mid
11424,Men,Middle,High
11425,Men,Young,Low
11426,Women,Older,Low
11427,Women,Middle,Mid
11428,Women,Older,High
11429,Women,Older,Low
11430,Women,Middle,Mid
11431,Men,Young,Low
11432,Men,Young,Low
11433,Men,Middle,Low
11434,Men,Middle,Low
11435,Women,Middle,Mid
11436,Women,Middle,High
11437,Men,Young,Low
11438,Women,Older,Mid
11439,Men,Young,Low
11440,Women,Middle,Mid
11441,Men,Middle,Low
11442,Men,Young,Low
11443,Men,Young,Low
11444,Women,Older,Low
11445,Women,Middle,Low
11446,Men,Middle,Mid
11447,Men,Middle,Low
11448,Women,Older,High
11449,Women,Older,High
11450,Women,Older,Mid
11451,Women,Older,Mid
11452,Women,Older,High
11453,Men,Young,Low
11454,Men,Middle,Low
11455,Women,Older,Low
11456,Men,Middle,High
11457,Women,Middle,Low
11458,Women,Older,Mid
11459,Women,Older,Low
11460,Women,Middle,Low
11461,Men,Young,High
11462,Men,Middle,Low
11463,Women,Older,Low
11464,Women,Middle,Mid
11465,Men,Young,Mid
11466,Women,Middle,Mid
11467,Women,Older,Mid
11468,Men,Middle,Mid
11469,Men,Young,High
11470,Men,Young,Low
11471,Women,Older,High
11472,Men,Young,Mid
11473,Women,Middle,High
11474,Women,Middle,Mid
11475,Women,Older,High
11476,Men,Middle,Mid
11477,Women,Older,Mid
11478,Women,Older,Low
11479,Men,Middle,Mid
11480,Men,Young,Mid
11481,Men,Young,Mid
11482,Women,Older,Mid
11483,Women,Older,Low
11484,Men,Young,High
11485,Women,Older,Low
11486,Women,Older,Low
11487,Women,Older,Low
11488,Men,Middle,Low
11489,Men,Middle,High
11490,Men,Middle,Mid
11491,Women,Older,Mid
11492,Men,Middle,Mid
11493,Men,Young,Low
11494,Men,Young,Low
11495,Women,Middle,Low
11496,Women,Older,High
11497,Women,Older,Mid
11498,Men,Young,Low
11499,Women,Older,Mid
11500,Women,Older,Low
11501,Men,Young,Low
11502,Women,Older,Low
11503,Men,Middle,Low
11504,Women,Older,Mid
11505,Women,Older,Mid
11506,Women,Older,High
11507,Women,Older,High
11508,Men,Young,Low
11509,Women,Middle,Mid
11510,Men,Middle,High
11511,Men,Young,Low
11512,Men,Middle,Low
11513,Women,Middle,Low
11514,Men,Young,Low
11515,Women,Older,Low
11516,Women,Older,Low
11517,Men,Young,Low
11518,Men,Young,Low
11519,Women,Older,Low
11520,Men,Middle,High
11521,Men,Young,Low
11522,Women,Older,Low
11523,Men,Young,Low
11524,Women,Middle,High
11525,Men,Middle,Low
11526,Women,Older,Low
11527,Women,Older,Low
11528,Women,Older,High
11529,Women,Older,High
11530,Women,Older,Mid
11531,Men,Young,Mid
11532,Men,Young,High
11533,Women,Middle,Mid
11534,Women,Middle,Mid
11535,Men,Middle,Low
11536,Women,Older,Low
11537,Men,Young,Mid
11538,Women,Older,Low
11539,Men,Middle,Low
11540,Men,Middle,High
11541,Men,Young,Low
11542,Women,Older,Mid
11543,Women,Older,Low
11544,Men,Young,Low
11545,Women,Older,High
11546,Men,Middle,Low
11547,Men,Middle,Mid
11548,Men,Young,High
11549,Men,Middle,Low
11550,Men,Young,Low
11551,Women,Older,Mid
11552,Men,Young,Low
11553,Men,Young,Low
11554,Women,Older,Mid
11555,Men,Young,Low
11556,Men,Young,Low
11557,Men,Young,Low
11558,Men,Young,Low
11559,Men,Young,Mid
11560,Women,Middle,Mid
11561,Women,Older,Low
11562,Men,Young,High
11563,Men,Young,Low
11564,Women,Older,Low
11565,Women,Middle,Mid
11566,Men,Middle,Low
11567,Men,Middle,Mid
11568,Women,Older,High
11569,Men,Young,Mid
11570,Men,Young,Low
11571,Men,Young,High
11572,Women,Middle,Low
11573,Men,Young,Low
11574,Women,Middle,High
11575,Men,Young,Low
11576,Men,Middle,Low
11577,Women,Older,High
11578,Women,Middle,Low
11579,Women,Older,Mid
11580,Women,Older,Mid
11581,Women,Older,Mid
11582,Women,Middle,Mid
11583,Men,Young,Mid
11584,Men,Middle,Mid
11585,Men,Young,High
11586,Women,Older,Mid
11587,Women,Older,High
11588,Women,Older,Low
11589,Women,Older,Low
11590,Women,Middle,Mid
11591,Men,Young,Low
11592,Women,Older,Low
11593,Men,Young,Low
11594,Women,Older,Mid
11595,Women,Older,Mid
11596,Women,Older,Low
11597,Women,Older,High
11598,Women,Older,Low
11599,Men,Young,High
11600,Men,Young,Mid
11601,Men,Middle,Low
11602,Men,Middle,Low
11603,Women,Older,High
11604,Women,Middle,Mid
11605,Men,Young,Low
11606,Women,Older,Low
11607,Men,Young,Mid
11608,Women,Older,Low
11609,Women,Middle,Mid
11610,Women,Older,High
11611,Men,Middle,Low
11612,Women,Older,Low
11613,Men,Middle,High
11614,Men,Young,Low
11615,Men,Young,Mid
11616,Women,Middle,Low
11617,Women,Middle,Low
11618,Women,Older,Low
11619,Women,Middle,Mid
11620,Men,Young,Low
11621,Women,Middle,High
11622,Women,Middle,High
11623,Men,Young,Mid
11624,Women,Older,High
11625,Women,Older,Mid
11626,Men,Young,Low
11627,Women,Middle,High
11628,Men,Young,Low
11629,Men,Middle,Low
11630,Men,Young,Low
11631,Women,Older,High
11632,Women,Older,Low
11633,Women,Middle,Low
11634,Men,Middle,Low
11635,Women,Older,Low
11636,Men,Young,High
11637,Women,Older,Mid
11638,Women,Older,Low
11639,Men,Middle,Low
11640,Men,Middle,Mid
11641,Women,Middle,Low
11642,Women,Older,Mid
11643,Men,Young,Mid
11644,Women,Older,Low
11645,Women,Older,Mid
11646,Women,Middle,Low
11647,Men,Young,Mid
11648,Men,Young,High
11649,Men,Young,Low
11650,Women,Older,Mid
11651,Women,Middle,Low
11652,Men,Middle,High
11653,Women,Older,Low
11654,Women,Middle,Low
11655,Women,Older,Low
11656,Women,Middle,Mid
11657,Men,Young,Mid
11658,Women,Middle,Mid
11659,Women,Older,High
11660,Men,Middle,High
11661,Men,Young,Low
11662,Women,Middle,Mid
11663,Women,Older,Mid
11664,Men,Young,Mid
11665,Women,Older,High
11666,Men,Middle,High
11667,Men,Middle,Low
11668,Women,Older,Low
11669,Women,Older,High
11670,Women,Older,Mid
11671,Men,Young,High
11672,Women,Older,High
11673,Men,Middle,Low
11674,Men,Young,High
11675,Women,Older,High
11676,Men,Young,Mid
11677,Men,Middle,Mid
11678,Men,Young,Low
11679,Men,Young,Low
11680,Women,Older,Mid
11681,Men,Middle,High
11682,Women,Older,Low
11683,Men,Middle,High
11684,Women,Older,Mid
11685,Women,Middle,Low
11686,Men,Young,Low
11687,Women,Middle,High
11688,Women,Older,Low
11689,Women,Older,Mid
11690,Women,Older,High
11691,Men,Middle,High
11692,Women,Older,High
11693,Women,Middle,Mid
11694,Men,Young,Low
11695,Men,Young,High
11696,Women,Older,Mid
11697,Men,Young,Mid
11698,Men,Young,Low
11699,Women,Older,Low
11700,Men,Young,Low
11701,Women,Middle,Low
11702,Women,Middle,Mid
11703,Women,Middle,Low
11704,Men,Middle,Low
11705,Men,Middle,Mid
11706,Men,Middle,Low
11707,Men,Young,Mid
11708,Women,Older,Low
11709,Men,Young,Mid
11710,Women,Older,Mid
11711,Women,Older,High
11712,Women,Older,High
11713,Women,Middle,Low
11714,Men,Young,High
11715,Women,Older,Mid
11716,Women,Older,Mid
11717,Women,Older,Low
11718,Men,Middle,Low
11719,Men,Middle,Low
11720,Women,Older,Mid
11721,Women,Middle,Mid
11722,Men,Middle,Low
11723,Men,Young,Low
11724,Women,Older,Low
11725,Men,Young,Low
11726,Women,Middle,High
11727,Men,Middle,Low
11728,Women,Middle,High
11729,Women,Middle,Mid
11730,Women,Older,Mid
11731,Men,Young,Low
11732,Men,Young,Low
11733,Women,Older,Mid
11734,Men,Young,Low
11735,Women,Older,High
11736,Men,Young,Mid
11737,Women,Middle,High
11738,Men,Middle,Mid
11739,Women,Middle,Mid
11740,Women,Older,Low
11741,Men,Young,Mid
11742,Men,Young,Low
11743,Women,Older,Mid
11744,Women,Older,Mid
11745,Women,Older,Low
11746,Women,Older,Low
11747,Men,Young,Low
11748,Men,Young,High
11749,Men,Middle,Low
11750,Women,Older,Mid
11751,Men,Young,Low
11752,Women,Older,Mid
11753,Men,Young,High
11754,Women,Middle,Low
11755,Women,Older,Mid
11756,Men,Middle,High
11757,Women,Older,High
11758,Men,Young,Low
11759,Men,Young,Low
11760,Women,Older,Low
11761,Men,Middle,Low
11762,Men,Middle,High
11763,Men,Middle,Low
11764,Men,Young,Low
11765,Men,Middle,Mid
11766,Men,Young,Mid
11767,Women,Older,High
11768,Women,Older,Low
11769,Men,Middle,Mid
11770,Men,Middle,Mid
11771,Women,Older,Mid
11772,Women,Middle,Low
11773,Men,Young,Low
11774,Men,Middle,Low
11775,Men,Young,Low
11776,Women,Older,Mid
11777,Women,Older,Mid
11778,Men,Young,Mid
11779,Men,Young,Mid
11780,Women,Older,Low
11781,Men,Young,Low
11782,Women,Middle,Low
11783,Men,Middle,Low
11784,Women,Older,Low
11785,Women,Older,Low
11786,Men,Young,High
11787,Men,Young,Low
11788,Men,Young,High
11789,Women,Middle,Mid
11790,Men,Middle,Low
11791,Women,Older,Mid
11792,Men,Young,Low
11793,Men,Middle,Mid
11794,Women,Older,Mid
11795,Men,Young,Low
11796,Men,Middle,Low
11797,Men,Middle,Low
11798,Men,Young,Low
11799,Women,Older,Mid
11800,Men,Young,Low
11801,Women,Middle,Low
11802,Women,Older,Low
11803,Men,Middle,Mid
11804,Men,Young,Mid
11805,Women,Older,Low
11806,Women,Older,Mid
11807,Women,Older,Mid
11808,Women,Older,Low
11809,Men,Young,Mid
11810,Men,Young,Low
11811,Women,Middle,Mid
11812,Women,Middle,Mid
11813,Men,Young,High
11814,Men,Middle,High
11815,Men,Middle,Low
11816,Women,Older,Low
11817,Women,Older,Mid
11818,Men,Young,Low
11819,Women,Middle,Mid
11820,Women,Older,Low
11821,Men,Young,Mid
11822,Women,Older,Low
11823,Men,Young,Mid
11824,Women,Middle,Mid
11825,Men,Young,Low
11826,Women,Older,High
11827,Men,Young,Mid
11828,Men,Young,High
11829,Men,Young,Low
11830,Women,Middle,Low
11831,Women,Older,Mid
11832,Women,Older,High
11833,Women,Older,High
11834,Women,Middle,Low
11835,Men,Middle,High
11836,Men,Young,Low
11837,Men,Middle,Mid
11838,Men,Young,Low
11839,Women,Middle,Low
11840,Women,Older,Low
11841,Women,Older,Low
11842,Men,Middle,Low
11843,Women,Older,High
11844,Women,Older,Mid
11845,Men,Young,Mid
11846,Men,Young,Mid
11847,Men,Young,Low
11848,Men,Young,High
11849,Women,Middle,Mid
11850,Men,Young,Mid
11851,Men,Young,Low
11852,Men,Young,Low
11853,Women,Older,Mid
11854,Women,Older,Mid
11855,Men,Young,Low
11856,Women,Older,Low
11857,Women,Older,Low
11858,Women,Older,Low
11859,Men,Middle,Low
11860,Women,Older,High
11861,Women,Older,Low
11862,Women,Older,Low
11863,Men,Young,Mid
11864,Men,Young,Low
11865,Men,Young,Low
11866,Women,Older,Mid
11867,Women,Older,Mid
11868,Men,Young,Mid
11869,Women,Older,High
11870,Women,Older,Mid
11871,Men,Young,Low
11872,Women,Older,Low
11873,Men,Young,Low
11874,Men,Young,High
11875,Men,Middle,High
11876,Women,Middle,Mid
11877,Men,Middle,Low
11878,Men,Young,Low
11879,Women,Older,Mid
11880,Men,Older,Mid
11881,Men,Older,Mid
11882,Men,Older,Mid
11883,Women,Middle,Low
11884,Men,Young,Low
11885,Men,Middle,Low
11886,Men,Young,Mid
11887,Men,Young,Low
11888,Men,Older,Mid
11889,Men,Older,High
11890,Men,Middle,High
11891,Women,Middle,Low
11892,Men,Middle,Low
11893,Men,Older,Low
11894,Men,Older,High
11895,Men,Young,High
11896,Women,Middle,Low
11897,Men,Young,Mid
11898,Men,Young,Mid
11899,Women,Middle,Low
11900,Men,Young,Low
11901,Men,Young,High
11902,Men,Young,Low
11903,Men,Young,Mid
11904,Men,Older,Low
11905,Men,Middle,High
11906,Men,Middle,Mid
11907,Women,Middle,Low
11908,Women,Middle,Mid
11909,Men,Older,Mid
11910,Men,Older,Low
11911,Men,Middle,Low
11912,Men,Older,High
11913,Men,Older,Mid
11914,Men,Older,Mid
11915,Men,Middle,Low
11916,Men,Young,Mid
11917,Men,Older,Low
11918,Men,Older,Mid
11919,Men,Young,Low
11920,Men,Middle,Mid
11921,Men,Older,Mid
11922,Men,Older,Mid
11923,Men,Older,Low
11924,Women,Middle,Mid
11925,Men,Middle,Mid
11926,Men,Older,Mid
11927,Men,Young,Low
11928,Women,Middle,Mid
11929,Women,Middle,High
11930,Men,Older,High
11931,Men,Older,High
11932,Men,Older,High
11933,Men,Young,Low
11934,Men,Young,High
11935,Men,Older,Low
11936,Men,Young,Mid
11937,Men,Middle,Mid
11938,Men,Young,Low
11939,Men,Older,Low
11940,Men,Older,Low
11941,Men,Young,Mid
11942,Men,Older,Low
11943,Men,Older,Low
11944,Men,Older,Low
11945,Men,Older,Mid
11946,Women,Middle,Low
11947,Men,Older,High
11948,Men,Young,High
11949,Men,Young,High
11950,Men,Young,Mid
11951,Men,Older,High
11952,Men,Middle,Low
11953,Men,Young,High
11954,Women,Middle,Low
11955,Women,Middle,Mid
11956,Men,Older,Mid
11957,Women,Middle,Low
11958,Men,Older,High
11959,Men,Older,High
11960,Men,Young,Low
11961,Women,Middle,Mid
11962,Men,Young,Low
11963,Men,Young,Mid
11964,Men,Older,Mid
11965,Men,Young,Low
11966,Men,Young,High
11967,Men,Young,Low
11968,Men,Young,Mid
11969,Men,Middle,Low
11970,Men,Older,High
11971,Men,Middle,Low
11972,Women,Middle,High
11973,Men,Older,High
11974,Men,Young,Low
11975,Women,Middle,Mid
11976,Men,Middle,Low
11977,Women,Middle,Mid
11978,Men,Young,Low
11979,Women,Middle,Low
11980,Men,Young,High
11981,Men,Middle,Mid
11982,Men,Older,Mid
11983,Men,Young,Low
11984,Men,Middle,Low
11985,Women,Middle,High
11986,Men,Older,Low
11987,Men,Young,Low
11988,Men,Young,Low
11989,Men,Older,Low
11990,Men,Middle,Low
11991,Men,Older,Mid
11992,Men,Young,Low
11993,Men,Young,Low
11994,Men,Young,Mid
11995,Men,Older,Low
11996,Women,Middle,Low
11997,Men,Older,Mid
11998,Women,Middle,Mid
11999,Men,Older,High
12000,Women,Middle,Mid
12001,Men,Older,Mid
12002,Men,Young,Low
12003,Men,Older,High
12004,Men,Young,Low
12005,Men,Middle,Mid
12006,Men,Young,Mid
12007,Women,Middle,Low
12008,Men,Young,Mid
12009,Men,Young,Mid
12010,Women,Middle,High
12011,Men,Young,Low
12012,Men,Young,Low
12013,Men,Middle,Mid
12014,Men,Middle,Low
12015,Men,Older,High
12016,Men,Middle,Low
12017,Women,Middle,Low
12018,Men,Older,High
12019,Men,Older,Mid
12020,Women,Middle,Mid
12021,Men,Middle,Low
12022,Men,Young,High
12023,Men,Middle,Low
12024,Women,Middle,High
12025,Men,Older,High
12026,Men,Older,Low
12027,Men,Young,Mid
12028,Men,Young,Low
12029,Men,Young,Low
12030,Men,Middle,Low
12031,Men,Young,High
12032,Men,Young,Low
12033,Men,Older,Mid
12034,Men,Young,Low
12035,Men,Older,Low
12036,Men,Young,Low
12037,Men,Older,Mid
12038,Women,Middle,High
12039,Women,Middle,High
12040,Men,Young,Mid
12041,Men,Young,Mid
12042,Men,Young,High
12043,Men,Young,High
12044,Women,Middle,High
12045,Men,Young,Low
12046,Men,Older,High
12047,Men,Young,Low
12048,Men,Young,Low
12049,Women,Middle,High
12050,Men,Young,Mid
12051,Men,Older,Low
12052,Men,Middle,Mid
12053,Women,Middle,High
12054,Men,Older,Low
12055,Men,Middle,Mid
12056,Men,Middle,Mid
12057,Women,Middle,Mid
12058,Men,Young,Low
12059,Men,Middle,Mid
12060,Men,Older,Low
12061,Men,Young,Low
12062,Men,Older,High
12063,Men,Young,Low
12064,Women,Middle,Mid
12065,Men,Older,Mid
12066,Men,Older,Mid
12067,Men,Older,Low
12068,Men,Older,High
12069,Men,Young,Low
12070,Men,Young,Low
12071,Men,Older,High
12072,Men,Older,Mid
12073,Men,Young,Low
12074,Men,Older,High
12075,Men,Young,High
12076,Men,Older,Low
12077,Men,Middle,High
12078,Women,Middle,Low
12079,Women,Middle,Low
12080,Men,Older,Low
12081,Men,Older,High
12082,Men,Middle,Low
12083,Men,Young,Low
12084,Women,Middle,Low
12085,Men,Young,Low
12086,Women,Middle,Mid
12087,Men,Young,Low
12088,Men,Middle,Low
12089,Men,Older,Mid
12090,Women,Middle,Low
12091,Women,Middle,Low
12092,Men,Young,Low
12093,Men,Older,Mid
12094,Men,Older,Mid
12095,Men,Young,Mid
12096,Men,Older,High
12097,Women,Middle,Low
12098,Women,Middle,Mid
12099,Women,Middle,Mid
12100,Men,Young,Mid
12101,Men,Older,Mid
12102,Men,Young,Low
12103,Women,Middle,Low
12104,Men,Older,High
12105,Men,Young,Low
12106,Men,Middle,High
12107,Men,Middle,Low
12108,Men,Young,Low
12109,Men,Young,Low
12110,Women,Middle,Mid
12111,Men,Older,Low
12112,Men,Older,Low
12113,Men,Young,Low
12114,Men,Young,Mid
12115,Men,Young,High
12116,Men,Older,High
12117,Men,Young,Low
12118,Women,Middle,Low
12119,Men,Older,High
12120,Men,Young,Low
12121,Women,Middle,Mid
12122,Men,Older,Mid
12123,Men,Middle,Mid
12124,Men,Young,Mid
12125,Men,Young,Mid
12126,Men,Older,Low
12127,Men,Middle,Low
12128,Men,Young,Low
12129,Men,Young,Low
12130,Men,Young,Low
12131,Men,Young,Mid
12132,Men,Older,High
12133,Men,Young,Low
12134,Men,Older,Mid
12135,Women,Middle,Mid
12136,Men,Young,Low
12137,Men,Young,Low
12138,Men,Older,Mid
12139,Men,Middle,Low
12140,Men,Older,High
12141,Men,Middle,Low
12142,Men,Young,High
12143,Men,Older,Mid
12144,Men,Middle,Low
12145,Men,Young,Mid
12146,Men,Young,High
12147,Women,Middle,Low
12148,Men,Older,Low
12149,Men,Older,Mid
12150,Men,Older,High
12151,Men,Older,Low
12152,Women,Middle,Mid
12153,Men,Young,Low
12154,Men,Middle,Low
12155,Men,Young,High
12156,Women,Middle,Low
12157,Men,Young,Low
12158,Men,Young,Mid
12159,Men,Older,Mid
12160,Men,Middle,Low
12161,Men,Young,High
12162,Women,Middle,Low
12163,Men,Older,Low
12164,Men,Middle,Low
12165,Men,Middle,Low
12166,Men,Young,Low
12167,Men,Middle,Low
12168,Men,Older,High
12169,Men,Older,Low
12170,Men,Young,Low
12171,Men,Older,Mid
12172,Women,Middle,High
12173,Women,Middle,Low
12174,Men,Older,Low
12175,Men,Older,High
12176,Women,Middle,Mid
12177,Men,Young,Mid
12178,Men,Middle,Low
12179,Men,Young,Mid
12180,Men,Older,Mid
12181,Men,Young,Low
12182,Men,Young,Low
12183,Men,Older,Mid
12184,Men,Older,Low
12185,Men,Young,Low
12186,Men,Young,Mid
12187,Men,Young,Low
12188,Men,Older,Mid
12189,Men,Older,Low
12190,Men,Young,Mid
12191,Women,Middle,High
12192,Men,Older,Low
12193,Men,Older,Low
12194,Men,Young,Low
12195,Men,Young,Low
12196,Men,Middle,Mid
12197,Women,Middle,Low
12198,Men,Middle,High
12199,Men,Young,Mid
12200,Men,Young,Low
12201,Men,Young,Low
12202,Men,Older,High
12203,Men,Young,Low
12204,Women,Middle,Low
12205,Women,Middle,Mid
12206,Women,Middle,Mid
12207,Men,Older,Low
12208,Women,Middle,Mid
12209,Women,Middle,Low
12210,Men,Older,High
12211,Men,Older,High
12212,Men,Older,High
12213,Women,Middle,High
12214,Men,Middle,Mid
12215,Women,Middle,Low
12216,Men,Young,Low
12217,Men,Young,Low
12218,Men,Older,Mid
12219,Women,Middle,Mid
12220,Women,Middle,Low
12221,Women,Middle,Low
12222,Men,Middle,Low
12223,Women,Middle,Mid
12224,Men,Young,High
12225,Men,Young,High
12226,Men,Older,High
12227,Men,Older,Mid
12228,Men,Older,High
12229,Men,Young,Low
12230,Men,Middle,Mid
12231,Men,Older,Mid
12232,Men,Young,High
12233,Men,Middle,Mid
12234,Men,Middle,Mid
12235,Men,Young,Mid
12236,Women,Middle,Low
12237,Men,Young,High
12238,Men,Older,Low
12239,Men,Middle,Mid
12240,Men,Middle,High
12241,Men,Older,Mid
12242,Women,Middle,Mid
12243,Women,Middle,High
12244,Men,Older,Mid
12245,Men,Older,Low
12246,Men,Older,Low
12247,Women,Middle,Low
12248,Men,Older,High
12249,Men,Older,High
12250,Men,Older,Mid
12251,Men,Older,High
12252,Men,Middle,Mid
12253,Men,Young,High
12254,Men,Older,High
12255,Men,Older,Mid
12256,Men,Young,Mid
12257,Men,Older,High
12258,Men,Young,Low
12259,Men,Young,Mid
12260,Men,Young,Mid
12261,Men,Middle,Low
12262,Men,Young,Mid
12263,Women,Middle,High
12264,Men,Older,Mid
12265,Men,Older,High
12266,Women,Middle,Mid
12267,Men,Older,High
12268,Men,Older,High
12269,Women,Middle,Low
12270,Men,Young,High
12271,Women,Middle,Low
12272,Men,Young,Mid
12273,Men,Older,High
12274,Men,Middle,Low
12275,Men,Older,Mid
12276,Men,Older,Low
12277,Men,Middle,Low
12278,Men,Young,High
12279,Men,Older,Low
12280,Men,Young,Mid
12281,Men,Young,Low
12282,Men,Middle,Mid
12283,Men,Young,High
12284,Men,Older,Low
12285,Men,Older,High
12286,Women,Middle,Low
12287,Men,Young,Mid
12288,Women,Middle,Low
12289,Men,Young,High
12290,Men,Middle,Low
12291,Men,Older,Mid
12292,Women,Middle,Low
12293,Men,Young,Mid
12294,Men,Young,High
12295,Men,Middle,Low
12296,Women,Middle,Mid
12297,Women,Middle,Mid
12298,Men,Young,Low
12299,Men,Older,Low
12300,Men,Middle,High
12301,Men,Young,Low
12302,Women,Middle,High
12303,Men,Young,Low
12304,Women,Middle,Mid
12305,Men,Middle,Mid
12306,Men,Middle,High
12307,Men,Older,Low
12308,Men,Young,High
12309,Men,Young,Mid
12310,Men,Middle,Low
12311,Women,Middle,Low
12312,Men,Older,Mid
12313,Men,Middle,Mid
12314,Women,Middle,Low
12315,Men,Older,High
12316,Men,Middle,Mid
12317,Men,Middle,Mid
12318,Men,Older,Mid
12319,Men,Older,High
12320,Men,Young,Low
12321,Men,Older,Low
12322,Women,Middle,Low
12323,Men,Young,Mid
12324,Men,Older,Low
12325,Men,Young,High
12326,Men,Young,High
12327,Men,Young,Mid
12328,Men,Older,High
12329,Men,Young,Low
12330,Men,Young,Mid
12331,Men,Young,Low
12332,Men,Middle,Mid
12333,Men,Older,Mid
12334,Men,Older,Low
12335,Men,Older,Mid
12336,Men,Young,High
12337,Men,Older,Mid
12338,Men,Older,Low
12339,Men,Older,Mid
12340,Women,Middle,Mid
12341,Men,Young,Mid
12342,Men,Older,Low
12343,Men,Young,Low
12344,Women,Middle,High
12345,Men,Young,Mid
12346,Men,Young,Low
12347,Men,Older,Low
12348,Men,Older,Mid
12349,Men,Middle,High
12350,Men,Young,Low
12351,Men,Older,Mid
12352,Men,Young,High
12353,Men,Young,Low
12354,Women,Middle,Low
12355,Men,Middle,Low
12356,Men,Young,Low
12357,Men,Older,Mid
12358,Men,Older,Low
12359,Men,Young,High
12360,Men,Middle,Low
12361,Men,Young,Low
12362,Men,Middle,High
12363,Men,Young,Low
12364,Men,Young,Low
12365,Women,Middle,Low
12366,Men,Young,Mid
12367,Men,Young,Low
12368,Men,Young,Mid
12369,Men,Young,Low
12370,Men,Young,Mid
12371,Men,Older,Low
12372,Men,Young,Mid
12373,Men,Older,Mid
12374,Women,Middle,Mid
12375,Men,Older,Mid
12376,Men,Middle,Mid
12377,Men,Young,Low
12378,Men,Older,Low
12379,Men,Older,Low
12380,Men,Older,Low
12381,Men,Older,Low
12382,Men,Young,High
12383,Men,Young,Low
12384,Men,Middle,Low
12385,Men,Young,Mid
12386,Men,Older,Low
12387,Men,Older,Mid
12388,Women,Middle,Mid
12389,Men,Young,Low
12390,Women,Middle,High
12391,Men,Older,Mid
12392,Men,Older,High
12393,Women,Middle,Low
12394,Men,Middle,Low
12395,Men,Middle,Mid
12396,Men,Middle,Mid
12397,Men,Middle,Low
12398,Men,Older,High
12399,Men,Older,Low
12400,Men,Young,Low
12401,Men,Older,Low
12402,Men,Middle,Low
12403,Men,Young,Low
12404,Men,Young,High
12405,Men,Older,High
12406,Men,Older,Low
12407,Men,Middle,Low
12408,Men,Young,Mid
12409,Women,Middle,Low
12410,Men,Older,Low
12411,Men,Older,High
12412,Women,Middle,Low
12413,Men,Young,Mid
12414,Men,Young,Low
12415,Women,Middle,Mid
12416,Women,Middle,Low
12417,Men,Middle,High
12418,Men,Older,Mid
12419,Men,Middle,Low
12420,Men,Older,Low
12421,Men,Older,Mid
12422,Men,Young,Low
12423,Men,Young,High
12424,Men,Older,Mid
12425,Men,Young,High
12426,Men,Older,Mid
12427,Men,Older,High
12428,Men,Young,Low
12429,Men,Young,High
12430,Men,Young,Low
12431,Men,Older,Low
12432,Men,Middle,Low
12433,Men,Older,High
12434,Men,Young,Low
12435,Women,Middle,Low
12436,Men,Young,Low
12437,Women,Middle,Mid
12438,Men,Middle,Mid
12439,Men,Young,Low
12440,Men,Young,Mid
12441,Men,Middle,Mid
12442,Women,Middle,Low
12443,Men,Young,Low
12444,Men,Older,Mid
12445,Men,Older,Low
12446,Men,Middle,Mid
12447,Women,Middle,Low
12448,Men,Older,High
12449,Men,Older,High
12450,Women,Middle,Low
12451,Men,Young,Mid
12452,Women,Middle,Mid
12453,Men,Middle,Low
12454,Men,Young,Low
12455,Men,Middle,Mid
12456,Men,Older,High
12457,Men,Middle,Mid
12458,Men,Middle,High
12459,Women,Middle,Mid
12460,Men,Young,Low
12461,Men,Older,Mid
12462,Men,Older,Low
12463,Men,Older,Low
12464,Men,Young,Mid
12465,Men,Middle,Low
12466,Men,Young,Low
12467,Women,Middle,Low
12468,Men,Older,High
12469,Men,Older,Mid
12470,Men,Young,Mid
12471,Men,Older,Mid
12472,Men,Young,Mid
12473,Men,Older,High
12474,Men,Older,Mid
12475,Men,Young,Low
12476,Women,Middle,Low
12477,Men,Older,Low
12478,Men,Young,High
12479,Men,Older,Low
12480,Men,Young,Low
12481,Men,Young,Low
12482,Men,Older,Low
12483,Men,Middle,Mid
12484,Women,Middle,Low
12485,Women,Middle,Low
12486,Men,Young,High
12487,Men,Older,High
12488,Men,Middle,Mid
12489,Men,Older,High
12490,Men,Young,Mid
12491,Men,Older,Mid
12492,Men,Young,Mid
12493,Men,Middle,Mid
12494,Men,Older,High
12495,Men,Middle,Mid
12496,Men,Older,Low
12497,Men,Middle,Mid
12498,Men,Older,Mid
12499,Men,Older,High
12500,Women,Middle,Low
12501,Men,Older,Mid
12502,Women,Middle,Low
12503,Men,Young,High
12504,Women,Middle,Low
12505,Men,Older,Mid
12506,Men,Young,Low
12507,Men,Young,Low
12508,Women,Middle,Mid
12509,Men,Older,High
12510,Women,Middle,High
12511,Men,Middle,Mid
12512,Men,Older,Mid
12513,Women,Middle,Low
12514,Men,Young,Low
12515,Men,Older,Low
12516,Men,Older,Low
12517,Men,Older,Low
12518,Men,Young,Low
12519,Men,Older,High
12520,Women,Middle,Mid
12521,Men,Older,Low
12522,Women,Middle,Mid
12523,Men,Young,Low
12524,Men,Middle,Mid
12525,Women,Middle,High
12526,Men,Young,Mid
12527,Men,Middle,Mid
12528,Men,Middle,Mid
12529,Men,Young,Low
12530,Men,Older,Low
12531,Men,Older,Mid
12532,Men,Middle,Mid
12533,Men,Young,High
12534,Men,Young,Mid
12535,Women,Middle,Mid
12536,Men,Older,Mid
12537,Men,Middle,Low
12538,Men,Older,Mid
12539,Men,Older,Low
12540,Women,Middle,Low
12541,Men,Older,Mid
12542,Men,Middle,High
12543,Women,Middle,High
12544,Men,Older,Mid
12545,Men,Young,Low
12546,Men,Young,Mid
12547,Men,Young,Low
12548,Men,Middle,Low
12549,Men,Older,High
12550,Men,Older,Low
12551,Men,Middle,Mid
12552,Men,Middle,High
12553,Men,Older,High
12554,Men,Older,Low
12555,Men,Young,High
12556,Men,Older,High
12557,Men,Young,Low
12558,Men,Young,Mid
12559,Women,Middle,Mid
12560,Men,Middle,High
12561,Men,Older,High
12562,Women,Middle,Mid
12563,Men,Young,Low
12564,Men,Older,Low
12565,Men,Older,Mid
12566,Men,Young,Low
12567,Men,Older,Low
12568,Men,Older,Low
12569,Men,Middle,High
12570,Women,Middle,Mid
12571,Men,Older,Low
12572,Men,Young,Low
12573,Men,Older,Mid
12574,Women,Middle,High
12575,Men,Young,High
12576,Women,Middle,Low
12577,Men,Older,Mid
12578,Men,Older,High
12579,Men,Young,Mid
12580,Women,Middle,Low
12581,Women,Middle,High
12582,Men,Young,Low
12583,Women,Middle,Mid
12584,Men,Middle,High
12585,Men,Older,Low
12586,Men,Young,Mid
12587,Men,Young,Low
12588,Men,Older,Low
12589,Men,Young,Mid
12590,Men,Older,Mid
12591,Men,Older,Mid
12592,Women,Middle,Low
12593,Men,Middle,Low
12594,Men,Older,Low
12595,Men,Older,Mid
12596,Men,Older,Low
12597,Men,Middle,High
12598,Men,Older,High
12599,Women,Middle,Low
12600,Men,Middle,Mid
12601,Men,Young,Low
12602,Men,Young,Mid
12603,Men,Older,Mid
12604,Men,Older,Mid
12605,Men,Middle,High
12606,Men,Middle,Mid
12607,Men,Middle,Mid
12608,Women,Middle,Low
12609,Men,Young,High
12610,Men,Young,Low
12611,Men,Middle,Low
12612,Men,Older,Low
12613,Women,Middle,High
12614,Women,Middle,Low
12615,Men,Older,Low
12616,Men,Young,Low
12617,Women,Middle,Low
12618,Men,Young,Mid
12619,Women,Middle,Low
12620,Men,Young,Mid
12621,Women,Middle,Low
12622,Men,Young,Mid
12623,Men,Older,Low
12624,Men,Middle,Low
12625,Men,Older,Mid
12626,Men,Young,Low
12627,Men,Older,Low
12628,Men,Young,High
12629,Men,Older,Low
12630,Men,Young,Low
12631,Men,Young,Mid
12632,Men,Older,Mid
12633,Men,Older,Mid
12634,Men,Middle,Low
12635,Men,Young,Low
12636,Men,Older,Mid
12637,Men,Middle,High
12638,Men,Young,Low
12639,Men,Older,Mid
12640,Men,Young,High
12641,Men,Middle,Low
12642,Men,Young,Low
12643,Men,Middle,Mid
12644,Men,Older,High
12645,Men,Young,Low
12646,Women,Middle,Low
12647,Women,Middle,Low
12648,Men,Older,High
12649,Men,Young,Low
12650,Women,Middle,High
12651,Men,Young,Low
12652,Men,Young,Low
12653,Men,Young,Mid
12654,Men,Middle,Low
12655,Men,Older,High
12656,Men,Young,Low
12657,Men,Older,High
12658,Men,Middle,Low
12659,Men,Middle,Mid
12660,Women,Middle,Low
12661,Men,Older,Mid
12662,Men,Young,Low
12663,Men,Young,Mid
12664,Men,Older,High
12665,Men,Young,Low
12666,Men,Older,Mid
12667,Men,Young,Low
12668,Men,Middle,Low
12669,Men,Older,Mid
12670,Men,Older,High
12671,Men,Middle,Low
12672,Men,Middle,Mid
12673,Women,Middle,High
12674,Men,Young,High
12675,Men,Middle,Mid
12676,Women,Middle,Mid
12677,Men,Young,Mid
12678,Women,Middle,Low
12679,Men,Middle,High
12680,Women,Middle,High
12681,Men,Young,Low
12682,Men,Older,Mid
12683,Men,Young,Low
12684,Men,Middle,Mid
12685,Men,Older,Low
12686,Men,Middle,High
12687,Men,Older,High
12688,Men,Middle,Low
12689,Men,Young,Low
12690,Men,Middle,Low
12691,Women,Middle,Mid
12692,Men,Older,Mid
12693,Men,Young,Low
12694,Men,Older,Low
12695,Men,Older,Mid
12696,Women,Middle,Low
12697,Men,Middle,High
12698,Women,Middle,Low
12699,Men,Young,Mid
12700,Women,Middle,Mid
12701,Women,Middle,Low
12702,Men,Young,Mid
12703,Men,Middle,Low
12704,Men,Older,High
12705,Men,Older,High
12706,Men,Older,Mid
12707,Men,Older,Mid
12708,Men,Older,Mid
12709,Women,Middle,Mid
12710,Men,Middle,Low
12711,Men,Older,Low
12712,Men,Young,Low
12713,Men,Young,Low
12714,Men,Older,High
12715,Men,Middle,Low
12716,Men,Older,Mid
12717,Women,Middle,Low
12718,Men,Older,Low
12719,Men,Older,High
12720,Men,Young,Low
12721,Men,Older,High
12722,Women,Middle,High
12723,Men,Middle,Low
12724,Men,Young,Low
12725,Men,Older,High
12726,Men,Young,Low
12727,Women,Middle,Mid
12728,Men,Middle,Low
12729,Men,Middle,Low
12730,Women,Middle,Mid
12731,Men,Young,Mid
12732,Men,Older,High
12733,Men,Older,Low
12734,Men,Middle,High
12735,Men,Young,Low
12736,Men,Young,Mid
12737,Men,Older,Mid
12738,Men,Young,Low
12739,Men,Young,High
12740,Men,Older,Mid
12741,Men,Older,Low
12742,Men,Older,Low
12743,Men,Older,Low
12744,Men,Young,Low
12745,Men,Middle,Mid
12746,Men,Young,Low
12747,Men,Middle,High
12748,Men,Middle,Low
12749,Men,Older,High
12750,Men,Older,Low
12751,Men,Older,Mid
12752,Women,Middle,High
12753,Men,Middle,Low
12754,Women,Middle,Mid
12755,Women,Middle,Mid
12756,Men,Older,Low
12757,Women,Middle,Mid
12758,Women,Middle,Mid
12759,Men,Middle,Low
12760,Men,Older,Low
12761,Men,Young,Mid
12762,Men,Middle,Mid
12763,Men,Older,Low
12764,Men,Middle,Low
12765,Men,Older,High
12766,Men,Young,Low
12767,Men,Young,High
12768,Men,Older,Mid
12769,Women,Middle,High
12770,Men,Middle,High
12771,Women,Middle,Low
12772,Women,Middle,Low
12773,Men,Middle,Mid
12774,Men,Young,Mid
12775,Men,Older,Mid
12776,Men,Young,Low
12777,Men,Young,High
12778,Men,Young,Low
12779,Men,Older,Mid
12780,Men,Older,Mid
12781,Men,Young,Mid
12782,Men,Older,High
12783,Men,Older,Mid
12784,Men,Older,Low
12785,Men,Older,Low
12786,Men,Older,Mid
12787,Women,Middle,Low
12788,Men,Older,Low
12789,Women,Middle,Mid
12790,Men,Young,Low
12791,Men,Middle,Mid
12792,Women,Middle,Mid
12793,Men,Older,Low
12794,Men,Young,High
12795,Men,Older,Mid
12796,Men,Older,Low
12797,Men,Middle,Mid
12798,Women,Middle,High
12799,Men,Older,High
12800,Women,Middle,Low
12801,Men,Older,High
12802,Men,Older,Low
12803,Men,Young,High
12804,Men,Young,Low
12805,Men,Older,Mid
12806,Men,Middle,High
12807,Men,Older,Low
12808,Men,Young,Low
12809,Men,Young,Low
12810,Men,Young,Mid
12811,Men,Older,Low
12812,Men,Young,Low
12813,Women,Middle,Mid
12814,Men,Middle,Low
12815,Women,Middle,Low
12816,Men,Older,Low
12817,Men,Older,High
12818,Women,Middle,Low
12819,Men,Young,Mid
12820,Women,Middle,Low
12821,Men,Older,High
12822,Women,Middle,Low
12823,Women,Middle,Mid
12824,Men,Older,High
12825,Men,Older,Mid
12826,Men,Middle,Low
12827,Men,Older,High
12828,Men,Young,Low
12829,Women,Middle,Low
12830,Men,Young,Mid
12831,Women,Middle,Mid
12832,Men,Older,Low
12833,Men,Older,Low
12834,Men,Older,Mid
12835,Men,Older,Mid
12836,Men,Young,Low
12837,Men,Young,Mid
12838,Men,Young,Low
12839,Men,Older,Mid
12840,Men,Older,Low
12841,Women,Middle,Mid
12842,Men,Older,Mid
12843,Men,Older,High
12844,Men,Young,Low
12845,Men,Older,Low
12846,Men,Middle,High
12847,Women,Middle,Low
12848,Men,Middle,Mid
12849,Men,Young,Low
12850,Men,Middle,Mid
12851,Men,Middle,Low
12852,Women,Middle,Mid
12853,Men,Young,Low
12854,Men,Young,Low
12855,Women,Middle,Mid
12856,Women,Middle,Low
12857,Men,Older,High
12858,Men,Middle,High
12859,Women,Middle,Mid
12860,Men,Older,Low
12861,Men,Middle,Low
12862,Women,Middle,Low
12863,Men,Young,Mid
12864,Men,Young,Low
12865,Women,Middle,Mid
12866,Men,Older,Low
12867,Men,Young,Low
12868,Men,Older,Mid
12869,Women,Middle,Low
12870,Men,Middle,Low
12871,Women,Middle,Mid
12872,Men,Older,Mid
12873,Men,Young,Low
12874,Men,Older,Mid
12875,Men,Older,Mid
12876,Men,Older,High
12877,Women,Middle,Mid
12878,Women,Middle,High
12879,Men,Young,Mid
12880,Men,Older,Low
12881,Men,Middle,Mid
12882,Men,Older,High
12883,Men,Young,Low
12884,Women,Middle,High
12885,Men,Young,Low
12886,Men,Older,Mid
12887,Men,Older,High
12888,Women,Middle,Low
12889,Men,Middle,Low
12890,Men,Older,Mid
12891,Men,Middle,Mid
12892,Men,Middle,High
12893,Men,Young,Low
12894,Men,Older,Low
12895,Men,Young,Low
12896,Men,Middle,Low
12897,Men,Older,Mid
12898,Men,Middle,Low
12899,Men,Young,Low
12900,Men,Young,High
12901,Women,Middle,High
12902,Men,Older,Mid
12903,Women,Middle,Low
12904,Men,Older,Mid
12905,Men,Older,High
12906,Men,Young,Low
12907,Men,Older,High
12908,Men,Older,Low
12909,Men,Older,High
12910,Men,Young,High
12911,Men,Middle,Mid
12912,Women,Middle,Low
12913,Men,Young,Low
12914,Men,Older,Low
12915,Men,Older,Mid
12916,Women,Middle,Mid
12917,Women,Middle,Low
12918,Men,Older,Mid
12919,Men,Older,Low
12920,Men,Older,Mid
12921,Men,Middle,Low
12922,Men,Young,Low
12923,Men,Young,Low
12924,Women,Middle,Low
12925,Women,Middle,Low
12926,Men,Young,Low
12927,Men,Young,Low
12928,Men,Older,High
12929,Men,Young,Low
12930,Men,Older,Mid
12931,Men,Young,Low
12932,Men,Older,Mid
12933,Men,Middle,Mid
12934,Men,Older,High
12935,Men,Older,Mid
12936,Women,Middle,Low
12937,Men,Middle,Mid
12938,Women,Middle,High
12939,Men,Young,High
12940,Men,Middle,Low
12941,Women,Middle,Mid
12942,Men,Young,Low
12943,Men,Middle,High
12944,Men,Older,Mid
12945,Men,Middle,Low
12946,Men,Young,Mid
12947,Men,Young,Low
12948,Men,Older,Low
12949,Men,Middle,Low
12950,Men,Young,Mid
12951,Men,Older,High
12952,Men,Older,Mid
12953,Men,Older,High
12954,Men,Young,Low
12955,Men,Older,Low
12956,Men,Young,High
12957,Men,Older,Mid
12958,Men,Young,Mid
12959,Men,Older,Low
12960,Men,Older,Low
12961,Men,Older,Low
12962,Men,Older,Low
12963,Men,Older,Mid
12964,Men,Older,Mid
12965,Women,Middle,Low
12966,Men,Young,Low
12967,Women,Middle,Mid
12968,Men,Young,High
12969,Women,Middle,Mid
12970,Women,Middle,High
12971,Men,Older,Mid
12972,Men,Middle,Low
12973,Men,Older,Low
12974,Men,Older,Low
12975,Men,Middle,Mid
12976,Women,Middle,Mid
12977,Men,Young,Mid
12978,Men,Young,High
12979,Men,Older,Low
12980,Men,Middle,Mid
12981,Men,Older,High
12982,Men,Young,High
12983,Men,Young,Low
12984,Women,Middle,Low
12985,Women,Middle,Mid
12986,Men,Middle,Mid
12987,Men,Middle,High
12988,Women,Middle,Low
12989,Men,Young,Mid
12990,Men,Young,Low
12991,Women,Middle,Low
12992,Men,Young,Low
12993,Men,Middle,Mid
12994,Women,Middle,High
12995,Women,Middle,High
12996,Men,Older,High
12997,Men,Middle,Mid
12998,Men,Older,Mid
12999,Men,Young,High
13000,Men,Older,Mid
13001,Men,Older,High
13002,Men,Middle,Low
13003,Men,Older,Low
13004,Men,Middle,Low
13005,Men,Middle,Low
13006,Men,Young,Mid
13007,Men,Older,Mid
13008,Men,Middle,High
13009,Men,Older,Low
13010,Men,Young,Mid
13011,Men,Young,Low
13012,Women,Middle,Low
13013,Men,Older,Low
13014,Men,Middle,Low
13015,Men,Older,Low
13016,Women,Middle,Low
13017,Men,Older,Mid
13018,Men,Older,Mid
13019,Men,Young,Low
13020,Men,Young,High
13021,Men,Middle,Mid
13022,Men,Middle,High
13023,Men,Young,Low
13024,Men,Young,Low
13025,Men,Older,Low
13026,Men,Older,Low
13027,Women,Middle,High
13028,Men,Older,Mid
13029,Men,Young,Mid
13030,Men,Older,High
13031,Men,Young,Low
13032,Women,Middle,High
13033,Men,Older,High
13034,Men,Young,Mid
13035,Men,Older,High
13036,Women,Middle,Low
13037,Men,Young,Low
13038,Women,Middle,Low
13039,Men,Older,Mid
13040,Women,Middle,High
13041,Men,Young,Low
13042,Men,Young,Low
13043,Men,Older,Mid
13044,Men,Middle,Mid
13045,Men,Older,High
13046,Men,Young,Low
13047,Men,Middle,High
13048,Women,Middle,Mid
13049,Men,Young,High
13050,Men,Young,Mid
13051,Men,Young,Mid
13052,Men,Older,Mid
13053,Women,Middle,Mid
13054,Women,Middle,Mid
13055,Men,Older,Low
13056,Men,Older,High
13057,Men,Young,Low
13058,Women,Middle,Low
13059,Women,Middle,High
13060,Women,Middle,High
13061,Men,Middle,Low
13062,Women,Middle,Low
13063,Men,Young,Mid
13064,Men,Older,High
13065,Men,Young,High
13066,Men,Middle,Low
13067,Women,Middle,Low
13068,Men,Young,Mid
13069,Men,Middle,Low
13070,Men,Older,Mid
13071,Men,Older,Mid
13072,Men,Middle,Low
13073,Men,Middle,Low
13074,Men,Young,Mid
13075,Men,Older,Low
13076,Men,Older,Mid
13077,Women,Middle,Low
13078,Women,Middle,High
13079,Men,Young,Low
13080,Men,Young,Low
13081,Men,Middle,High
13082,Men,Young,Low
13083,Women,Middle,Low
13084,Men,Young,Low
13085,Men,Young,Low
13086,Men,Young,High
13087,Men,Young,Low
13088,Men,Young,Low
13089,Men,Older,High
13090,Men,Middle,Mid
13091,Men,Young,Low
13092,Men,Older,High
13093,Men,Middle,High
13094,Men,Older,High
13095,Women,Middle,Low
13096,Men,Middle,High
13097,Men,Young,Low
13098,Women,Middle,High
13099,Men,Young,Mid
13100,Men,Older,High
13101,Women,Middle,Mid
13102,Men,Young,High
13103,Men,Older,Mid
13104,Women,Middle,Low
13105,Women,Middle,Mid
13106,Men,Young,High
13107,Men,Older,Mid
13108,Men,Young,Mid
13109,Men,Middle,Low
13110,Men,Middle,High
13111,Men,Older,Low
13112,Men,Older,High
13113,Men,Middle,High
13114,Men,Young,Mid
13115,Men,Young,Low
13116,Men,Older,Low
13117,Women,Middle,High
13118,Men,Older,High
13119,Women,Middle,Low
13120,Men,Older,Mid
13121,Men,Older,High
13122,Men,Young,Low
13123,Men,Young,Low
13124,Women,Middle,Mid
13125,Men,Young,Low
13126,Men,Older,Low
13127,Men,Older,Mid
13128,Men,Older,Mid
13129,Men,Older,High
13130,Women,Middle,Low
13131,Men,Young,Low
13132,Men,Middle,Mid
13133,Men,Middle,Mid
13134,Men,Middle,Low
13135,Men,Young,Low
13136,Men,Older,Low
13137,Men,Older,High
13138,Men,Older,High
13139,Men,Older,Low
13140,Men,Young,Low
13141,Men,Older,High
13142,Women,Middle,Low
13143,Men,Young,High
13144,Women,Middle,High
13145,Men,Middle,Mid
13146,Men,Older,Low
13147,Men,Young,Low
13148,Women,Middle,High
13149,Men,Young,Low
13150,Men,Middle,Low
13151,Men,Older,High
13152,Men,Middle,Low
13153,Women,Middle,Low
13154,Men,Older,Low
13155,Men,Older,Mid
13156,Women,Middle,Low
13157,Women,Middle,Low
13158,Men,Young,Mid
13159,Men,Older,Low
13160,Men,Young,Low
13161,Women,Middle,Low
13162,Men,Young,Low
13163,Women,Middle,Mid
13164,Men,Middle,Low
13165,Women,Middle,Low
13166,Men,Older,Mid
13167,Men,Older,High
13168,Women,Middle,Mid
13169,Men,Older,Mid
13170,Men,Older,High
13171,Men,Older,Mid
13172,Men,Young,Low
13173,Men,Middle,High
13174,Men,Older,Mid
13175,Men,Older,Low
13176,Men,Young,High
13177,Men,Middle,High
13178,Men,Young,Low
13179,Men,Young,Mid
13180,Men,Young,High
13181,Men,Young,Mid
13182,Men,Older,Mid
13183,Men,Young,Low
13184,Men,Older,Low
13185,Men,Middle,High
13186,Men,Older,Mid
13187,Women,Middle,Mid
13188,Men,Young,Mid
13189,Women,Middle,Low
13190,Men,Middle,Mid
13191,Men,Young,Low
13192,Men,Older,Low
13193,Men,Young,Mid
13194,Men,Young,Mid
13195,Men,Older,Low
13196,Men,Middle,Low
13197,Men,Young,Low
13198,Men,Older,Low
13199,Men,Young,Mid
13200,Men,Older,Low
13201,Men,Older,High
13202,Men,Young,Low
13203,Men,Young,Mid
13204,Men,Young,Mid
13205,Men,Older,High
13206,Men,Older,Mid
13207,Men,Young,Mid
13208,Women,Middle,Low
13209,Men,Young,Low
13210,Men,Middle,Mid
13211,Men,Young,Low
13212,Men,Older,Mid
13213,Men,Young,Low
13214,Women,Middle,Low
13215,Men,Young,High
13216,Men,Young,Low
13217,Men,Older,Mid
13218,Men,Young,Mid
13219,Men,Young,Mid
13220,Men,Middle,Low
13221,Men,Young,High
13222,Men,Older,Mid
13223,Men,Middle,Low
13224,Men,Older,Low
13225,Men,Middle,Mid
13226,Men,Young,Mid
13227,Men,Older,High
13228,Men,Middle,Low
13229,Men,Older,Low
13230,Men,Young,Low
13231,Men,Older,High
13232,Men,Older,Low
13233,Men,Older,High
13234,Men,Young,High
13235,Men,Older,Mid
13236,Men,Young,Low
13237,Men,Young,Mid
13238,Men,Older,Low
13239,Men,Older,High
13240,Men,Young,Mid
13241,Women,Middle,Mid
13242,Women,Middle,Low
13243,Women,Middle,Low
13244,Men,Older,Low
13245,Women,Middle,Low
13246,Men,Middle,Mid
13247,Men,Young,Low
13248,Men,Middle,High
13249,Men,Middle,Mid
13250,Men,Young,High
13251,Women,Middle,High
13252,Men,Young,Low
13253,Men,Young,Low
13254,Men,Young,High
13255,Men,Middle,Low
13256,Men,Older,High
13257,Men,Young,Mid
13258,Men,Older,Low
13259,Women,Middle,Mid
13260,Men,Young,Low
13261,Men,Older,High
13262,Men,Older,Low
13263,Women,Middle,Low
13264,Men,Older,Mid
13265,Women,Middle,Mid
13266,Men,Older,Mid
13267,Men,Older,Low
13268,Men,Older,Low
13269,Men,Young,Low
13270,Men,Older,Low
13271,Women,Middle,High
13272,Men,Young,Low
13273,Women,Middle,Low
13274,Men,Young,Mid
13275,Women,Middle,Mid
13276,Men,Older,Low
13277,Men,Older,Mid
13278,Men,Young,Low
13279,Men,Middle,Mid
13280,Men,Young,Mid
13281,Men,Older,Mid
13282,Women,Middle,Mid
13283,Men,Older,High
13284,Men,Older,Mid
13285,Men,Middle,Low
13286,Men,Older,Mid
13287,Men,Older,Low
13288,Men,Older,Low
13289,Women,Middle,Mid
13290,Men,Older,Low
13291,Men,Older,High
13292,Men,Young,Low
13293,Men,Young,High
13294,Men,Middle,Low
13295,Men,Older,High
13296,Men,Young,Mid
13297,Men,Older,High
13298,Men,Young,High
13299,Men,Older,Low
13300,Men,Older,Low
13301,Women,Middle,Low
13302,Men,Older,High
13303,Men,Older,Mid
13304,Men,Older,Mid
13305,Men,Young,Low
13306,Men,Older,High
13307,Men,Young,Low
13308,Women,Middle,Low
13309,Men,Older,High
13310,Men,Older,High
13311,Men,Older,Mid
13312,Men,Older,Low
13313,Women,Middle,Low
13314,Men,Older,Low
13315,Men,Middle,Mid
13316,Men,Young,Low
13317,Women,Middle,High
13318,Men,Young,Low
13319,Men,Older,Low
13320,Men,Older,Low
13321,Men,Middle,High
13322,Men,Middle,High
13323,Men,Older,Low
13324,Men,Middle,Mid
13325,Women,Middle,Low
13326,Men,Young,Low
13327,Men,Older,High
13328,Men,Middle,Low
13329,Men,Older,Mid
13330,Men,Young,Mid
13331,Men,Older,Low
13332,Men,Young,High
13333,Women,Middle,High
13334,Men,Middle,Low
13335,Men,Older,Mid
13336,Men,Young,High
13337,Men,Middle,Low
13338,Men,Young,Mid
13339,Women,Middle,High
13340,Men,Young,Mid
13341,Men,Older,Mid
13342,Men,Young,Low
13343,Men,Older,Mid
13344,Women,Middle,Low
13345,Men,Older,Mid
13346,Men,Middle,Mid
13347,Women,Middle,High
13348,Women,Middle,Low
13349,Men,Young,Low
13350,Men,Young,Low
13351,Men,Young,Low
13352,Men,Older,High
13353,Men,Older,Low
13354,Men,Young,Mid
13355,Men,Young,Low
13356,Women,Middle,Mid
13357,Men,Middle,High
13358,Men,Middle,High
13359,Men,Older,Mid
13360,Men,Young,High
13361,Men,Young,Low
13362,Men,Young,Low
13363,Men,Older,Mid
13364,Men,Young,Low
13365,Men,Older,Low
13366,Men,Older,Mid
13367,Men,Young,Mid
13368,Men,Young,Mid
13369,Men,Middle,High
13370,Men,Middle,Low
13371,Men,Young,Mid
13372,Women,Middle,Mid
13373,Men,Middle,Low
13374,Men,Young,Mid
13375,Men,Older,Low
13376,Women,Middle,High
13377,Men,Older,High
13378,Women,Middle,High
13379,Men,Young,Low
13380,Women,Middle,High
13381,Men,Older,Mid
13382,Men,Older,High
13383,Men,Older,Low
13384,Men,Older,High
13385,Men,Young,Low
13386,Men,Older,Low
13387,Women,Middle,Low
13388,Men,Young,Low
13389,Men,Older,High
13390,Women,Middle,High
13391,Men,Middle,Mid
13392,Men,Young,Mid
13393,Men,Young,Low
13394,Men,Young,Mid
13395,Women,Middle,Low
13396,Men,Young,Low
13397,Men,Older,High
13398,Men,Middle,Low
13399,Women,Middle,Mid
13400,Men,Young,Mid
13401,Men,Older,High
13402,Men,Older,Mid
13403,Men,Young,Low
13404,Men,Middle,Low
13405,Men,Older,High
13406,Men,Young,Low
13407,Men,Older,Mid
13408,Men,Young,Low
13409,Men,Older,Low
13410,Men,Young,High
13411,Women,Middle,Low
13412,Men,Young,Low
13413,Men,Young,Mid
13414,Men,Young,Low
13415,Men,Young,Mid
13416,Women,Middle,Mid
13417,Men,Young,Mid
13418,Men,Young,Low
13419,Women,Middle,High
13420,Men,Older,Mid
13421,Men,Young,Mid
13422,Men,Older,Low
13423,Women,Middle,Mid
13424,Men,Middle,Low
13425,Men,Older,High
13426,Men,Young,Low
13427,Men,Older,Mid
13428,Men,Middle,Low
13429,Men,Older,Low
13430,Men,Older,High
13431,Men,Young,Low
13432,Men,Young,High
13433,Men,Older,High
13434,Men,Older,High
13435,Men,Older,High
13436,Women,Middle,Mid
13437,Men,Older,Mid
13438,Men,Middle,Mid
13439,Women,Middle,Low
13440,Men,Older,Mid
13441,Men,Middle,Low
13442,Women,Middle,Mid
13443,Women,Middle,Mid
13444,Men,Middle,Low
13445,Men,Young,Low
13446,Men,Young,Mid
13447,Women,Middle,Low
13448,Women,Middle,Low
13449,Women,Middle,Mid
13450,Men,Young,Low
13451,Men,Older,Low
13452,Men,Young,Low
13453,Men,Young,Low
13454,Women,Middle,Low
13455,Men,Middle,High
13456,Men,Older,Mid
13457,Men,Young,Mid
13458,Men,Middle,Low
13459,Men,Older,Mid
13460,Men,Middle,Mid
13461,Men,Young,Low
13462,Men,Older,Mid
13463,Men,Young,Mid
13464,Men,Middle,High
13465,Men,Older,Low
13466,Men,Young,Low
13467,Men,Middle,Mid
13468,Men,Older,Mid
13469,Men,Older,Low
13470,Men,Older,Low
13471,Men,Older,Mid
13472,Men,Older,Low
13473,Women,Middle,Mid
13474,Men,Middle,Low
13475,Men,Older,High
13476,Women,Middle,Mid
13477,Men,Older,Low
13478,Men,Middle,Low
13479,Men,Middle,High
13480,Men,Young,Low
13481,Men,Young,Mid
13482,Men,Older,Low
13483,Men,Young,High
13484,Men,Older,Low
13485,Men,Older,Mid
13486,Men,Middle,Mid
13487,Men,Young,Low
13488,Men,Middle,High
13489,Men,Older,Mid
13490,Men,Older,Mid
13491,Men,Young,Low
13492,Men,Older,High
13493,Men,Older,Mid
13494,Men,Middle,Mid
13495,Men,Older,Mid
13496,Women,Middle,Mid
13497,Men,Young,Low
13498,Men,Young,Low
13499,Men,Middle,Mid
13500,Men,Middle,Mid
13501,Men,Middle,Mid
13502,Women,Middle,Mid
13503,Men,Middle,Mid
13504,Men,Middle,Low
13505,Men,Young,Low
13506,Women,Middle,Mid
13507,Men,Young,Mid
13508,Men,Middle,Mid
13509,Women,Middle,Mid
13510,Men,Older,Low
13511,Men,Older,High
13512,Men,Young,Low
13513,Women,Middle,Mid
13514,Men,Older,Low
13515,Men,Older,Mid
13516,Men,Middle,Low
13517,Men,Middle,Mid
13518,Men,Older,Low
13519,Men,Young,Low
13520,Men,Older,Mid
13521,Men,Older,Mid
13522,Men,Young,Low
13523,Men,Middle,Mid
13524,Men,Older,Mid
13525,Men,Older,Low
13526,Men,Older,High
13527,Women,Middle,Low
13528,Men,Older,High
13529,Men,Middle,High
13530,Women,Middle,Low
13531,Men,Older,Mid
13532,Men,Young,Low
13533,Men,Older,Mid
13534,Men,Young,Low
13535,Men,Young,Low
13536,Women,Middle,High
13537,Men,Older,Mid
13538,Men,Older,Low
13539,Men,Young,Mid
13540,Men,Young,Mid
13541,Men,Older,High
13542,Men,Young,Mid
13543,Women,Middle,Low
13544,Men,Young,Mid
13545,Men,Middle,Mid
13546,Men,Middle,High
13547,Men,Older,High
13548,Men,Older,Low
13549,Men,Middle,Mid
13550,Men,Young,Mid
13551,Men,Young,High
13552,Men,Older,Mid
13553,Men,Older,Mid
13554,Men,Older,High
13555,Men,Young,High
13556,Women,Middle,High
13557,Men,Older,Mid
13558,Men,Middle,High
13559,Men,Young,Low
13560,Men,Young,High
13561,Men,Older,Mid
13562,Men,Older,Mid
13563,Men,Older,Mid
13564,Women,Middle,Low
13565,Men,Young,Mid
13566,Women,Middle,Low
13567,Men,Older,Mid
13568,Men,Middle,Mid
13569,Men,Older,Low
13570,Men,Young,Mid
13571,Men,Middle,Mid
13572,Men,Young,High
13573,Men,Young,Low
13574,Women,Middle,Low
13575,Women,Middle,Mid
13576,Men,Older,Mid
13577,Men,Young,Low
13578,Men,Young,Low
13579,Women,Middle,High
13580,Men,Older,Mid
13581,Women,Middle,Mid
13582,Men,Young,High
13583,Men,Older,Mid
13584,Men,Young,Mid
13585,Men,Older,High
13586,Men,Young,Low
13587,Men,Middle,High
13588,Men,Older,Mid
13589,Men,Older,Mid
13590,Men,Middle,Low
13591,Men,Young,Low
13592,Women,Middle,Low
13593,Men,Young,Mid
13594,Men,Older,Mid
13595,Men,Middle,Low
13596,Men,Young,High
13597,Men,Young,Low
13598,Men,Young,Low
13599,Women,Middle,Low
13600,Women,Middle,Mid
13601,Men,Young,Low
13602,Men,Young,Low
13603,Men,Older,Mid
13604,Women,Middle,Low
13605,Men,Young,Mid
13606,Men,Older,High
13607,Women,Middle,Low
13608,Men,Older,Low
13609,Men,Young,Low
13610,Men,Middle,Mid
13611,Men,Young,High
13612,Men,Young,Low
13613,Men,Young,Low
13614,Men,Young,Low
13615,Women,Middle,Mid
13616,Men,Middle,Low
13617,Women,Middle,Mid
13618,Men,Older,Low
13619,Men,Young,High
13620,Men,Young,Mid
13621,Women,Middle,Mid
13622,Men,Young,High
13623,Men,Middle,Low
13624,Men,Young,Low
13625,Women,Middle,Mid
13626,Women,Middle,Low
13627,Men,Older,Low
13628,Women,Middle,Mid
13629,Men,Older,Low
13630,Men,Middle,Low
13631,Men,Young,Low
13632,Men,Older,Low
13633,Men,Older,High
13634,Men,Middle,Mid
13635,Men,Older,Mid
13636,Men,Older,High
13637,Women,Middle,High
13638,Men,Middle,Low
13639,Women,Middle,Low
13640,Men,Young,Low
13641,Men,Young,Low
13642,Men,Older,Mid
13643,Men,Middle,Mid
13644,Men,Young,Low
13645,Men,Older,Low
13646,Men,Middle,Mid
13647,Women,Middle,Low
13648,Men,Young,Low
13649,Women,Middle,Mid
13650,Men,Young,Low
13651,Men,Older,Mid
13652,Men,Older,High
13653,Men,Older,High
13654,Women,Middle,Low
13655,Men,Older,Mid
13656,Men,Middle,Mid
13657,Men,Older,Mid
13658,Men,Young,Low
13659,Men,Middle,High
13660,Men,Older,High
13661,Men,Young,Mid
13662,Men,Young,Low
13663,Men,Older,Mid
13664,Women,Middle,Low
13665,Men,Older,High
13666,Women,Middle,Low
13667,Men,Young,High
13668,Men,Young,Low
13669,Men,Young,Low
13670,Men,Young,Mid
13671,Women,Middle,Low
13672,Men,Older,Low
13673,Men,Older,Low
13674,Men,Middle,Low
13675,Men,Young,Mid
13676,Men,Young,Mid
13677,Men,Older,Low
13678,Men,Young,Mid
13679,Men,Older,Low
13680,Men,Older,High
13681,Men,Young,Low
13682,Men,Young,Mid
13683,Women,Middle,Mid
13684,Women,Middle,High
13685,Men,Older,High
13686,Men,Young,Mid
13687,Men,Young,Low
13688,Men,Young,High
13689,Men,Middle,Mid
13690,Men,Young,High
13691,Men,Young,Low
13692,Women,Middle,Low
13693,Men,Older,High
13694,Men,Older,Mid
13695,Men,Young,Low
13696,Men,Older,Mid
13697,Men,Middle,Mid
13698,Men,Young,Low
13699,Men,Older,Low
13700,Men,Young,Low
13701,Men,Older,Mid
13702,Men,Middle,Low
13703,Men,Older,Mid
13704,Men,Older,Low
13705,Men,Middle,Low
13706,Men,Young,High
13707,Men,Middle,High
13708,Men,Older,Mid
13709,Men,Young,Low
13710,Men,Older,Mid
13711,Men,Older,Mid
13712,Men,Middle,Low
13713,Women,Middle,Mid
13714,Women,Middle,High
13715,Men,Middle,High
13716,Men,Young,Mid
13717,Women,Middle,Low
13718,Women,Middle,Low
13719,Men,Young,Low
13720,Men,Young,High
13721,Men,Older,Mid
13722,Women,Middle,Mid
13723,Men,Older,Low
13724,Men,Young,Mid
13725,Men,Young,Mid
13726,Women,Middle,Mid
13727,Men,Young,Low
13728,Men,Older,High
13729,Men,Older,High
13730,Men,Young,Mid
13731,Men,Older,Low
13732,Women,Middle,Mid
13733,Women,Middle,Low
13734,Men,Young,Low
13735,Men,Young,Low
13736,Men,Young,Low
13737,Men,Older,High
13738,Men,Older,Mid
13739,Men,Middle,Low
13740,Men,Young,Mid
13741,Women,Middle,Mid
13742,Men,Young,Mid
13743,Men,Older,High
13744,Men,Young,Low
13745,Men,Young,Low
13746,Men,Middle,Low
13747,Men,Middle,High
13748,Men,Older,High
13749,Men,Older,Mid
13750,Men,Young,Mid
13751,Men,Young,Low
13752,Men,Young,Low
13753,Men,Older,Low
13754,Men,Middle,Mid
13755,Women,Middle,Low
13756,Men,Older,Low
13757,Men,Young,Low
13758,Women,Middle,Low
13759,Men,Older,Low
13760,Men,Young,Mid
13761,Women,Middle,High
13762,Women,Middle,High
13763,Men,Older,Mid
13764,Men,Middle,High
13765,Men,Young,Mid
13766,Women,Middle,High
13767,Men,Middle,Low
13768,Men,Young,Low
13769,Men,Young,Mid
13770,Men,Young,High
13771,Men,Older,Mid
13772,Men,Young,High
13773,Men,Older,High
13774,Men,Middle,Mid
13775,Women,Middle,Low
13776,Men,Middle,Low
13777,Men,Young,Low
13778,Men,Middle,Mid
13779,Men,Middle,Mid
13780,Men,Older,Mid
13781,Men,Older,Low
13782,Men,Older,High
13783,Men,Older,Low
13784,Men,Young,Low
13785,Men,Young,Low
13786,Men,Older,Low
13787,Men,Young,Low
13788,Women,Middle,Low
13789,Women,Middle,High
13790,Men,Young,Low
13791,Men,Middle,Mid
13792,Women,Middle,Mid
13793,Men,Older,Low
13794,Men,Older,Low
13795,Men,Middle,Mid
13796,Men,Young,High
13797,Men,Young,Low
13798,Men,Young,Mid
13799,Men,Young,Low
13800,Men,Middle,Low
13801,Men,Young,Mid
13802,Men,Young,High
13803,Women,Middle,Low
13804,Men,Middle,Low
13805,Men,Young,High
13806,Men,Young,Low
13807,Men,Young,Low
13808,Men,Older,High
13809,Men,Young,Mid
13810,Men,Young,Low
13811,Men,Young,Low
13812,Men,Older,Low
13813,Men,Young,Mid
13814,Men,Older,Low
13815,Men,Young,Low
13816,Men,Young,Mid
13817,Women,Middle,Low
13818,Women,Middle,High
13819,Men,Young,Low
13820,Men,Middle,Mid
13821,Men,Young,High
13822,Men,Young,Low
13823,Men,Older,Low
13824,Men,Middle,Low
13825,Women,Middle,Low
13826,Men,Older,Low
13827,Women,Middle,Low
13828,Men,Middle,Mid
13829,Men,Middle,Low
13830,Men,Older,Low
13831,Men,Middle,High
13832,Men,Older,Low
13833,Men,Middle,High
13834,Men,Young,Low
13835,Men,Middle,High
13836,Men,Young,Low
13837,Men,Young,Mid
13838,Men,Young,Low
13839,Women,Middle,Low
13840,Women,Middle,Mid
13841,Men,Middle,Low
13842,Men,Middle,Mid
13843,Men,Older,High
13844,Men,Young,Low
13845,Men,Older,High
13846,Men,Middle,Mid
13847,Men,Young,Mid
13848,Men,Young,Low
13849,Men,Older,Low
13850,Men,Older,Mid
13851,Women,Middle,Low
13852,Men,Older,High
13853,Men,Young,Low
13854,Men,Young,Mid
13855,Women,Middle,Mid
13856,Men,Young,Low
13857,Men,Young,Mid
13858,Men,Young,Mid
13859,Men,Middle,Mid
13860,Women,Middle,Low
13861,Men,Middle,High
13862,Men,Older,Mid
13863,Men,Young,High
13864,Men,Young,Low
13865,Women,Middle,Low
13866,Men,Older,Mid
13867,Men,Older,High
13868,Men,Older,Low
13869,Men,Older,Low
13870,Women,Middle,High
13871,Men,Young,Low
13872,Men,Older,Mid
13873,Men,Middle,High
13874,Men,Middle,High
13875,Men,Older,High
13876,Men,Middle,Low
13877,Men,Young,High
13878,Men,Older,High
13879,Men,Young,High
13880,Men,Older,Low
13881,Men,Young,High
13882,Men,Older,Mid
13883,Men,Older,Low
13884,Men,Older,Low
13885,Men,Young,Low
13886,Men,Young,Mid
13887,Men,Young,Mid
13888,Men,Middle,Low
13889,Men,Older,Mid
13890,Men,Older,High
13891,Men,Young,Low
13892,Men,Young,Low
13893,Women,Middle,High
13894,Men,Older,Low
13895,Men,Young,Low
13896,Women,Middle,Low
13897,Men,Middle,Low
13898,Men,Older,Mid
13899,Men,Older,High
13900,Men,Older,Low
13901,Women,Middle,Mid
13902,Men,Young,Mid
13903,Men,Older,High
13904,Women,Middle,Low
13905,Men,Young,Mid
13906,Women,Middle,Mid
13907,Men,Older,Low
13908,Men,Older,Mid
13909,Men,Middle,Low
13910,Men,Older,High
13911,Men,Young,Low
13912,Men,Young,Low
13913,Men,Middle,Mid
13914,Men,Older,Low
13915,Men,Older,Low
13916,Men,Older,Mid
13917,Men,Older,High
13918,Men,Older,High
13919,Men,Young,Mid
13920,Men,Older,Low
13921,Men,Older,Mid
13922,Men,Middle,Mid
13923,Men,Middle,High
13924,Men,Older,Low
13925,Men,Middle,Low
13926,Men,Older,Low
13927,Men,Older,Low
13928,Men,Older,High
13929,Men,Middle,Low
13930,Men,Older,Low
13931,Men,Older,Low
13932,Men,Older,Mid
13933,Women,Middle,High
13934,Men,Young,Low
13935,Men,Older,Low
13936,Men,Older,Mid
13937,Women,Middle,Mid
13938,Women,Middle,Low
13939,Women,Middle,High
13940,Men,Middle,Low
13941,Men,Young,High
13942,Women,Middle,High
13943,Men,Young,Mid
13944,Men,Older,Low
13945,Men,Young,High
13946,Men,Older,Low
13947,Men,Young,High
13948,Men,Young,Low
13949,Men,Middle,Low
13950,Men,Young,Mid
13951,Women,Middle,Low
13952,Men,Young,Low
13953,Men,Older,High
13954,Men,Older,Low
13955,Men,Young,Low
13956,Men,Older,Low
13957,Men,Young,Low
13958,Men,Older,Low
13959,Men,Older,High
13960,Women,Middle,Mid
13961,Men,Older,Mid
13962,Men,Young,Low
13963,Men,Middle,High
13964,Men,Young,Low
13965,Men,Older,Mid
13966,Men,Older,Low
13967,Men,Older,High
13968,Men,Middle,Low
13969,Men,Older,Mid
13970,Men,Older,Low
13971,Men,Young,High
13972,Men,Older,High
13973,Men,Older,Low
13974,Men,Older,High
13975,Men,Young,Low
13976,Men,Older,Mid
13977,Men,Young,High
13978,Men,Older,Low
13979,Men,Young,Mid
13980,Men,Older,Low
13981,Women,Middle,High
13982,Men,Older,Low
13983,Men,Middle,Mid
13984,Men,Older,Low
13985,Men,Young,Low
13986,Men,Older,Mid
13987,Men,Older,Low
13988,Men,Young,Low
13989,Men,Older,Mid
13990,Men,Young,Low
13991,Men,Young,Low
13992,Men,Young,Mid
13993,Women,Middle,High
13994,Women,Middle,Low
13995,Men,Young,Mid
13996,Men,Older,Mid
13997,Men,Young,Low
13998,Men,Middle,Low
13999,Men,Young,Mid
14000,Men,Older,High
14001,Men,Young,Low
14002,Men,Young,Mid
14003,Women,Middle,High
14004,Men,Young,Low
14005,Men,Older,High
14006,Men,Middle,High
14007,Men,Middle,High
14008,Men,Middle,Mid
14009,Men,Middle,Mid
14010,Men,Middle,High
14011,Men,Middle,Low
14012,Women,Middle,Mid
14013,Men,Young,Mid
14014,Men,Young,Mid
14015,Men,Older,Low
14016,Men,Young,Low
14017,Men,Older,Mid
14018,Men,Middle,Low
14019,Men,Young,Mid
14020,Men,Young,Low
14021,Women,Middle,Mid
14022,Women,Middle,Low
14023,Women,Middle,Low
14024,Men,Young,Low
14025,Men,Middle,Low
14026,Women,Middle,Low
14027,Women,Middle,High
14028,Men,Young,Low
14029,Men,Middle,Low
14030,Men,Middle,High
14031,Men,Older,Mid
14032,Men,Young,Low
14033,Men,Young,Low
14034,Men,Middle,Low
14035,Men,Middle,Low
14036,Men,Middle,Low
14037,Men,Young,Low
14038,Men,Older,Low
14039,Men,Young,Low
14040,Women,Middle,Mid
14041,Men,Middle,High
14042,Men,Middle,Low
14043,Men,Middle,Mid
14044,Men,Young,Low
14045,Men,Young,Low
14046,Men,Middle,High
14047,Men,Young,Low
14048,Men,Older,High
14049,Men,Young,Mid
14050,Women,Middle,Mid
14051,Women,Middle,Mid
14052,Men,Young,Mid
14053,Men,Young,Low
14054,Men,Older,Low
14055,Men,Young,Low
14056,Men,Young,Mid
14057,Men,Older,High
14058,Men,Middle,Low
14059,Women,Middle,Low
14060,Men,Middle,High
14061,Women,Middle,Low
14062,Men,Older,Mid
14063,Men,Middle,Low
14064,Men,Young,Low
14065,Women,Middle,Mid
14066,Men,Older,Low
14067,Women,Middle,High
14068,Men,Young,Mid
14069,Men,Young,High
14070,Men,Middle,Low
14071,Men,Older,Mid
14072,Men,Older,Mid
14073,Men,Middle,Low
14074,Men,Young,Low
14075,Men,Older,Mid
14076,Men,Young,Low
14077,Men,Older,Mid
14078,Men,Older,High
14079,Men,Young,Low
14080,Men,Young,Low
14081,Men,Older,Mid
14082,Women,Middle,High
14083,Men,Older,Low
14084,Men,Young,Low
14085,Men,Older,Mid
14086,Men,Young,Low
14087,Men,Older,High
14088,Men,Young,Low
14089,Men,Young,Low
14090,Men,Middle,Low
14091,Men,Older,Mid
14092,Men,Older,Low
14093,Women,Middle,Low
14094,Men,Young,Mid
14095,Men,Young,Mid
14096,Men,Older,High
14097,Men,Older,Mid
14098,Men,Older,Mid
14099,Women,Middle,Mid
14100,Men,Middle,Mid
14101,Men,Older,Low
14102,Men,Older,Low
14103,Men,Young,Low
14104,Men,Older,High
14105,Men,Middle,Mid
14106,Men,Older,Low
14107,Men,Young,Low
14108,Men,Middle,Mid
14109,Men,Young,Mid
14110,Men,Young,Low
14111,Men,Young,Low
14112,Women,Middle,Mid
14113,Men,Older,Low
14114,Men,Young,Mid
14115,Men,Young,Low
14116,Men,Young,High
14117,Men,Young,Mid
14118,Men,Young,Low
14119,Women,Middle,Mid
14120,Women,Middle,Mid
14121,Men,Older,Mid
14122,Men,Older,Mid
14123,Men,Young,Low
14124,Men,Older,Low
14125,Men,Middle,Mid
14126,Men,Middle,Low
14127,Men,Older,Mid
14128,Men,Older,Mid
14129,Men,Young,Low
14130,Women,Middle,Low
14131,Women,Middle,Low
14132,Men,Young,Low
14133,Men,Older,Mid
14134,Women,Middle,Low
14135,Men,Middle,High
14136,Women,Middle,Low
14137,Men,Middle,Mid
14138,Women,Middle,Low
14139,Men,Older,Mid
14140,Men,Older,Mid
14141,Men,Older,Low
14142,Women,Middle,Mid
14143,Men,Young,Low
14144,Men,Middle,Low
14145,Men,Older,High
14146,Men,Young,Low
14147,Men,Older,High
14148,Women,Middle,Low
14149,Men,Middle,Low
14150,Men,Young,Mid
14151,Men,Young,Low
14152,Men,Young,Low
14153,Men,Middle,High
14154,Men,Young,Low
14155,Men,Middle,High
14156,Men,Older,Low
14157,Men,Middle,Low
14158,Men,Young,Low
14159,Men,Middle,High
14160,Women,Middle,Low
14161,Men,Young,Low
14162,Men,Young,Low
14163,Men,Older,Mid
14164,Men,Older,Mid
14165,Women,Middle,High
14166,Men,Older,Low
14167,Men,Young,High
14168,Men,Young,Mid
14169,Men,Middle,Low
14170,Men,Young,High
14171,Men,Older,Low
14172,Men,Older,Low
14173,Men,Middle,Low
14174,Women,Middle,Low
14175,Women,Middle,Mid
14176,Men,Older,Mid
14177,Men,Older,High
14178,Men,Older,High
14179,Men,Older,Low
14180,Men,Young,Low
14181,Women,Middle,Mid
14182,Men,Older,Low
14183,Men,Young,Low
14184,Men,Older,High
14185,Women,Middle,High
14186,Men,Older,High
14187,Men,Young,Mid
14188,Men,Older,Low
14189,Men,Middle,High
14190,Men,Older,Low
14191,Men,Middle,High
14192,Women,Middle,Low
14193,Men,Older,Low
14194,Men,Young,Low
14195,Men,Older,Mid
14196,Women,Middle,Low
14197,Men,Young,Low
14198,Men,Older,Mid
14199,Men,Middle,Low
14200,Men,Middle,High
14201,Men,Older,Low
14202,Men,Middle,High
14203,Men,Older,Mid
14204,Men,Young,Low
14205,Men,Older,Low
14206,Women,Middle,High
14207,Men,Older,Mid
14208,Men,Older,Low
14209,Men,Older,High
14210,Men,Young,Mid
14211,Women,Middle,Mid
14212,Men,Young,Low
14213,Men,Middle,Mid
14214,Men,Young,Low
14215,Men,Young,Mid
14216,Men,Older,Low
14217,Men,Older,High
14218,Men,Older,Low
14219,Men,Older,High
14220,Women,Middle,Mid
14221,Women,Middle,Low
14222,Men,Older,Mid
14223,Men,Young,Low
14224,Men,Young,Low
14225,Men,Older,Low
14226,Men,Young,Low
14227,Men,Older,Low
14228,Men,Older,High
14229,Women,Middle,High
14230,Women,Middle,High
14231,Men,Young,Mid
14232,Women,Middle,Low
14233,Men,Middle,Low
14234,Men,Older,Mid
14235,Men,Older,Low
14236,Men,Older,Low
14237,Women,Middle,Mid
14238,Men,Young,High
14239,Men,Older,Mid
14240,Men,Older,Mid
14241,Men,Middle,Mid
14242,Men,Young,Low
14243,Men,Older,Mid
14244,Men,Middle,Mid
14245,Men,Young,Low
14246,Women,Middle,Low
14247,Women,Middle,High
14248,Men,Middle,Mid
14249,Men,Middle,Mid
14250,Women,Middle,Low
14251,Women,Middle,Mid
14252,Men,Middle,Low
14253,Men,Older,Mid
14254,Men,Young,Low
14255,Women,Middle,Low
14256,Men,Older,Low
14257,Men,Older,Low
14258,Women,Middle,High
14259,Men,Middle,High
14260,Men,Older,Low
14261,Women,Middle,Low
14262,Women,Middle,Low
14263,Men,Older,Low
14264,Men,Older,Low
14265,Women,Middle,Mid
14266,Men,Middle,Mid
14267,Men,Young,Low
14268,Women,Middle,Low
14269,Men,Older,Mid
14270,Men,Young,Low
14271,Men,Young,Mid
14272,Men,Middle,Low
14273,Men,Young,Low
14274,Men,Middle,Low
14275,Men,Middle,Low
14276,Men,Older,Low
14277,Men,Older,High
14278,Men,Middle,Low
14279,Women,Middle,Mid
14280,Women,Middle,Low
14281,Men,Middle,Mid
14282,Men,Older,Mid
14283,Men,Middle,Mid
14284,Men,Middle,Low
14285,Men,Middle,Low
14286,Men,Young,High
14287,Men,Older,Low
14288,Men,Older,Mid
14289,Men,Older,Low
14290,Men,Older,High
14291,Women,Middle,Low
14292,Men,Young,Mid
14293,Men,Young,Mid
14294,Women,Middle,Low
14295,Men,Middle,Low
14296,Men,Older,Mid
14297,Men,Young,Low
14298,Men,Young,High
14299,Men,Young,Mid
14300,Men,Older,High
14301,Men,Older,Low
14302,Women,Middle,High
14303,Women,Middle,Mid
14304,Men,Older,High
14305,Men,Older,Low
14306,Men,Young,Low
14307,Men,Young,Mid
14308,Men,Middle,Low
14309,Men,Young,Low
14310,Men,Older,Low
14311,Men,Older,Mid
14312,Men,Middle,Mid
14313,Men,Young,Low
14314,Men,Young,Mid
14315,Men,Young,High
14316,Men,Older,High
14317,Men,Older,Low
14318,Women,Middle,Low
14319,Men,Young,Mid
14320,Men,Older,Low
14321,Men,Older,High
14322,Men,Young,Low
14323,Men,Older,Low
14324,Women,Middle,Low
14325,Men,Middle,Low
14326,Men,Young,Low
14327,Men,Older,Mid
14328,Men,Middle,Mid
14329,Men,Young,Low
14330,Women,Middle,Mid
14331,Men,Middle,Low
14332,Men,Young,Mid
14333,Men,Young,High
14334,Men,Older,Mid
14335,Men,Older,Low
14336,Men,Older,Low
14337,Men,Young,Low
14338,Men,Young,Mid
14339,Men,Older,Mid
14340,Men,Older,Mid
14341,Women,Middle,Low
14342,Men,Older,High
14343,Men,Young,High
14344,Men,Young,Low
14345,Men,Older,Mid
14346,Men,Older,Low
14347,Men,Middle,Mid
14348,Women,Middle,Mid
14349,Men,Young,High
14350,Men,Middle,Low
14351,Men,Young,Mid
14352,Men,Older,Mid
14353,Men,Older,Low
14354,Women,Middle,High
14355,Men,Young,Low
14356,Women,Middle,Low
14357,Men,Older,Low
14358,Men,Older,Mid
14359,Men,Young,Low
14360,Men,Older,Low
14361,Men,Older,High
14362,Men,Older,High
14363,Men,Young,Mid
14364,Men,Middle,High
14365,Men,Older,Low
14366,Men,Young,Low
14367,Men,Older,Mid
14368,Men,Young,Low
14369,Men,Middle,Low
14370,Women,Middle,High
14371,Men,Older,Mid
14372,Men,Young,Low
14373,Men,Older,Low
14374,Women,Middle,Low
14375,Men,Older,Low
14376,Men,Older,Mid
14377,Men,Older,Mid
14378,Men,Older,Low
14379,Men,Older,Low
14380,Women,Middle,Low
14381,Men,Older,High
14382,Men,Older,High
14383,Men,Older,High
14384,Women,Middle,Mid
14385,Men,Older,High
14386,Men,Middle,High
14387,Men,Middle,Low
14388,Men,Older,High
14389,Men,Young,Low
14390,Men,Young,Mid
14391,Men,Young,Low
14392,Men,Young,Mid
14393,Women,Middle,Mid
14394,Men,Older,Mid
14395,Men,Young,Low
14396,Men,Young,Mid
14397,Men,Older,Mid
14398,Women,Middle,High
14399,Men,Older,High
14400,Women,Middle,Mid
14401,Men,Older,High
14402,Men,Young,Low
14403,Women,Middle,Low
14404,Men,Older,Mid
14405,Men,Young,Mid
14406,Men,Older,Mid
14407,Men,Young,Mid
14408,Women,Middle,Low
14409,Women,Middle,Low
14410,Men,Young,Low
14411,Men,Older,Low
14412,Women,Middle,Mid
14413,Men,Young,Mid
14414,Men,Older,Low
14415,Men,Middle,High
14416,Men,Young,Low
14417,Women,Middle,Low
14418,Men,Older,High
14419,Women,Middle,Mid
14420,Men,Young,High
14421,Men,Middle,Low
14422,Men,Middle,Mid
14423,Women,Middle,Mid
14424,Men,Young,Low
14425,Men,Older,High
14426,Men,Middle,Low
14427,Men,Middle,Low
14428,Women,Middle,High
14429,Men,Older,Low
14430,Men,Young,Low
14431,Men,Older,Mid
14432,Men,Young,High
14433,Men,Older,Mid
14434,Men,Older,Low
14435,Men,Young,High
14436,Men,Young,Low
14437,Men,Young,Mid
14438,Men,Middle,Low
14439,Women,Middle,Low
14440,Women,Middle,Mid
14441,Men,Older,Low
14442,Men,Young,High
14443,Men,Young,Low
14444,Men,Young,Low
14445,Men,Middle,Low
14446,Men,Young,Mid
14447,Men,Young,Mid
14448,Men,Older,High
14449,Men,Young,High
14450,Women,Middle,Mid
14451,Men,Older,High
14452,Men,Middle,Low
14453,Men,Older,High
14454,Men,Young,Low
14455,Men,Young,Low
14456,Men,Older,Mid
14457,Men,Young,Mid
14458,Men,Older,High
14459,Men,Young,High
14460,Men,Middle,High
14461,Men,Young,Mid
14462,Women,Middle,Low
14463,Men,Older,Mid
14464,Men,Older,Mid
14465,Men,Older,Mid
14466,Men,Young,Low
14467,Men,Older,Low
14468,Men,Young,Low
14469,Women,Middle,Mid
14470,Men,Young,Low
14471,Women,Middle,Mid
14472,Men,Young,High
14473,Men,Young,Low
14474,Men,Older,Low
14475,Men,Older,Mid
14476,Women,Middle,Mid
14477,Men,Young,Low
14478,Men,Older,High
14479,Men,Older,High
14480,Men,Middle,Low
14481,Men,Middle,Low
14482,Women,Middle,Mid
14483,Men,Older,Low
14484,Women,Middle,Mid
14485,Men,Young,High
14486,Women,Middle,High
14487,Men,Older,Mid
14488,Men,Young,Low
14489,Women,Middle,Mid
14490,Women,Middle,Mid
14491,Men,Young,Low
14492,Women,Middle,Low
14493,Men,Older,Low
14494,Men,Older,Mid
14495,Men,Older,High
14496,Women,Middle,High
14497,Men,Older,High
14498,Women,Middle,Low
14499,Men,Young,Low
14500,Men,Middle,High
14501,Men,Older,Low
14502,Men,Older,Low
14503,Women,Middle,High
14504,Men,Older,Mid
14505,Men,Young,High
14506,Women,Middle,Mid
14507,Women,Middle,Low
14508,Men,Young,Low
14509,Women,Middle,Mid
14510,Men,Young,Low
14511,Men,Young,High
14512,Men,Young,Low
14513,Men,Older,High
14514,Men,Older,Mid
14515,Men,Older,High
14516,Men,Older,High
14517,Men,Young,Low
14518,Women,Middle,Low
14519,Women,Middle,Mid
14520,Men,Young,Low
14521,Men,Young,Mid
14522,Men,Older,Low
14523,Women,Middle,Mid
14524,Men,Older,Mid
14525,Women,Middle,Mid
14526,Men,Older,High
14527,Men,Middle,Mid
14528,Women,Middle,Mid
14529,Men,Older,Low
14530,Men,Older,High
14531,Men,Young,Mid
14532,Men,Middle,High
14533,Men,Young,Low
14534,Men,Young,Low
14535,Men,Young,Low
14536,Men,Older,Mid
14537,Men,Young,Mid
14538,Men,Older,Mid
14539,Women,Middle,Mid
14540,Women,Middle,Mid
14541,Men,Young,Low
14542,Men,Older,Low
14543,Men,Older,Low
14544,Men,Older,High
14545,Men,Older,Mid
14546,Women,Middle,Mid
14547,Men,Older,High
14548,Women,Middle,Low
14549,Men,Older,Mid
14550,Men,Young,Low
14551,Men,Older,Mid
14552,Women,Middle,Mid
14553,Men,Young,Low
14554,Men,Older,Mid
14555,Men,Middle,High
14556,Men,Middle,Low
14557,Men,Middle,Mid
14558,Men,Older,Mid
14559,Men,Young,Mid
14560,Women,Middle,Low
14561,Men,Middle,Low
14562,Men,Young,Low
14563,Men,Middle,Low
14564,Men,Young,Low
14565,Men,Older,Low
14566,Men,Middle,High
14567,Men,Older,Mid
14568,Men,Older,Low
14569,Men,Middle,High
14570,Men,Middle,Mid
14571,Men,Older,Low
14572,Men,Young,Low
14573,Men,Older,High
14574,Men,Older,Low
14575,Men,Older,Mid
14576,Women,Middle,High
14577,Women,Middle,Low
14578,Men,Older,High
14579,Men,Young,Mid
14580,Men,Middle,Low
14581,Men,Young,Low
14582,Men,Middle,High
14583,Men,Older,Low
14584,Men,Older,High
14585,Men,Older,Mid
14586,Men,Young,Low
14587,Men,Young,High
14588,Men,Middle,Mid
14589,Men,Young,Low
14590,Women,Middle,Mid
14591,Women,Middle,Mid
14592,Men,Middle,Mid
14593,Women,Middle,High
14594,Men,Young,Low
14595,Women,Middle,Mid
14596,Men,Middle,Low
14597,Men,Young,Mid
14598,Men,Older,Mid
14599,Men,Older,Mid
14600,Men,Older,High
14601,Men,Young,Low
14602,Men,Young,Mid
14603,Women,Middle,Low
14604,Men,Older,High
14605,Women,Middle,High
14606,Men,Young,Mid
14607,Men,Older,High
14608,Men,Older,Low
14609,Women,Middle,High
14610,Men,Older,High
14611,Men,Young,Mid
14612,Men,Older,Mid
14613,Men,Older,Mid
14614,Men,Older,High
14615,Men,Middle,Low
14616,Men,Young,Mid
14617,Men,Young,Low
14618,Men,Middle,Mid
14619,Men,Young,Low
14620,Women,Middle,Mid
14621,Men,Older,High
14622,Men,Middle,High
14623,Men,Middle,Mid
14624,Men,Middle,Low
14625,Women,Middle,Low
14626,Men,Older,Low
14627,Men,Middle,Low
14628,Men,Older,Low
14629,Men,Young,Mid
14630,Men,Young,Low
14631,Men,Middle,Low
14632,Men,Young,High
14633,Men,Older,Low
14634,Women,Middle,High
14635,Men,Young,High
14636,Men,Older,High
14637,Men,Young,Low
14638,Men,Older,Low
14639,Men,Young,Low
14640,Women,Middle,High
14641,Men,Young,Low
14642,Men,Middle,Low
14643,Men,Older,High
14644,Men,Older,Mid
14645,Men,Young,Mid
14646,Men,Young,Low
14647,Men,Older,High
14648,Men,Young,Mid
14649,Women,Middle,Low
14650,Men,Middle,High
14651,Men,Middle,Mid
14652,Men,Young,Low
14653,Men,Young,Low
14654,Women,Middle,Mid
14655,Men,Older,Mid
14656,Men,Older,Low
14657,Men,Young,Low
14658,Men,Young,Low
14659,Men,Young,Low
14660,Men,Young,Mid
14661,Men,Middle,Low
14662,Men,Young,Mid
14663,Men,Older,Low
14664,Men,Middle,Low
14665,Men,Middle,Mid
14666,Men,Young,High
14667,Men,Older,High
14668,Men,Young,High
14669,Women,Middle,High
14670,Men,Young,Mid
14671,Women,Middle,Mid
14672,Women,Middle,High
14673,Men,Older,Low
14674,Women,Middle,Low
14675,Men,Young,Low
14676,Women,Middle,Low
14677,Men,Young,Mid
14678,Men,Young,Low
14679,Women,Middle,Mid
14680,Men,Middle,High
14681,Men,Middle,High
14682,Women,Middle,Mid
14683,Men,Older,Mid
14684,Men,Older,Mid
14685,Men,Young,Low
14686,Men,Middle,Low
14687,Men,Young,Low
14688,Men,Older,Mid
14689,Men,Middle,Mid
14690,Men,Older,High
14691,Men,Older,Low
14692,Men,Young,Low
14693,Men,Young,Low
14694,Men,Older,Low
14695,Men,Young,Mid
14696,Men,Middle,Mid
14697,Men,Middle,Low
14698,Men,Middle,Low
14699,Men,Young,High
14700,Men,Older,Low
14701,Men,Older,Low
14702,Men,Young,Low
14703,Men,Middle,High
14704,Women,Middle,Mid
14705,Men,Older,High
14706,Men,Young,Low
14707,Men,Middle,Low
14708,Women,Middle,Low
14709,Men,Older,Low
14710,Men,Older,Mid
14711,Men,Young,Low
14712,Men,Older,Mid
14713,Men,Middle,High
14714,Men,Young,Mid
14715,Women,Middle,Mid
14716,Men,Middle,High
14717,Men,Young,Mid
14718,Men,Young,Mid
14719,Men,Older,High
14720,Men,Middle,Low
14721,Men,Older,Low
14722,Men,Middle,High
14723,Men,Older,High
14724,Women,Middle,High
14725,Men,Older,Mid
14726,Women,Middle,High
14727,Men,Older,Mid
14728,Men,Young,Low
14729,Men,Young,Low
14730,Men,Older,Mid
14731,Men,Young,Low
14732,Men,Older,High
14733,Men,Older,Mid
14734,Women,Middle,Low
14735,Men,Young,Low
14736,Men,Older,Low
14737,Men,Older,Low
14738,Men,Middle,Low
14739,Men,Young,Low
14740,Men,Older,Mid
14741,Men,Young,Mid
14742,Men,Older,Mid
14743,Men,Young,Low
14744,Men,Young,High
14745,Women,Middle,Low
14746,Men,Older,High
14747,Men,Older,High
14748,Men,Older,Low
14749,Men,Young,High
14750,Men,Older,Low
14751,Men,Older,Low
14752,Men,Middle,High
14753,Men,Young,Low
14754,Men,Older,High
14755,Men,Young,Mid
14756,Men,Older,High
14757,Men,Older,Low
14758,Women,Middle,Low
14759,Men,Older,Mid
14760,Men,Middle,High
14761,Men,Young,Mid
14762,Women,Middle,Low
14763,Women,Middle,Low
14764,Men,Young,Low
14765,Men,Middle,High
14766,Men,Older,Mid
14767,Men,Older,Low
14768,Men,Young,Low
14769,Men,Young,Mid
14770,Men,Young,Low
14771,Men,Young,High
14772,Men,Older,Low
14773,Men,Middle,High
14774,Men,Older,High
14775,Men,Older,Mid
14776,Men,Older,Mid
14777,Men,Middle,Mid
14778,Men,Young,Mid
14779,Men,Older,Mid
14780,Men,Young,Low
14781,Men,Older,Mid
14782,Men,Middle,Low
14783,Men,Young,Low
14784,Men,Young,Low
14785,Men,Young,Mid
14786,Men,Older,Mid
14787,Men,Older,High
14788,Men,Older,High
14789,Men,Middle,High
14790,Women,Middle,Low
14791,Men,Older,Low
14792,Men,Older,Low
14793,Women,Middle,Low
14794,Men,Young,Low
14795,Men,Young,High
14796,Men,Older,Low
14797,Women,Middle,Low
14798,Men,Middle,Mid
14799,Men,Young,High
14800,Women,Middle,Low
14801,Men,Older,Mid
14802,Men,Older,Low
14803,Men,Older,Mid
14804,Men,Older,Low
14805,Men,Older,Low
14806,Women,Middle,Mid
14807,Men,Older,High
14808,Men,Young,Low
14809,Women,Middle,Mid
14810,Men,Older,Mid
14811,Men,Middle,Mid
14812,Men,Older,Mid
14813,Women,Middle,Mid
14814,Men,Young,Low
14815,Men,Young,High
14816,Men,Older,Mid
14817,Men,Young,Low
14818,Women,Middle,Low
14819,Women,Middle,Low
14820,Men,Young,Low
14821,Men,Older,Mid
14822,Men,Middle,Low
14823,Men,Young,Low
14824,Women,Middle,High
14825,Women,Middle,High
14826,Men,Young,Mid
14827,Men,Middle,Mid
14828,Men,Middle,Low
14829,Women,Middle,High
14830,Women,Middle,Low
14831,Men,Young,Low
14832,Women,Middle,Mid
14833,Men,Older,Low
14834,Men,Older,Mid
14835,Women,Middle,Mid
14836,Men,Young,Low
14837,Men,Middle,Mid
14838,Men,Young,Mid
14839,Men,Young,Low
14840,Men,Young,Mid
14841,Men,Young,Low
14842,Men,Middle,Low
14843,Men,Older,Low
14844,Men,Middle,Mid
14845,Women,Middle,High
14846,Women,Middle,Low
14847,Men,Middle,Mid
14848,Men,Young,High
14849,Men,Older,Low
14850,Men,Older,Low
14851,Men,Middle,Low
14852,Men,Young,Low
14853,Men,Young,Low
14854,Men,Young,Mid
14855,Men,Middle,Mid
14856,Women,Middle,Low
14857,Women,Middle,Low
14858,Men,Older,Mid
14859,Men,Older,Mid
14860,Men,Older,Mid
14861,Women,Middle,Mid
14862,Men,Middle,High
14863,Men,Older,Low
14864,Men,Young,Low
14865,Men,Young,Low
14866,Women,Middle,Mid
14867,Men,Middle,Mid
14868,Men,Young,Mid
14869,Men,Young,Mid
14870,Men,Young,Mid
14871,Men,Older,Mid
14872,Men,Older,High
14873,Men,Young,Low
14874,Men,Young,Low
14875,Men,Young,Mid
14876,Men,Older,Mid
14877,Men,Older,High
14878,Men,Young,Low
14879,Women,Middle,Mid
14880,Men,Young,Low
14881,Women,Middle,Mid
14882,Men,Older,High
14883,Men,Older,Mid
14884,Men,Older,High
14885,Men,Older,Low
14886,Women,Middle,High
14887,Men,Young,High
14888,Men,Young,Low
14889,Men,Middle,High
14890,Men,Older,Low
14891,Men,Middle,High
14892,Men,Young,Low
14893,Men,Older,High
14894,Men,Older,Low
14895,Men,Young,Mid
14896,Women,Middle,Mid
14897,Men,Young,Low
14898,Men,Middle,Low
14899,Men,Young,Low
14900,Men,Young,High
14901,Men,Middle,Mid
14902,Men,Young,Mid
14903,Men,Young,Mid
14904,Men,Young,Low
14905,Men,Older,Low
14906,Men,Young,Low
14907,Men,Older,High
14908,Men,Middle,Low
14909,Men,Middle,Low
14910,Women,Middle,Mid
14911,Men,Older,High
14912,Women,Middle,Mid
14913,Women,Middle,Low
14914,Men,Middle,Low
14915,Men,Older,Mid
14916,Men,Older,Mid
14917,Men,Older,High
14918,Men,Young,Low
14919,Men,Middle,Low
14920,Men,Young,Low
14921,Men,Older,Low
14922,Men,Young,Low
14923,Men,Older,High
14924,Men,Young,High
14925,Men,Young,Low
14926,Men,Middle,Low
14927,Men,Young,Low
14928,Men,Young,Mid
14929,Men,Middle,High
14930,Men,Young,Mid
14931,Men,Young,Low
14932,Men,Middle,Low
14933,Men,Older,Mid
14934,Men,Older,High
14935,Women,Middle,Mid
14936,Women,Middle,Low
14937,Men,Young,Low
14938,Women,Middle,Mid
14939,Men,Older,Mid
14940,Men,Young,Low
14941,Men,Older,High
14942,Men,Older,Low
14943,Men,Middle,Mid
14944,Men,Middle,High
14945,Women,Middle,High
14946,Men,Young,Low
14947,Men,Middle,Low
14948,Women,Middle,High
14949,Men,Older,Mid
14950,Men,Older,Mid
14951,Women,Middle,Low
14952,Men,Older,Low
14953,Men,Older,Low
14954,Men,Middle,Low
14955,Women,Middle,Low
14956,Women,Middle,High
14957,Men,Young,Low
14958,Men,Middle,Mid
14959,Men,Young,Low
14960,Women,Middle,Mid
14961,Men,Older,High
14962,Men,Older,Mid
14963,Men,Older,Low
14964,Men,Older,Mid
14965,Men,Older,Mid
14966,Men,Older,Low
14967,Men,Older,Low
14968,Men,Young,Low
14969,Men,Middle,High
14970,Men,Older,Low
14971,Men,Young,Low
14972,Men,Young,High
14973,Men,Young,High
14974,Men,Middle,Low
14975,Men,Young,Mid
14976,Men,Young,Low
14977,Men,Older,Low
14978,Men,Older,Mid
14979,Women,Middle,Low
14980,Men,Middle,Mid
14981,Women,Middle,Low
14982,Men,Young,Mid
14983,Men,Older,High
14984,Men,Older,Low
14985,Women,Middle,Mid
14986,Men,Middle,Mid
14987,Women,Middle,Low
14988,Men,Older,Low
14989,Men,Young,Low
14990,Women,Middle,Low
14991,Men,Older,High
14992,Men,Older,Mid
14993,Men,Older,High
14994,Men,Middle,High
14995,Men,Young,Low
14996,Men,Young,Low
14997,Men,Young,Low
14998,Men,Young,Low
14999,Men,Young,Low
15000,Men,Young,Mid
15001,Women,Middle,Low
15002,Women,Middle,High
15003,Men,Middle,High
15004,Women,Middle,Mid
15005,Men,Young,Low
15006,Men,Middle,Mid
15007,Women,Middle,Mid
15008,Men,Middle,Low
15009,Men,Older,Low
15010,Men,Young,Low
15011,Women,Middle,Mid
15012,Men,Older,Mid
15013,Men,Middle,Low
15014,Men,Young,High
15015,Men,Middle,Mid
15016,Men,Older,Low
15017,Men,Older,Mid
15018,Women,Middle,Mid
15019,Men,Young,Low
15020,Men,Older,Mid
15021,Men,Older,Low
15022,Women,Middle,Low
15023,Men,Older,Low
15024,Men,Older,Low
15025,Men,Middle,Low
15026,Men,Young,Low
15027,Men,Middle,Mid
15028,Men,Young,Low
15029,Men,Young,Mid
15030,Men,Young,Mid
15031,Women,Middle,Mid
15032,Men,Middle,Mid
15033,Men,Young,Low
15034,Women,Middle,Low
15035,Men,Young,Low
15036,Women,Middle,Low
15037,Men,Older,Low
15038,Men,Older,High
15039,Women,Middle,Mid
15040,Men,Older,Mid
15041,Men,Young,Low
15042,Men,Older,Low
15043,Women,Middle,High
15044,Men,Middle,Mid
15045,Women,Middle,Mid
15046,Men,Older,High
15047,Men,Middle,Mid
15048,Men,Older,Mid
15049,Women,Middle,Low
15050,Men,Young,Low
15051,Men,Older,Low
15052,Men,Older,Mid
15053,Men,Young,High
15054,Men,Older,Low
15055,Men,Older,Mid
15056,Men,Young,High
15057,Men,Middle,Low
15058,Men,Older,Low
15059,Women,Middle,Mid
15060,Men,Older,High
15061,Men,Young,Low
15062,Men,Older,Low
15063,Men,Young,High
15064,Men,Young,High
15065,Men,Older,High
15066,Men,Middle,Low
15067,Men,Older,Low
15068,Men,Young,Mid
15069,Men,Middle,Low
15070,Men,Older,High
15071,Men,Middle,High
15072,Men,Middle,Low
15073,Men,Older,Mid
15074,Men,Older,Low
15075,Men,Young,High
15076,Men,Older,High
15077,Men,Young,Mid
15078,Men,Middle,Low
15079,Women,Middle,Mid
15080,Men,Young,High
15081,Men,Middle,Low
15082,Men,Middle,Low
15083,Men,Middle,Low
15084,Men,Young,High
15085,Men,Young,Low
15086,Men,Middle,Mid
15087,Men,Older,Mid
15088,Women,Middle,Mid
15089,Men,Young,Low
15090,Men,Middle,Mid
15091,Women,Middle,Mid
15092,Men,Middle,High
15093,Men,Young,Low
15094,Men,Older,Low
15095,Women,Middle,Mid
15096,Men,Older,High
15097,Women,Middle,Mid
15098,Women,Middle,High
15099,Men,Young,Low
15100,Men,Young,Low
15101,Men,Young,Low
15102,Men,Young,Mid
15103,Men,Middle,Low
15104,Men,Older,High
15105,Men,Older,High
15106,Men,Young,Low
15107,Men,Older,Low
15108,Men,Young,Mid
15109,Men,Young,Mid
15110,Men,Young,High
15111,Men,Middle,High
15112,Men,Middle,High
15113,Men,Older,Low
15114,Men,Middle,Low
15115,Men,Middle,Mid
15116,Men,Older,Low
15117,Men,Middle,High
15118,Women,Middle,Low
15119,Men,Older,Mid
15120,Men,Young,Low
15121,Men,Older,Mid
15122,Men,Older,Low
15123,Men,Older,Low
15124,Women,Middle,Low
15125,Men,Young,Mid
15126,Men,Young,Mid
15127,Men,Middle,High
15128,Women,Middle,Mid
15129,Men,Older,Low
15130,Men,Middle,High
15131,Men,Young,Low
15132,Women,Middle,High
15133,Men,Middle,Low
15134,Men,Older,Mid
15135,Men,Older,Mid
15136,Men,Middle,Low
15137,Men,Young,Low
15138,Women,Middle,High
15139,Women,Middle,Mid
15140,Women,Middle,Mid
15141,Men,Young,Low
15142,Men,Young,Low
15143,Men,Older,Mid
15144,Men,Older,High
15145,Men,Middle,High
15146,Men,Older,Mid
15147,Women,Middle,Mid
15148,Men,Middle,High
15149,Men,Older,Low
15150,Men,Young,High
15151,Men,Young,High
15152,Men,Young,Mid
15153,Men,Older,High
15154,Men,Young,Low
15155,Men,Young,Low
15156,Men,Young,High
15157,Men,Young,High
15158,Men,Middle,Mid
15159,Men,Older,Mid
15160,Men,Middle,Low
15161,Men,Middle,Low
15162,Men,Young,Mid
15163,Men,Middle,Mid
15164,Men,Young,Mid
15165,Men,Older,High
15166,Men,Young,Low
15167,Women,Middle,Low
15168,Men,Older,Mid
15169,Men,Young,Low
15170,Men,Older,Low
15171,Men,Young,Low
15172,Men,Older,Mid
15173,Men,Older,Low
15174,Women,Middle,Low
15175,Men,Older,Mid
15176,Men,Older,Low
15177,Men,Young,Mid
15178,Men,Young,High
15179,Men,Older,Mid
15180,Men,Older,Mid
15181,Men,Young,Low
15182,Men,Older,Mid
15183,Men,Older,Mid
15184,Men,Young,Mid
15185,Men,Young,Low
15186,Men,Older,Mid
15187,Men,Middle,High
15188,Men,Young,Low
15189,Men,Young,Low
15190,Men,Young,Low
15191,Women,Middle,Low
15192,Men,Young,Mid
15193,Men,Older,Low
15194,Men,Young,Mid
15195,Men,Young,Low
15196,Men,Young,Mid
15197,Men,Young,High
15198,Men,Young,Low
15199,Men,Older,Low
15200,Men,Young,Mid
15201,Men,Middle,Mid
15202,Men,Older,High
15203,Women,Middle,Low
15204,Men,Older,Low
15205,Men,Young,Mid
15206,Men,Middle,Low
15207,Men,Middle,High
15208,Men,Young,Low
15209,Women,Middle,Mid
15210,Men,Middle,Mid
15211,Women,Middle,Low
15212,Men,Middle,Mid
15213,Men,Middle,High
15214,Men,Middle,Mid
15215,Women,Middle,High
15216,Men,Older,Low
15217,Men,Older,Low
15218,Men,Older,Low
15219,Men,Young,Low
15220,Men,Older,Low
15221,Women,Middle,Low
15222,Men,Older,Mid
15223,Men,Middle,Mid
15224,Men,Older,Low
15225,Men,Older,Low
15226,Women,Middle,Mid
15227,Men,Older,Low
15228,Men,Older,High
15229,Men,Older,Low
15230,Men,Middle,Low
15231,Men,Middle,Mid
15232,Men,Young,Low
15233,Men,Young,Low
15234,Women,Middle,Low
15235,Men,Older,Low
15236,Men,Middle,Mid
15237,Men,Older,High
15238,Women,Middle,Low
15239,Men,Young,Mid
15240,Men,Older,Low
15241,Women,Middle,Low
15242,Men,Young,Low
15243,Men,Young,Low
15244,Men,Older,Mid
15245,Men,Older,High
15246,Men,Young,Low
15247,Men,Older,Mid
15248,Men,Young,Mid
15249,Men,Older,Low
15250,Women,Middle,High
15251,Men,Older,Mid
15252,Men,Older,Mid
15253,Men,Older,High
15254,Men,Older,Low
15255,Men,Young,Low
15256,Men,Older,Mid
15257,Men,Young,Mid
15258,Women,Middle,Low
15259,Men,Older,Mid
15260,Men,Older,High
15261,Men,Older,Low
15262,Men,Middle,Mid
15263,Men,Older,Low
15264,Men,Young,Low
15265,Men,Older,Low
15266,Women,Middle,Mid
15267,Men,Young,Mid
15268,Men,Older,Low
15269,Men,Older,Mid
15270,Men,Middle,Low
15271,Women,Middle,Mid
15272,Men,Older,Low
15273,Men,Middle,Low
15274,Women,Middle,High
15275,Women,Middle,Mid
15276,Women,Middle,Mid
15277,Men,Middle,Mid
15278,Men,Older,Mid
15279,Women,Middle,High
15280,Men,Middle,Low
15281,Men,Young,Low
15282,Men,Young,Mid
15283,Men,Older,Mid
15284,Men,Young,Mid
15285,Men,Young,Low
15286,Women,Middle,High
15287,Men,Older,Low
15288,Women,Middle,Low
15289,Women,Middle,Mid
15290,Men,Young,Low
15291,Men,Middle,Low
15292,Men,Older,Low
15293,Men,Older,Mid
15294,Women,Middle,Low
15295,Women,Middle,Mid
15296,Men,Older,Mid
15297,Men,Young,Low
15298,Men,Young,High
15299,Men,Older,Mid
15300,Men,Older,Low
15301,Men,Young,Mid
15302,Men,Young,Mid
15303,Men,Older,Mid
15304,Women,Middle,Mid
15305,Men,Older,Low
15306,Men,Older,Mid
15307,Men,Older,High
15308,Men,Older,Mid
15309,Men,Young,Mid
15310,Men,Young,Low
15311,Men,Older,Low
15312,Men,Older,Low
15313,Men,Young,Low
15314,Men,Young,Low
15315,Men,Young,High
15316,Men,Young,Low
15317,Men,Young,Low
15318,Women,Middle,Mid
15319,Men,Young,Low
15320,Men,Older,High
15321,Men,Older,High
15322,Men,Middle,Low
15323,Women,Middle,Mid
15324,Men,Middle,Mid
15325,Men,Older,Low
15326,Men,Older,High
15327,Men,Young,Low
15328,Men,Older,Mid
15329,Men,Young,Low
15330,Men,Middle,Low
15331,Men,Older,Low
15332,Women,Middle,Mid
15333,Men,Young,Low
15334,Men,Older,Mid
15335,Men,Older,High
15336,Men,Older,Low
15337,Men,Young,Mid
15338,Men,Middle,Mid
15339,Men,Young,High
15340,Men,Young,Low
15341,Men,Middle,Mid
15342,Men,Middle,Low
15343,Men,Middle,Low
15344,Women,Middle,Low
15345,Men,Older,Low
15346,Men,Middle,Low
15347,Men,Older,Low
15348,Women,Middle,Low
15349,Men,Young,Low
15350,Women,Middle,Mid
15351,Men,Young,High
15352,Women,Middle,Low
15353,Men,Older,Mid
15354,Women,Middle,High
15355,Men,Young,Low
15356,Men,Young,High
15357,Men,Older,Low
15358,Men,Young,Low
15359,Women,Middle,Mid
15360,Men,Middle,Low
15361,Men,Young,Mid
15362,Men,Older,Low
15363,Men,Middle,High
15364,Men,Older,Mid
15365,Men,Young,Low
15366,Men,Middle,Low
15367,Men,Older,High
15368,Women,Middle,Low
15369,Men,Older,Low
15370,Women,Middle,Low
15371,Men,Middle,Low
15372,Women,Middle,Low
15373,Men,Middle,Low
15374,Men,Older,High
15375,Men,Older,High
15376,Men,Older,Mid
15377,Men,Middle,Low
15378,Men,Young,Mid
15379,Men,Young,Low
15380,Men,Middle,Low
15381,Men,Older,Mid
15382,Men,Older,High
15383,Men,Older,Low
15384,Men,Older,High
15385,Men,Older,Mid
15386,Women,Middle,Low
15387,Men,Young,Low
15388,Women,Middle,High
15389,Men,Young,Mid
15390,Men,Young,High
15391,Men,Older,Low
15392,Men,Older,Low
15393,Men,Middle,High
15394,Men,Middle,High
15395,Men,Older,Low
15396,Men,Young,Low
15397,Men,Older,High
15398,Men,Middle,High
15399,Men,Older,Mid
15400,Men,Older,Low
15401,Men,Older,Low
15402,Men,Young,Low
15403,Men,Middle,Mid
15404,Men,Older,High
15405,Women,Middle,Low
15406,Men,Older,Low
15407,Men,Middle,Low
15408,Men,Older,Mid
15409,Men,Young,Low
15410,Men,Young,Low
15411,Women,Middle,High
15412,Men,Young,Low
15413,Women,Middle,Low
15414,Men,Older,Low
15415,Women,Middle,Low
15416,Men,Older,Mid
15417,Men,Older,Mid
15418,Men,Young,Mid
15419,Men,Young,Low
15420,Men,Older,Mid
15421,Women,Middle,High
15422,Men,Young,High
15423,Men,Young,Low
15424,Men,Older,High
15425,Men,Older,High
15426,Men,Older,High
15427,Men,Young,High
15428,Men,Young,High
15429,Men,Older,High
15430,Men,Young,Low
15431,Men,Older,Mid
15432,Men,Middle,Low
15433,Men,Middle,Low
15434,Men,Older,Low
15435,Men,Older,Low
15436,Men,Older,Low
15437,Men,Young,Mid
15438,Men,Older,Mid
15439,Men,Young,Mid
15440,Men,Young,Low
15441,Men,Young,High
15442,Men,Older,Mid
15443,Women,Middle,Mid
15444,Women,Middle,Mid
15445,Women,Middle,High
15446,Women,Middle,Mid
15447,Men,Young,High
15448,Men,Young,Mid
15449,Men,Young,Low
15450,Men,Young,High
15451,Men,Older,Low
15452,Men,Older,Mid
15453,Women,Middle,Low
15454,Men,Middle,High
15455,Men,Older,High
15456,Men,Older,High
15457,Men,Older,Mid
15458,Men,Middle,Mid
15459,Men,Young,Low
15460,Men,Young,High
15461,Men,Young,High
15462,Men,Older,Low
15463,Men,Young,Low
15464,Men,Middle,Low
15465,Men,Older,Low
15466,Men,Young,Mid
15467,Men,Young,Low
15468,Men,Middle,Mid
15469,Men,Young,Mid
15470,Men,Young,Mid
15471,Men,Young,Low
15472,Men,Middle,Low
15473,Men,Middle,Low
15474,Men,Middle,Low
15475,Men,Older,Low
15476,Women,Middle,Low
15477,Women,Middle,High
15478,Men,Young,High
15479,Men,Older,Low
15480,Men,Older,Low
15481,Men,Young,Low
15482,Men,Older,High
15483,Women,Middle,Low
15484,Men,Young,Low
15485,Men,Young,Mid
15486,Women,Middle,High
15487,Women,Middle,Mid
15488,Men,Middle,Mid
15489,Men,Older,Mid
15490,Men,Young,Mid
15491,Men,Young,High
15492,Men,Older,Low
15493,Men,Older,High
15494,Men,Young,Low
15495,Men,Middle,Mid
15496,Men,Older,High
15497,Men,Middle,Mid
15498,Men,Young,Low
15499,Men,Middle,High
15500,Men,Middle,High
15501,Men,Young,Low
15502,Men,Older,High
15503,Men,Young,Low
15504,Men,Middle,Low
15505,Men,Young,Low
15506,Women,Middle,Low
15507,Men,Older,Low
15508,Men,Young,High
15509,Men,Older,Mid
15510,Men,Older,Mid
15511,Men,Young,Low
15512,Men,Older,Low
15513,Men,Older,High
15514,Women,Middle,Low
15515,Women,Middle,Mid
15516,Men,Older,High
15517,Men,Young,High
15518,Men,Young,High
15519,Men,Young,Low
15520,Men,Older,Low
15521,Men,Young,Low
15522,Men,Older,Mid
15523,Men,Older,High
15524,Men,Young,Low
15525,Men,Older,High
15526,Men,Middle,Mid
15527,Men,Older,Mid
15528,Men,Middle,Low
15529,Women,Middle,Low
15530,Women,Middle,Low
15531,Men,Older,Low
15532,Men,Older,High
15533,Men,Young,Low
15534,Men,Young,Mid
15535,Men,Middle,Low
15536,Men,Older,Mid
15537,Men,Middle,Mid
15538,Men,Older,Low
15539,Women,Middle,Low
15540,Women,Middle,Low
15541,Men,Young,Mid
15542,Men,Young,Low
15543,Men,Middle,Low
15544,Men,Older,Low
15545,Men,Middle,Low
15546,Men,Young,Low
15547,Men,Middle,High
15548,Men,Older,High
15549,Men,Young,Mid
15550,Men,Older,Low
15551,Women,Middle,Mid
15552,Men,Older,Low
15553,Men,Older,High
15554,Men,Older,Mid
15555,Men,Young,Low
15556,Women,Middle,Mid
15557,Women,Middle,Low
15558,Women,Middle,Low
15559,Women,Middle,Mid
15560,Men,Young,Low
15561,Men,Older,Low
15562,Men,Older,High
15563,Men,Older,Mid
15564,Men,Young,Low
15565,Men,Older,Mid
15566,Men,Young,Mid
15567,Men,Older,Mid
15568,Men,Young,Low
15569,Men,Young,High
15570,Men,Older,Mid
15571,Men,Older,High
15572,Men,Young,Mid
15573,Men,Older,Mid
15574,Women,Middle,Low
15575,Men,Middle,Mid
15576,Men,Older,Low
15577,Women,Middle,Low
15578,Men,Older,Low
15579,Men,Older,Low
15580,Men,Young,Low
15581,Men,Young,High
15582,Men,Young,High
15583,Men,Young,Mid
15584,Men,Young,High
15585,Women,Middle,Low
15586,Men,Middle,Low
15587,Men,Middle,Mid
15588,Men,Older,Low
15589,Men,Young,High
15590,Men,Older,Low
15591,Men,Young,Low
15592,Men,Older,Mid
15593,Men,Young,Low
15594,Men,Older,Mid
15595,Men,Young,Mid
15596,Men,Older,Low
15597,Women,Middle,Low
15598,Men,Older,Mid
15599,Men,Young,Low
15600,Men,Older,Mid
15601,Men,Older,Low
15602,Women,Middle,High
15603,Men,Middle,Low
15604,Men,Older,Low
15605,Women,Middle,Mid
15606,Men,Older,High
15607,Men,Older,High
15608,Men,Older,Mid
15609,Women,Middle,Low
15610,Men,Young,Low
15611,Men,Older,Mid
15612,Women,Middle,Mid
15613,Men,Young,High
15614,Men,Older,Mid
15615,Men,Older,High
15616,Men,Young,Low
15617,Women,Middle,Low
15618,Men,Young,High
15619,Men,Older,Mid
15620,Men,Older,High
15621,Men,Older,Low
15622,Men,Young,Low
15623,Men,Older,High
15624,Men,Young,Low
15625,Men,Young,Mid
15626,Women,Middle,Low
15627,Men,Older,Low
15628,Men,Young,Low
15629,Men,Older,Mid
15630,Men,Young,Low
15631,Men,Older,High
15632,Men,Young,Low
15633,Men,Older,High
15634,Women,Middle,Low
15635,Men,Young,Low
15636,Men,Young,High
15637,Men,Young,Low
15638,Men,Middle,Mid
15639,Men,Older,High
15640,Men,Young,Mid
15641,Men,Young,Low
15642,Men,Middle,Low
15643,Women,Middle,Low
15644,Men,Older,Mid
15645,Men,Young,Low
15646,Men,Older,Mid
15647,Men,Young,Low
15648,Men,Older,Low
15649,Men,Older,Mid
15650,Men,Young,Low
15651,Men,Older,Low
15652,Women,Middle,Low
15653,Men,Middle,Low
15654,Men,Young,Low
15655,Men,Young,Low
15656,Men,Middle,Mid
15657,Men,Young,Low
15658,Men,Older,Low
15659,Men,Middle,Low
15660,Men,Young,Mid
15661,Men,Middle,Mid
15662,Men,Older,Low
15663,Men,Older,High
15664,Men,Young,Mid
15665,Men,Older,Mid
15666,Women,Middle,Mid
15667,Men,Older,Mid
15668,Men,Middle,Mid
15669,Men,Middle,High
15670,Women,Middle,Mid
15671,Men,Young,Mid
15672,Men,Older,Low
15673,Women,Middle,Low
15674,Women,Middle,Low
15675,Men,Older,High
15676,Men,Young,Low
15677,Men,Young,Mid
15678,Men,Older,High
15679,Women,Middle,Mid
15680,Men,Older,Low
15681,Men,Young,Low
15682,Men,Middle,Mid
15683,Men,Older,High
15684,Men,Young,Mid
15685,Men,Older,High
15686,Men,Middle,Mid
15687,Men,Middle,High
15688,Men,Young,Low
15689,Men,Young,Mid
15690,Men,Middle,Low
15691,Men,Young,Low
15692,Men,Young,Low
15693,Men,Older,High
15694,Men,Young,Low
15695,Women,Middle,Low
15696,Men,Middle,High
15697,Men,Young,High
15698,Men,Older,High
15699,Women,Middle,Low
15700,Men,Young,Mid
15701,Men,Older,Low
15702,Men,Middle,Low
15703,Women,Middle,High
15704,Men,Young,High
15705,Women,Middle,Low
15706,Men,Middle,Mid
15707,Men,Young,Mid
15708,Women,Middle,Mid
15709,Women,Middle,Mid
15710,Men,Middle,High
15711,Men,Young,Low
15712,Men,Young,Low
15713,Women,Middle,Low
15714,Men,Middle,Mid
15715,Men,Young,Mid
15716,Men,Middle,Mid
15717,Men,Older,Low
15718,Men,Older,High
15719,Men,Middle,Low
15720,Men,Older,High
15721,Men,Young,Low
15722,Women,Middle,Low
15723,Men,Older,Mid
15724,Men,Young,Low
15725,Men,Middle,Low
15726,Men,Middle,High
15727,Women,Middle,High
15728,Men,Young,High
15729,Men,Young,Low
15730,Women,Middle,Mid
15731,Men,Older,Mid
15732,Men,Older,Mid
15733,Men,Young,High
15734,Men,Middle,Mid
15735,Men,Older,Mid
15736,Women,Middle,High
15737,Men,Older,Low
15738,Men,Young,Low
15739,Men,Young,Low
15740,Men,Middle,Mid
15741,Men,Older,Low
15742,Men,Young,Mid
15743,Women,Middle,Mid
15744,Women,Middle,Low
15745,Men,Young,Mid
15746,Men,Older,Low
15747,Men,Middle,Mid
15748,Men,Older,Low
15749,Men,Young,Low
15750,Men,Young,Mid
15751,Men,Older,Low
15752,Men,Older,High
15753,Women,Middle,Mid
15754,Men,Older,Mid
15755,Women,Middle,Mid
15756,Men,Young,High
15757,Men,Young,Mid
15758,Men,Young,Low
15759,Men,Young,Low
15760,Men,Young,Low
15761,Women,Middle,High
15762,Men,Young,Low
15763,Men,Young,Mid
15764,Men,Middle,Mid
15765,Men,Young,Mid
15766,Men,Older,Mid
15767,Men,Young,Low
15768,Men,Older,Mid
15769,Men,Older,Mid
15770,Men,Young,Mid
15771,Men,Young,Mid
15772,Men,Young,High
15773,Women,Middle,Low
15774,Men,Young,Low
15775,Men,Older,High
15776,Men,Older,Low
15777,Women,Middle,Mid
15778,Men,Young,Low
15779,Men,Middle,Low
15780,Men,Middle,Mid
15781,Women,Middle,Low
15782,Women,Middle,Mid
15783,Men,Young,Mid
15784,Women,Middle,Low
15785,Men,Young,Low
15786,Men,Older,Low
15787,Men,Older,Low
15788,Men,Older,Low
15789,Men,Young,Low
15790,Men,Older,Low
15791,Men,Middle,High
15792,Men,Young,Low
15793,Men,Young,High
15794,Women,Middle,Low
15795,Men,Older,High
15796,Men,Older,Mid
15797,Men,Young,High
15798,Women,Middle,Mid
15799,Women,Middle,Low
15800,Men,Middle,High
15801,Men,Older,Mid
15802,Men,Young,Low
15803,Men,Middle,Low
15804,Men,Middle,Low
15805,Women,Middle,Low
15806,Women,Middle,Mid
15807,Men,Young,Low
15808,Men,Older,Mid
15809,Men,Older,Mid
15810,Men,Young,Low
15811,Men,Older,Low
15812,Men,Older,Mid
15813,Men,Older,Mid
15814,Men,Middle,High
15815,Men,Middle,High
15816,Men,Young,High
15817,Men,Middle,Low
15818,Men,Young,Mid
15819,Men,Older,High
15820,Men,Older,Mid
15821,Men,Young,Low
15822,Men,Young,Low
15823,Men,Young,Low
15824,Men,Young,Low
15825,Men,Young,Mid
15826,Men,Middle,Mid
15827,Women,Middle,Low
15828,Men,Young,Mid
15829,Men,Middle,Mid
15830,Men,Older,Low
15831,Men,Older,Low
15832,Men,Older,Mid
15833,Men,Young,Low
15834,Men,Older,High
15835,Men,Older,Low
15836,Men,Young,Mid
15837,Men,Middle,Low
15838,Men,Middle,Mid
15839,Men,Older,Mid
15840,Men,Young,Low
15841,Men,Middle,Mid
15842,Men,Older,High
15843,Men,Middle,Mid
15844,Men,Older,Mid
15845,Men,Young,Low
15846,Men,Middle,High
15847,Men,Older,High
15848,Men,Young,High
15849,Men,Young,Low
15850,Men,Older,Mid
15851,Men,Older,High
15852,Men,Young,Mid
15853,Men,Young,Low
15854,Men,Middle,Low
15855,Men,Young,High
15856,Men,Older,Mid
15857,Men,Middle,Mid
15858,Men,Young,Mid
15859,Men,Older,Low
15860,Men,Young,Low
15861,Men,Older,Low
15862,Men,Older,Mid
15863,Men,Middle,Low
15864,Men,Young,Low
15865,Men,Older,Mid
15866,Men,Young,Mid
15867,Men,Older,Low
15868,Men,Young,Low
15869,Men,Young,Low
15870,Men,Older,High
15871,Men,Older,Mid
15872,Men,Young,Low
15873,Men,Middle,Mid
15874,Men,Young,Mid
15875,Men,Older,High
15876,Men,Middle,Mid
15877,Men,Middle,Low
15878,Men,Middle,High
15879,Women,Middle,Low
15880,Men,Young,Low
15881,Men,Young,Mid
15882,Men,Older,Low
15883,Men,Older,Mid
15884,Men,Older,High
15885,Women,Middle,Mid
15886,Men,Middle,High
15887,Men,Young,Mid
15888,Women,Middle,Low
15889,Women,Middle,Mid
15890,Women,Middle,High
15891,Men,Young,Mid
15892,Men,Older,High
15893,Men,Older,High
15894,Men,Middle,Low
15895,Men,Young,Low
15896,Men,Older,Low
15897,Men,Older,High
15898,Men,Young,Low
15899,Men,Older,Low
15900,Men,Young,Low
15901,Men,Young,Low
15902,Men,Middle,Low
15903,Men,Older,High
15904,Men,Middle,Low
15905,Men,Young,Low
15906,Women,Middle,Low
15907,Women,Middle,Low
15908,Men,Older,Low
15909,Women,Middle,High
15910,Men,Young,Mid
15911,Men,Middle,High
15912,Men,Middle,High
15913,Men,Older,High
15914,Men,Middle,Low
15915,Women,Middle,Mid
15916,Men,Older,Mid
15917,Men,Older,Mid
15918,Men,Older,Low
15919,Men,Young,Mid
15920,Men,Young,Low
15921,Men,Young,Mid
15922,Men,Older,High
15923,Men,Middle,Low
15924,Men,Older,Mid
15925,Men,Older,Low
15926,Men,Young,Low
15927,Men,Older,Low
15928,Men,Older,High
15929,Men,Older,High
15930,Women,Middle,Mid
15931,Men,Young,Mid
15932,Men,Older,High
15933,Men,Middle,Low
15934,Men,Young,High
15935,Men,Young,Low
15936,Men,Older,Low
15937,Men,Middle,Mid
15938,Men,Older,Low
15939,Women,Middle,Low
15940,Men,Young,Low
15941,Women,Middle,Mid
15942,Women,Middle,Low
15943,Men,Middle,Mid
15944,Men,Older,Mid
15945,Men,Older,Mid
15946,Men,Older,Low
15947,Men,Young,High
15948,Men,Older,High
15949,Men,Older,Low
15950,Women,Middle,Low
15951,Men,Young,Low
15952,Women,Middle,Mid
15953,Women,Middle,Mid
15954,Men,Young,Low
15955,Men,Older,Mid
15956,Women,Middle,Low
15957,Men,Older,Low
15958,Men,Middle,Low
15959,Men,Middle,High
15960,Men,Middle,Low
15961,Men,Older,Low
15962,Men,Middle,Low
15963,Men,Older,Mid
15964,Men,Middle,Low
15965,Men,Young,Low
15966,Women,Middle,High
15967,Women,Middle,Low
15968,Women,Middle,Low
15969,Women,Middle,Low
15970,Women,Middle,High
15971,Men,Older,Mid
15972,Men,Middle,Low
15973,Men,Older,Mid
15974,Men,Older,High
15975,Men,Young,Mid
15976,Men,Young,High
15977,Women,Middle,Low
15978,Men,Young,Low
15979,Women,Middle,Low
15980,Men,Middle,Mid
15981,Men,Middle,Mid
15982,Men,Young,Mid
15983,Women,Middle,Low
15984,Men,Middle,Low
15985,Men,Middle,Low
15986,Men,Older,Low
15987,Men,Young,Mid
15988,Men,Older,Mid
15989,Men,Older,Mid
15990,Men,Young,Low
15991,Men,Young,Mid
15992,Women,Middle,Mid
15993,Men,Young,High
15994,Women,Middle,Mid
15995,Men,Young,Mid
15996,Women,Middle,High
15997,Men,Young,Low
15998,Men,Older,Mid
15999,Men,Older,Low
16000,Women,Middle,High
16001,Men,Older,Mid
16002,Women,Middle,Mid
16003,Men,Young,Low
16004,Women,Middle,Mid
16005,Men,Older,Low
16006,Men,Young,Low
16007,Women,Middle,Low
16008,Women,Middle,Low
16009,Men,Young,Low
16010,Women,Middle,Low
16011,Men,Young,Mid
16012,Men,Middle,High
16013,Men,Young,High
16014,Men,Older,High
16015,Men,Older,Low
16016,Women,Middle,Low
16017,Women,Middle,Low
16018,Women,Middle,High
16019,Men,Older,High
16020,Men,Young,Mid
16021,Men,Older,Low
16022,Men,Middle,Mid
16023,Women,Middle,Mid
16024,Men,Older,Mid
16025,Men,Young,Low
16026,Men,Older,Mid
16027,Women,Middle,High
16028,Men,Young,High
16029,Men,Young,Mid
16030,Men,Young,Low
16031,Men,Middle,Low
16032,Men,Young,Low
16033,Men,Young,Low
16034,Men,Middle,Mid
16035,Women,Middle,Low
16036,Women,Middle,Mid
16037,Men,Middle,Mid
16038,Men,Middle,Mid
16039,Women,Middle,Low
16040,Men,Older,Low
16041,Men,Middle,High
16042,Men,Young,Mid
16043,Men,Middle,Low
16044,Men,Young,Low
16045,Men,Middle,Mid
16046,Men,Older,Low
16047,Men,Young,Mid
16048,Men,Older,High
16049,Men,Young,Low
16050,Men,Older,High
16051,Men,Middle,Low
16052,Men,Middle,Mid
16053,Men,Older,High
16054,Women,Middle,Low
16055,Men,Older,High
16056,Men,Older,Mid
16057,Men,Older,Low
16058,Men,Middle,Low
16059,Men,Older,Low
16060,Men,Young,Low
16061,Men,Young,Low
16062,Men,Older,Mid
16063,Men,Middle,Low
16064,Men,Young,High
16065,Men,Young,Mid
16066,Men,Older,Low
16067,Men,Young,Low
16068,Men,Older,Mid
16069,Men,Young,Low
16070,Men,Older,Low
16071,Men,Older,Mid
16072,Men,Young,Mid
16073,Women,Middle,Low
16074,Men,Middle,High
16075,Men,Young,Mid
16076,Men,Older,Low
16077,Men,Middle,High
16078,Men,Middle,Low
16079,Women,Middle,Mid
16080,Men,Older,Low
16081,Men,Older,Mid
16082,Men,Middle,Mid
16083,Men,Older,Mid
16084,Men,Young,High
16085,Men,Older,High
16086,Men,Older,Mid
16087,Men,Young,Mid
16088,Men,Young,Low
16089,Women,Middle,Low
16090,Men,Middle,Mid
16091,Men,Older,Mid
16092,Women,Middle,High
16093,Men,Middle,High
16094,Men,Middle,Mid
16095,Women,Middle,Mid
16096,Women,Middle,Mid
16097,Men,Older,Mid
16098,Men,Older,High
16099,Men,Middle,Mid
16100,Men,Young,Low
16101,Men,Young,Low
16102,Women,Middle,High
16103,Men,Older,Mid
16104,Men,Young,Mid
16105,Men,Older,High
16106,Men,Young,High
16107,Men,Middle,High
16108,Men,Older,Mid
16109,Women,Middle,Low
16110,Men,Young,Low
16111,Men,Young,Low
16112,Men,Older,High
16113,Men,Middle,Low
16114,Men,Middle,High
16115,Men,Young,Low
16116,Men,Middle,Mid
16117,Men,Middle,High
16118,Men,Middle,Low
16119,Men,Older,Low
16120,Women,Middle,Low
16121,Men,Young,Low
16122,Women,Middle,Mid
16123,Men,Young,Low
16124,Men,Young,Low
16125,Men,Older,Low
16126,Men,Young,Mid
16127,Men,Middle,Mid
16128,Men,Older,Mid
16129,Men,Middle,Low
16130,Men,Older,Low
16131,Men,Young,High
16132,Men,Older,Low
16133,Men,Young,Low
16134,Men,Young,Low
16135,Men,Young,Mid
16136,Men,Young,Low
16137,Women,Middle,Low
16138,Men,Young,Low
16139,Men,Young,Low
16140,Men,Middle,Low
16141,Men,Young,Low
16142,Women,Middle,Low
16143,Men,Young,High
16144,Men,Young,Mid
16145,Men,Middle,High
16146,Men,Older,High
16147,Women,Middle,Mid
16148,Men,Middle,Mid
16149,Men,Young,Mid
16150,Men,Young,Low
16151,Men,Older,Mid
16152,Men,Middle,Mid
16153,Men,Middle,Low
16154,Men,Older,Low
16155,Men,Young,Mid
16156,Men,Young,Mid
16157,Men,Middle,Low
16158,Men,Young,Low
16159,Women,Middle,Mid
16160,Men,Older,High
16161,Men,Young,Mid
16162,Women,Middle,Mid
16163,Men,Older,High
16164,Men,Older,Low
16165,Men,Young,Low
16166,Men,Young,Low
16167,Women,Middle,Low
16168,Men,Young,Low
16169,Men,Older,High
16170,Men,Older,High
16171,Women,Middle,High
16172,Men,Middle,High
16173,Men,Middle,Low
16174,Men,Young,Low
16175,Men,Middle,High
16176,Women,Middle,High
16177,Women,Middle,High
16178,Men,Young,Mid
16179,Men,Older,Mid
16180,Men,Middle,Low
16181,Men,Older,Low
16182,Men,Older,Low
16183,Women,Middle,Low
16184,Men,Older,Mid
16185,Men,Young,Mid
16186,Women,Middle,Low
16187,Men,Older,Low
16188,Men,Older,High
16189,Men,Older,Mid
16190,Men,Young,Mid
16191,Women,Middle,High
16192,Men,Older,Mid
16193,Men,Older,Mid
16194,Men,Young,Low
16195,Men,Older,High
16196,Men,Older,High
16197,Men,Young,High
16198,Men,Middle,Low
16199,Men,Older,Mid
16200,Women,Middle,High
16201,Men,Older,High
16202,Men,Older,Low
16203,Men,Middle,Mid
16204,Women,Middle,Mid
16205,Men,Young,High
16206,Men,Middle,Low
16207,Men,Older,High
16208,Men,Middle,Mid
16209,Men,Middle,Mid
16210,Men,Young,Low
16211,Men,Older,Mid
16212,Women,Middle,Low
16213,Women,Middle,Low
16214,Women,Middle,Low
16215,Men,Young,Mid
16216,Men,Older,Low
16217,Men,Older,Mid
16218,Men,Older,Mid
16219,Men,Young,Low
16220,Men,Young,Mid
16221,Women,Middle,High
16222,Men,Older,Low
16223,Men,Middle,Mid
16224,Men,Young,Low
16225,Men,Older,Low
16226,Women,Middle,Mid
16227,Men,Middle,Mid
16228,Men,Middle,Low
16229,Men,Young,Low
16230,Women,Middle,Mid
16231,Men,Older,Mid
16232,Women,Middle,Mid
16233,Women,Middle,High
16234,Men,Young,Low
16235,Men,Middle,High
16236,Men,Middle,Mid
16237,Men,Older,High
16238,Women,Middle,Low
16239,Men,Young,Low
16240,Men,Young,Low
16241,Men,Young,Low
16242,Women,Middle,High
16243,Men,Older,Mid
16244,Men,Young,Low
16245,Women,Middle,High
16246,Men,Older,High
16247,Women,Middle,Low
16248,Men,Older,Low
16249,Men,Young,Low
16250,Women,Middle,Low
16251,Men,Older,Low
16252,Men,Older,Mid
16253,Women,Middle,Low
16254,Women,Middle,Mid
16255,Women,Middle,Low
16256,Men,Older,High
16257,Men,Older,Mid
16258,Men,Older,High
16259,Men,Older,Mid
16260,Men,Older,High
16261,Men,Young,Low
16262,Women,Middle,Mid
16263,Men,Young,High
16264,Men,Young,Low
16265,Men,Young,High
16266,Men,Middle,Low
16267,Men,Middle,Low
16268,Women,Middle,Low
16269,Men,Young,Low
16270,Women,Middle,Mid
16271,Men,Young,Low
16272,Women,Middle,Mid
16273,Men,Older,High
16274,Men,Older,Mid
16275,Women,Middle,Mid
16276,Men,Young,High
16277,Men,Young,Mid
16278,Men,Young,Low
16279,Women,Middle,Low
16280,Men,Young,Low
16281,Women,Middle,Low
16282,Men,Young,Mid
16283,Men,Older,Low
16284,Men,Older,Low
16285,Men,Older,Low
16286,Men,Older,High
16287,Men,Older,Mid
16288,Men,Young,Low
16289,Women,Middle,Low
16290,Women,Middle,Low
16291,Men,Young,Low
16292,Men,Middle,High
16293,Women,Middle,Low
16294,Men,Older,Mid
16295,Men,Middle,Low
16296,Men,Middle,Mid
16297,Men,Older,Mid
16298,Men,Middle,Low
16299,Men,Young,Low
16300,Men,Older,Mid
16301,Men,Older,Low
16302,Men,Older,Mid
16303,Men,Older,Mid
16304,Women,Middle,High
16305,Women,Middle,Mid
16306,Men,Middle,Low
16307,Men,Older,Mid
16308,Women,Middle,High
16309,Men,Young,Mid
16310,Men,Older,Mid
16311,Men,Young,Low
16312,Men,Young,Low
16313,Men,Older,Mid
16314,Men,Older,Low
16315,Men,Young,High
16316,Women,Middle,Low
16317,Men,Young,Low
16318,Men,Young,Low
16319,Men,Young,Low
16320,Men,Middle,Mid
16321,Men,Older,Low
16322,Men,Older,Mid
16323,Women,Middle,High
16324,Men,Middle,Mid
16325,Men,Older,Mid
16326,Men,Young,Low
16327,Men,Middle,Mid
16328,Women,Middle,Low
16329,Men,Young,Mid
16330,Men,Young,Mid
16331,Men,Young,Low
16332,Men,Young,High
16333,Men,Older,Low
16334,Men,Young,Mid
16335,Men,Young,Low
16336,Men,Young,Low
16337,Men,Young,Mid
16338,Men,Middle,Low
16339,Men,Young,Mid
16340,Men,Older,High
16341,Men,Older,Low
16342,Women,Middle,High
16343,Men,Young,High
16344,Men,Young,Low
16345,Women,Middle,Low
16346,Men,Young,High
16347,Men,Young,Mid
16348,Men,Young,Mid
16349,Men,Young,Low
16350,Men,Young,Low
16351,Men,Older,Low
16352,Men,Middle,Mid
16353,Men,Middle,Low
16354,Men,Young,Mid
16355,Men,Older,Mid
16356,Men,Middle,Mid
16357,Men,Young,Mid
16358,Men,Older,Mid
16359,Men,Older,Mid
16360,Men,Older,High
16361,Men,Older,High
16362,Men,Middle,High
16363,Men,Middle,Mid
16364,Men,Older,Low
16365,Men,Older,Low
16366,Men,Older,Mid
16367,Men,Middle,Mid
16368,Men,Older,Mid
16369,Men,Young,Mid
16370,Men,Older,Mid
16371,Men,Young,Low
16372,Women,Middle,Low
16373,Men,Older,High
16374,Men,Older,Low
16375,Women,Middle,Mid
16376,Men,Middle,Low
16377,Men,Young,Low
16378,Men,Young,Low
16379,Men,Middle,Mid
16380,Men,Young,Mid
16381,Women,Middle,High
16382,Men,Older,Mid
16383,Men,Middle,Mid
16384,Women,Middle,Low
16385,Men,Older,High
16386,Men,Middle,Low
16387,Men,Young,Mid
16388,Men,Older,Mid
16389,Men,Young,Low
16390,Women,Middle,Low
16391,Men,Young,High
16392,Men,Young,Low
16393,Women,Middle,Low
16394,Men,Older,High
16395,Men,Older,Mid
16396,Men,Middle,Mid
16397,Men,Older,High
16398,Women,Middle,Low
16399,Men,Middle,Mid
16400,Men,Older,Low
16401,Women,Middle,High
16402,Men,Older,Low
16403,Men,Older,Mid
16404,Men,Older,Mid
16405,Men,Young,Low
16406,Men,Older,Low
16407,Men,Middle,Low
16408,Men,Older,High
16409,Men,Young,High
16410,Men,Older,Low
16411,Men,Young,Low
16412,Men,Older,Mid
16413,Men,Older,Low
16414,Men,Young,Low
16415,Men,Middle,Mid
16416,Women,Middle,Mid
16417,Women,Middle,Low
16418,Men,Middle,High
16419,Women,Middle,High
16420,Men,Young,Low
16421,Men,Older,High
16422,Men,Young,Mid
16423,Men,Middle,Low
16424,Men,Young,Low
16425,Men,Middle,Low
16426,Men,Older,Low
16427,Men,Older,Low
16428,Men,Young,Low
16429,Men,Middle,Low
16430,Men,Older,High
16431,Men,Young,Low
16432,Men,Older,Mid
16433,Men,Young,Low
16434,Women,Middle,Low
16435,Men,Older,High
16436,Men,Young,Mid
16437,Men,Middle,Low
16438,Men,Middle,Mid
16439,Women,Middle,Low
16440,Men,Young,High
16441,Women,Middle,Mid
16442,Men,Older,High
16443,Men,Young,Low
16444,Men,Young,Mid
16445,Men,Young,Low
16446,Men,Young,Low
16447,Women,Middle,Low
16448,Men,Middle,High
16449,Men,Middle,Low
16450,Men,Young,Low
16451,Women,Middle,High
16452,Men,Older,High
16453,Men,Young,Mid
16454,Men,Young,Low
16455,Men,Young,Mid
16456,Men,Middle,Low
16457,Women,Middle,Mid
16458,Women,Middle,Mid
16459,Men,Young,Low
16460,Men,Young,Low
16461,Women,Middle,Mid
16462,Men,Young,Mid
16463,Men,Young,Mid
16464,Men,Older,Low
16465,Men,Older,Mid
16466,Men,Older,Low
16467,Men,Young,Mid
16468,Men,Older,High
16469,Women,Middle,Mid
16470,Men,Older,High
16471,Men,Young,Low
16472,Women,Middle,Mid
16473,Men,Young,High
16474,Men,Young,Mid
16475,Men,Middle,High
16476,Men,Older,Low
16477,Men,Young,Mid
16478,Men,Middle,High
16479,Men,Young,Low
16480,Men,Older,Mid
16481,Women,Middle,Low
16482,Men,Older,Low
16483,Men,Older,Low
16484,Men,Middle,Low
16485,Men,Middle,Mid
16486,Men,Older,High
16487,Men,Young,Low
16488,Men,Middle,Low
16489,Men,Older,Low
16490,Men,Young,Low
16491,Men,Older,Low
16492,Men,Older,High
16493,Men,Middle,Low
16494,Women,Middle,Low
16495,Men,Middle,High
16496,Men,Young,Mid
16497,Men,Older,Low
16498,Men,Middle,Low
16499,Men,Older,Low
16500,Men,Young,Mid
16501,Men,Middle,Low
16502,Men,Older,Low
16503,Men,Older,Mid
16504,Women,Middle,High
16505,Men,Older,Low
16506,Men,Young,High
16507,Women,Middle,Mid
16508,Men,Older,Low
16509,Men,Older,Mid
16510,Women,Middle,Mid
16511,Men,Young,Mid
16512,Men,Young,Low
16513,Men,Older,Mid
16514,Men,Older,Low
16515,Men,Older,Low
16516,Men,Older,Mid
16517,Men,Older,Low
16518,Women,Middle,Mid
16519,Men,Middle,Low
16520,Men,Young,Low
16521,Men,Young,Low
16522,Men,Middle,High
16523,Men,Older,Mid
16524,Men,Young,High
16525,Men,Older,High
16526,Men,Middle,Mid
16527,Women,Middle,Mid
16528,Men,Young,Low
16529,Men,Older,Mid
16530,Men,Middle,High
16531,Men,Young,Low
16532,Men,Middle,Low
16533,Men,Middle,Mid
16534,Men,Young,Low
16535,Men,Older,Low
16536,Women,Middle,Low
16537,Men,Middle,Mid
16538,Men,Older,Low
16539,Men,Middle,High
16540,Men,Young,Low
16541,Women,Middle,Low
16542,Men,Young,Low
16543,Men,Older,Low
16544,Men,Older,Mid
16545,Men,Middle,Mid
16546,Men,Young,Mid
16547,Men,Older,Mid
16548,Women,Middle,Low
16549,Men,Older,High
16550,Women,Middle,Low
16551,Women,Middle,High
16552,Men,Older,Mid
16553,Men,Older,Low
16554,Men,Young,Mid
16555,Men,Older,High
16556,Men,Middle,High
16557,Men,Older,Mid
16558,Men,Young,Low
16559,Men,Middle,High
16560,Men,Young,Low
16561,Men,Young,Mid
16562,Men,Young,Low
16563,Men,Young,Mid
16564,Men,Older,Mid
16565,Men,Young,Low
16566,Men,Young,High
16567,Men,Middle,Mid
16568,Men,Older,Mid
16569,Men,Older,Mid
16570,Men,Older,Low
16571,Men,Young,Low
16572,Men,Middle,Mid
16573,Men,Young,Low
16574,Men,Older,Low
16575,Women,Middle,Low
16576,Women,Middle,Low
16577,Men,Older,High
16578,Women,Middle,Mid
16579,Men,Older,Mid
16580,Women,Middle,Mid
16581,Women,Middle,Low
16582,Men,Young,Low
16583,Men,Middle,Low
16584,Men,Older,High
16585,Men,Young,High
16586,Men,Middle,High
16587,Men,Middle,Low
16588,Women,Middle,Mid
16589,Men,Middle,Mid
16590,Men,Older,High
16591,Men,Middle,Mid
16592,Men,Older,High
16593,Men,Young,Low
16594,Men,Older,Mid
16595,Men,Young,Low
16596,Men,Young,High
16597,Men,Older,Mid
16598,Men,Young,Mid
16599,Men,Middle,Mid
16600,Men,Older,High
16601,Men,Middle,Low
16602,Men,Young,Low
16603,Men,Middle,Low
16604,Men,Young,Low
16605,Men,Older,Low
16606,Men,Middle,Low
16607,Women,Middle,Low
16608,Men,Older,Mid
16609,Men,Older,High
16610,Men,Older,High
16611,Men,Young,Low
16612,Men,Young,Low
16613,Men,Older,Mid
16614,Men,Young,Low
16615,Men,Older,Mid
16616,Men,Young,Low
16617,Women,Middle,Low
16618,Men,Young,Mid
16619,Men,Older,High
16620,Men,Young,Low
16621,Men,Young,Low
16622,Men,Older,Mid
16623,Men,Young,Mid
16624,Men,Older,High
16625,Men,Older,Mid
16626,Men,Older,Low
16627,Men,Young,Low
16628,Men,Young,Mid
16629,Men,Older,Mid
16630,Men,Older,Mid
16631,Women,Middle,Low
16632,Men,Middle,Mid
16633,Women,Middle,Low
16634,Men,Young,Low
16635,Men,Older,Low
16636,Men,Middle,Low
16637,Men,Older,High
16638,Men,Older,Mid
16639,Women,Middle,High
16640,Men,Young,High
16641,Men,Middle,Mid
16642,Men,Middle,High
16643,Men,Young,Mid
16644,Men,Older,Low
16645,Men,Middle,Low
16646,Men,Older,Mid
16647,Men,Older,Mid
16648,Men,Young,High
16649,Men,Middle,High
16650,Women,Middle,Mid
16651,Men,Older,Low
16652,Men,Young,Low
16653,Men,Young,Low
16654,Men,Young,Mid
16655,Men,Older,Low
16656,Men,Older,Low
16657,Men,Middle,Low
16658,Men,Older,Mid
16659,Men,Young,Low
16660,Women,Middle,Low
16661,Men,Older,Mid
16662,Men,Young,Low
16663,Men,Older,Low
16664,Men,Older,Low
16665,Men,Older,Mid
16666,Women,Middle,Low
16667,Men,Older,High
16668,Men,Middle,Low
16669,Men,Older,Mid
16670,Men,Older,Mid
16671,Women,Middle,Low
16672,Men,Older,Low
16673,Women,Middle,Mid
16674,Men,Young,Low
16675,Men,Young,Low
16676,Men,Older,Mid
16677,Women,Middle,High
16678,Men,Older,Mid
16679,Men,Older,Low
16680,Women,Middle,Mid
16681,Men,Older,Mid
16682,Men,Young,Mid
16683,Men,Older,Mid
16684,Men,Young,Low
16685,Women,Middle,Low
16686,Men,Young,Low
16687,Men,Young,Mid
16688,Men,Young,Low
16689,Women,Middle,Low
16690,Men,Older,High
16691,Men,Young,High
16692,Men,Older,Mid
16693,Men,Middle,Low
16694,Men,Young,Low
16695,Men,Young,High
16696,Men,Older,High
16697,Women,Middle,Mid
16698,Men,Older,Low
16699,Men,Young,Low
16700,Men,Middle,Mid
16701,Men,Older,Low
16702,Men,Middle,High
16703,Men,Young,High
16704,Men,Middle,Low
16705,Men,Older,Mid
16706,Men,Older,High
16707,Men,Older,Mid
16708,Women,Middle,Low
16709,Men,Young,Low
16710,Women,Middle,High
16711,Men,Middle,Low
16712,Men,Older,Mid
16713,Men,Young,Mid
16714,Men,Middle,Low
16715,Men,Young,Low
16716,Men,Middle,Mid
16717,Women,Middle,Mid
16718,Men,Older,High
16719,Men,Young,Low
16720,Men,Young,Low
16721,Men,Middle,Mid
16722,Men,Older,High
16723,Men,Middle,Low
16724,Men,Middle,Low
16725,Men,Young,Mid
16726,Men,Older,Low
16727,Men,Older,Low
16728,Women,Middle,Low
16729,Men,Middle,Low
16730,Men,Older,Low
16731,Men,Young,Low
16732,Men,Older,High
16733,Women,Middle,High
16734,Men,Middle,Mid
16735,Women,Middle,Low
16736,Men,Middle,Low
16737,Women,Middle,Low
16738,Men,Young,Low
16739,Men,Middle,High
16740,Women,Middle,Mid
16741,Women,Middle,Low
16742,Men,Older,Low
16743,Men,Older,Mid
16744,Men,Middle,Mid
16745,Men,Young,Low
16746,Women,Middle,Low
16747,Women,Middle,Low
16748,Men,Older,Low
16749,Men,Young,Mid
16750,Men,Older,Low
16751,Men,Older,Mid
16752,Men,Young,Mid
16753,Men,Young,Low
16754,Women,Middle,Low
16755,Men,Older,High
16756,Men,Middle,High
16757,Women,Middle,Low
16758,Men,Older,Mid
16759,Men,Young,High
16760,Men,Older,Mid
16761,Men,Older,High
16762,Men,Middle,Low
16763,Women,Middle,Low
16764,Men,Older,Mid
16765,Men,Middle,Mid
16766,Men,Young,Low
16767,Men,Older,High
16768,Men,Middle,Mid
16769,Women,Middle,Mid
16770,Men,Older,Mid
16771,Men,Middle,Mid
16772,Men,Older,Mid
16773,Men,Young,High
16774,Men,Older,High
16775,Men,Young,Low
16776,Women,Middle,Mid
16777,Women,Middle,High
16778,Men,Older,Mid
16779,Men,Young,Mid
16780,Men,Middle,Low
16781,Men,Middle,Mid
16782,Men,Older,Mid
16783,Men,Middle,Mid
16784,Men,Young,High
16785,Men,Older,Mid
16786,Men,Young,Low
16787,Women,Middle,Mid
16788,Men,Middle,Low
16789,Women,Middle,High
16790,Men,Older,Mid
16791,Men,Young,Low
16792,Men,Young,Mid
16793,Men,Young,Mid
16794,Men,Young,Mid
16795,Men,Middle,Low
16796,Men,Young,Low
16797,Men,Young,Mid
16798,Men,Older,Mid
16799,Men,Young,Low
16800,Men,Young,Low
16801,Women,Middle,Mid
16802,Men,Young,High
16803,Men,Young,Low
16804,Men,Older,High
16805,Women,Middle,High
16806,Men,Young,Mid
16807,Men,Young,Low
16808,Men,Older,High
16809,Men,Older,Mid
16810,Women,Middle,High
16811,Men,Older,Mid
16812,Men,Young,Mid
16813,Men,Older,Low
16814,Men,Older,Mid
16815,Men,Young,High
16816,Men,Older,High
16817,Men,Older,Low
16818,Men,Older,Mid
16819,Women,Middle,Low
16820,Men,Older,Mid
16821,Men,Older,Mid
16822,Men,Middle,Low
16823,Women,Middle,High
16824,Men,Older,Mid
16825,Women,Middle,Low
16826,Men,Older,Low
16827,Men,Young,Mid
16828,Men,Older,Low
16829,Men,Young,Mid
16830,Men,Young,Low
16831,Women,Middle,Low
16832,Men,Middle,High
16833,Men,Older,Mid
16834,Men,Older,Mid
16835,Men,Older,Low
16836,Men,Older,Mid
16837,Women,Middle,Low
16838,Women,Middle,Mid
16839,Men,Young,Mid
16840,Men,Young,Low
16841,Men,Middle,Mid
16842,Men,Older,Low
16843,Men,Young,Low
16844,Men,Middle,High
16845,Men,Middle,High
16846,Men,Older,Mid
16847,Men,Middle,Low
16848,Men,Middle,Mid
16849,Men,Young,High
16850,Men,Older,Low
16851,Men,Older,Mid
16852,Men,Young,Low
16853,Men,Older,High
16854,Men,Young,Low
16855,Men,Middle,Mid
16856,Men,Middle,Low
16857,Men,Young,High
16858,Men,Older,Low
16859,Men,Young,High
16860,Men,Young,Mid
16861,Men,Young,Low
16862,Men,Young,Low
16863,Men,Young,Mid
16864,Men,Young,Mid
16865,Women,Middle,Low
16866,Men,Young,Low
16867,Men,Older,Mid
16868,Men,Older,Mid
16869,Men,Older,Low
16870,Men,Young,Mid
16871,Men,Older,Mid
16872,Men,Older,Mid
16873,Women,Middle,Low
16874,Men,Young,High
16875,Men,Middle,Mid
16876,Men,Older,Mid
16877,Men,Middle,High
16878,Men,Middle,Low
16879,Men,Older,Mid
16880,Men,Young,Mid
16881,Men,Young,High
16882,Men,Older,Low
16883,Men,Older,Mid
16884,Men,Older,High
16885,Men,Young,Low
16886,Men,Young,Mid
16887,Men,Young,Low
16888,Women,Middle,Low
16889,Men,Middle,High
16890,Men,Older,Low
16891,Men,Older,High
16892,Men,Older,Mid
16893,Men,Middle,Low
16894,Men,Young,Low
16895,Men,Young,Low
16896,Men,Middle,Low
16897,Men,Young,Mid
16898,Men,Young,High
16899,Men,Older,High
16900,Men,Older,Low
16901,Men,Middle,Low
16902,Men,Older,Low
16903,Men,Older,High
16904,Men,Middle,Mid
16905,Men,Older,Mid
16906,Men,Older,Mid
16907,Men,Young,Low
16908,Women,Middle,Mid
16909,Men,Young,Low
16910,Men,Older,Mid
16911,Men,Older,Low
16912,Men,Young,Mid
16913,Men,Older,Mid
16914,Men,Young,Mid
16915,Men,Older,High
16916,Men,Older,High
16917,Men,Older,Low
16918,Men,Older,Low
16919,Men,Older,High
16920,Men,Older,High
16921,Men,Young,Low
16922,Men,Older,Mid
16923,Men,Older,Mid
16924,Men,Older,High
16925,Men,Older,High
16926,Women,Middle,Low
16927,Men,Middle,Mid
16928,Men,Older,Mid
16929,Men,Young,Mid
16930,Men,Older,Mid
16931,Men,Older,High
16932,Men,Older,Low
16933,Men,Older,High
16934,Men,Older,Low
16935,Men,Young,Low
16936,Men,Older,Low
16937,Men,Young,Mid
16938,Women,Middle,High
16939,Men,Young,High
16940,Men,Middle,Low
16941,Men,Older,Low
16942,Men,Older,Mid
16943,Men,Middle,Low
16944,Men,Older,Low
16945,Men,Young,Mid
16946,Men,Young,High
16947,Women,Middle,Mid
16948,Men,Older,Low
16949,Men,Middle,Low
16950,Men,Young,Mid
16951,Men,Young,High
16952,Men,Older,High
16953,Men,Young,Mid
16954,Men,Middle,Mid
16955,Men,Older,Mid
16956,Men,Young,Mid
16957,Men,Older,Low
16958,Men,Young,Low
16959,Men,Middle,Low
16960,Men,Middle,Mid
16961,Men,Older,Low
16962,Women,Middle,Low
16963,Men,Young,Low
16964,Men,Young,Low
16965,Women,Middle,Low
16966,Men,Older,Low
16967,Men,Young,Mid
16968,Men,Middle,Mid
16969,Men,Middle,Low
16970,Men,Young,Mid
16971,Women,Middle,Mid
16972,Men,Older,Low
16973,Men,Older,Mid
16974,Women,Middle,Mid
16975,Women,Middle,Low
16976,Men,Young,Mid
16977,Men,Middle,Mid
16978,Men,Young,Low
16979,Men,Middle,Mid
16980,Men,Middle,Low
16981,Men,Older,Low
16982,Men,Older,High
16983,Men,Older,Low
16984,Men,Older,Mid
16985,Men,Young,High
16986,Men,Older,Low
16987,Men,Young,Low
16988,Men,Middle,Mid
16989,Women,Middle,Low
16990,Women,Middle,High
16991,Men,Young,Low
16992,Men,Older,Low
16993,Men,Older,Mid
16994,Men,Young,Low
16995,Men,Young,High
16996,Men,Young,Mid
16997,Men,Older,Mid
16998,Men,Older,High
16999,Men,Young,Low
17000,Men,Young,Low
17001,Men,Older,Mid
17002,Men,Young,Low
17003,Women,Middle,Low
17004,Men,Middle,Mid
17005,Women,Middle,Mid
17006,Men,Middle,Low
17007,Women,Middle,Mid
17008,Men,Young,Mid
17009,Men,Young,Low
17010,Men,Middle,Mid
17011,Men,Older,Mid
17012,Men,Older,Low
17013,Men,Middle,Mid
17014,Men,Young,Low
17015,Women,Middle,Low
17016,Men,Middle,Mid
17017,Men,Older,Low
17018,Women,Middle,High
17019,Men,Older,Mid
17020,Men,Older,Mid
17021,Men,Young,Low
17022,Men,Middle,High
17023,Women,Middle,Mid
17024,Men,Older,High
17025,Men,Young,High
17026,Women,Middle,Low
17027,Men,Older,Mid
17028,Women,Middle,Mid
17029,Men,Older,Low
17030,Women,Middle,Low
17031,Men,Older,Low
17032,Men,Older,Low
17033,Men,Middle,Low
17034,Men,Young,High
17035,Women,Middle,Low
17036,Men,Older,High
17037,Men,Older,Mid
17038,Men,Older,Mid
17039,Men,Middle,Mid
17040,Men,Older,Low
17041,Men,Middle,Mid
17042,Men,Older,Low
17043,Men,Young,Low
17044,Women,Middle,High
17045,Men,Older,Low
17046,Men,Young,Low
17047,Men,Young,Low
17048,Men,Young,Low
17049,Men,Young,Low
17050,Men,Young,High
17051,Men,Young,High
17052,Men,Young,Mid
17053,Men,Older,Low
17054,Men,Older,Mid
17055,Women,Middle,Low
17056,Men,Older,Low
17057,Men,Young,Mid
17058,Women,Middle,High
17059,Men,Middle,Low
17060,Men,Older,Low
17061,Men,Young,Low
17062,Men,Older,Low
17063,Men,Middle,Low
17064,Men,Older,High
17065,Men,Older,High
17066,Men,Young,Mid
17067,Women,Middle,Mid
17068,Men,Middle,Mid
17069,Women,Middle,Low
17070,Men,Middle,Low
17071,Women,Middle,High
17072,Men,Middle,Mid
17073,Men,Young,Low
17074,Women,Middle,Low
17075,Men,Older,Mid
17076,Women,Middle,Low
17077,Men,Middle,Low
17078,Men,Young,High
17079,Men,Middle,Mid
17080,Men,Young,Low
17081,Men,Older,Low
17082,Men,Middle,Low
17083,Men,Middle,Mid
17084,Women,Middle,Low
17085,Men,Older,High
17086,Women,Middle,Low
17087,Men,Middle,Low
17088,Men,Young,Mid
17089,Men,Older,Low
17090,Men,Older,Low
17091,Women,Middle,Low
17092,Men,Older,Low
17093,Men,Young,Mid
17094,Men,Middle,Low
17095,Men,Young,High
17096,Women,Middle,Low
17097,Men,Older,Low
17098,Women,Middle,Low
17099,Men,Older,Low
17100,Women,Middle,Mid
17101,Men,Young,Low
17102,Men,Older,Low
17103,Men,Young,Low
17104,Men,Young,Mid
17105,Women,Middle,Mid
17106,Men,Middle,Low
17107,Men,Older,Mid
17108,Men,Older,Mid
17109,Men,Middle,Mid
17110,Men,Middle,High
17111,Women,Middle,High
17112,Men,Young,Mid
17113,Men,Older,Mid
17114,Men,Older,High
17115,Men,Older,High
17116,Men,Middle,Low
17117,Men,Older,High
17118,Men,Older,Low
17119,Men,Middle,Mid
17120,Men,Young,Low
17121,Women,Middle,Low
17122,Men,Older,High
17123,Men,Middle,Mid
17124,Men,Middle,High
17125,Men,Young,High
17126,Women,Middle,Low
17127,Men,Young,Low
17128,Men,Older,High
17129,Men,Young,Low
17130,Men,Older,Mid
17131,Men,Young,Mid
17132,Men,Young,High
17133,Men,Older,Mid
17134,Men,Young,High
17135,Men,Young,High
17136,Men,Young,High
17137,Men,Middle,Mid
17138,Men,Young,Low
17139,Men,Young,Mid
17140,Men,Older,Low
17141,Women,Middle,High
17142,Men,Older,Low
17143,Men,Older,Mid
17144,Men,Young,Low
17145,Women,Middle,Low
17146,Men,Middle,Mid
17147,Men,Older,High
17148,Men,Young,Low
17149,Men,Older,Mid
17150,Women,Middle,High
17151,Men,Young,Low
17152,Men,Young,Low
17153,Men,Young,Low
17154,Men,Middle,Low
17155,Women,Middle,High
17156,Men,Older,High
17157,Men,Young,Mid
17158,Men,Middle,Low
17159,Men,Older,Mid
17160,Men,Middle,Mid
17161,Women,Middle,Mid
17162,Men,Young,Low
17163,Men,Young,Low
17164,Men,Older,High
17165,Men,Middle,High
17166,Men,Older,Mid
17167,Men,Middle,High
17168,Men,Young,Low
17169,Men,Older,Low
17170,Men,Middle,Low
17171,Men,Older,Mid
17172,Men,Older,Low
17173,Women,Middle,Low
17174,Women,Middle,Low
17175,Men,Young,Mid
17176,Women,Middle,Low
17177,Men,Middle,Mid
17178,Women,Middle,High
17179,Men,Older,Low
17180,Men,Older,Mid
17181,Men,Young,Mid
17182,Women,Middle,Low
17183,Men,Middle,Low
17184,Men,Young,Low
17185,Women,Middle,Mid
17186,Men,Young,Low
17187,Women,Middle,High
17188,Women,Middle,High
17189,Men,Young,Mid
17190,Men,Older,Low
17191,Men,Young,Mid
17192,Men,Older,Low
17193,Men,Older,Low
17194,Men,Older,Low
17195,Men,Older,Mid
17196,Men,Older,High
17197,Women,Middle,High
17198,Men,Young,Low
17199,Men,Young,High
17200,Men,Young,Low
17201,Men,Middle,High
17202,Men,Older,Low
17203,Men,Older,Mid
17204,Men,Older,Low
17205,Men,Young,Low
17206,Men,Young,High
17207,Men,Older,High
17208,Men,Older,Low
17209,Men,Middle,Mid
17210,Men,Young,Mid
17211,Men,Older,Mid
17212,Men,Older,Mid
17213,Men,Young,Low
17214,Men,Young,Low
17215,Men,Middle,Mid
17216,Men,Young,High
17217,Men,Young,Mid
17218,Men,Middle,Low
17219,Men,Older,Mid
17220,Men,Middle,Low
17221,Men,Young,High
17222,Men,Older,Low
17223,Men,Older,Low
17224,Men,Middle,Low
17225,Men,Young,Low
17226,Men,Older,High
17227,Women,Middle,Low
17228,Women,Middle,Mid
17229,Men,Older,Low
17230,Women,Middle,Low
17231,Men,Young,Low
17232,Men,Young,High
17233,Men,Older,Low
17234,Men,Young,Low
17235,Men,Young,Low
17236,Women,Middle,High
17237,Men,Middle,Low
17238,Women,Middle,Low
17239,Men,Young,Low
17240,Men,Older,Mid
17241,Men,Young,Low
17242,Men,Middle,Mid
17243,Women,Middle,Mid
17244,Men,Young,Low
17245,Men,Older,Low
17246,Men,Young,Mid
17247,Women,Middle,Low
17248,Men,Middle,Low
17249,Men,Middle,High
17250,Men,Older,High
17251,Women,Middle,Low
17252,Men,Middle,Low
17253,Men,Young,Low
17254,Men,Older,High
17255,Men,Middle,Low
17256,Men,Older,Mid
17257,Women,Middle,Mid
17258,Women,Middle,High
17259,Men,Middle,Mid
17260,Women,Middle,High
17261,Men,Older,Mid
17262,Men,Older,High
17263,Men,Older,Low
17264,Men,Older,Mid
17265,Men,Older,Low
17266,Women,Middle,Low
17267,Men,Young,High
17268,Men,Older,High
17269,Men,Older,Mid
17270,Men,Older,High
17271,Women,Middle,High
17272,Men,Middle,Low
17273,Men,Young,Low
17274,Women,Middle,Low
17275,Men,Older,Mid
17276,Men,Older,High
17277,Women,Middle,Low
17278,Men,Young,Mid
17279,Men,Young,Low
17280,Men,Young,Mid
17281,Men,Older,Low
17282,Men,Middle,Low
17283,Men,Middle,Mid
17284,Men,Young,High
17285,Women,Middle,High
17286,Men,Older,Low
17287,Men,Middle,Low
17288,Men,Older,High
17289,Men,Young,Mid
17290,Men,Older,High
17291,Men,Middle,Mid
17292,Men,Middle,Low
17293,Men,Young,Mid
17294,Men,Young,Low
17295,Men,Middle,Low
17296,Women,Middle,Low
17297,Men,Older,Mid
17298,Men,Young,Low
17299,Men,Older,Mid
17300,Women,Middle,Low
17301,Men,Young,Low
17302,Men,Older,Mid
17303,Men,Older,Low
17304,Men,Older,Mid
17305,Women,Middle,Low
17306,Men,Older,Low
17307,Women,Middle,Mid
17308,Men,Young,Mid
17309,Women,Middle,Low
17310,Men,Older,Low
17311,Men,Young,Low
17312,Men,Young,Low
17313,Men,Young,Mid
17314,Men,Young,Mid
17315,Men,Older,Mid
17316,Men,Young,Mid
17317,Men,Older,Mid
17318,Men,Middle,Mid
17319,Men,Older,High
17320,Men,Older,Mid
17321,Men,Older,Mid
17322,Men,Middle,High
17323,Men,Young,Low
17324,Men,Older,Mid
17325,Men,Middle,Low
17326,Women,Middle,Mid
17327,Men,Young,Mid
17328,Men,Middle,Low
17329,Men,Young,High
17330,Men,Young,Mid
17331,Men,Middle,Low
17332,Women,Middle,High
17333,Men,Older,Mid
17334,Women,Middle,Low
17335,Men,Older,Low
17336,Women,Middle,Low
17337,Women,Middle,Mid
17338,Men,Older,Low
17339,Men,Middle,High
17340,Women,Middle,Low
17341,Women,Middle,Mid
17342,Men,Middle,High
17343,Men,Middle,Mid
17344,Men,Older,High
17345,Men,Older,Low
17346,Women,Middle,Low
17347,Men,Middle,Mid
17348,Men,Young,Low
17349,Men,Young,Mid
17350,Men,Middle,Mid
17351,Women,Middle,Low
17352,Men,Young,Low
17353,Women,Middle,Low
17354,Men,Older,Low
17355,Men,Older,Low
17356,Men,Older,Low
17357,Women,Middle,High
17358,Men,Older,Mid
17359,Men,Older,Mid
17360,Men,Middle,Low
17361,Women,Middle,Mid
17362,Men,Young,Low
17363,Women,Middle,Mid
17364,Men,Young,Mid
17365,Women,Middle,Mid
17366,Men,Young,Low
17367,Men,Middle,Mid
17368,Men,Older,Low
17369,Men,Young,Mid
17370,Men,Young,High
17371,Men,Young,Mid
17372,Men,Young,Mid
17373,Women,Middle,Low
17374,Men,Older,Mid
17375,Men,Older,High
17376,Men,Young,Low
17377,Men,Young,Mid
17378,Men,Older,Low
17379,Men,Young,Low
17380,Men,Older,High
17381,Men,Older,High
17382,Men,Older,Low
17383,Men,Older,High
17384,Men,Young,Mid
17385,Men,Older,Mid
17386,Men,Older,Low
17387,Men,Young,Low
17388,Men,Older,Mid
17389,Men,Older,Low
17390,Men,Older,High
17391,Men,Middle,Low
17392,Women,Middle,Low
17393,Men,Middle,Low
17394,Men,Young,Low
17395,Men,Older,High
17396,Men,Young,Low
17397,Men,Young,Low
17398,Men,Young,High
17399,Men,Young,Mid
17400,Men,Older,Low
17401,Men,Older,Mid
17402,Women,Middle,Mid
17403,Men,Older,High
17404,Women,Middle,High
17405,Men,Young,Low
17406,Women,Middle,Mid
17407,Men,Middle,High
17408,Men,Young,High
17409,Women,Middle,Low
17410,Men,Older,Mid
17411,Men,Young,Low
17412,Men,Young,Low
17413,Men,Young,Low
17414,Men,Older,Low
17415,Men,Older,High
17416,Men,Middle,Mid
17417,Men,Young,Mid
17418,Men,Older,Mid
17419,Men,Older,Low
17420,Men,Older,High
17421,Men,Older,Low
17422,Men,Older,Mid
17423,Men,Older,High
17424,Men,Older,Low
17425,Men,Young,Low
17426,Men,Older,Mid
17427,Men,Older,High
17428,Men,Young,High
17429,Men,Older,Mid
17430,Men,Young,Low
17431,Men,Young,Low
17432,Men,Middle,Low
17433,Men,Young,Mid
17434,Men,Older,Mid
17435,Men,Middle,High
17436,Men,Older,Mid
17437,Women,Middle,Mid
17438,Men,Older,Mid
17439,Men,Older,High
17440,Men,Young,Low
17441,Men,Young,Low
17442,Men,Young,Low
17443,Men,Older,Low
17444,Men,Young,Mid
17445,Women,Middle,Low
17446,Men,Young,Low
17447,Men,Older,High
17448,Men,Young,Mid
17449,Men,Young,Low
17450,Men,Older,Mid
17451,Men,Middle,High
17452,Men,Older,High
17453,Men,Older,Low
17454,Men,Older,Mid
17455,Men,Older,Mid
17456,Men,Middle,Low
17457,Men,Older,Mid
17458,Men,Young,Mid
17459,Men,Older,Mid
17460,Women,Middle,Low
17461,Women,Middle,Low
17462,Men,Young,Mid
17463,Men,Middle,Mid
17464,Men,Older,Mid
17465,Men,Older,Mid
17466,Women,Middle,Mid
17467,Men,Young,Low
17468,Men,Young,Mid
17469,Men,Young,Mid
17470,Men,Young,Low
17471,Men,Older,Mid
17472,Men,Young,Low
17473,Men,Older,High
17474,Men,Young,High
17475,Women,Middle,High
17476,Men,Young,Low
17477,Men,Older,Mid
17478,Men,Young,Mid
17479,Men,Young,Low
17480,Women,Middle,Low
17481,Men,Young,Low
17482,Men,Young,Mid
17483,Women,Middle,High
17484,Men,Older,Mid
17485,Women,Middle,Mid
17486,Men,Older,High
17487,Men,Older,Low
17488,Men,Older,Mid
17489,Men,Young,Low
17490,Men,Older,Mid
17491,Men,Young,Low
17492,Men,Older,Low
17493,Men,Older,Low
17494,Men,Older,Low
17495,Men,Middle,High
17496,Men,Older,Low
17497,Men,Young,Mid
17498,Men,Older,Low
17499,Men,Middle,High
17500,Men,Middle,Low
17501,Men,Young,Low
17502,Men,Middle,High
17503,Men,Young,Mid
17504,Men,Older,Mid
17505,Men,Middle,Mid
17506,Men,Middle,Low
17507,Men,Older,Low
17508,Men,Older,Mid
17509,Men,Young,Low
17510,Men,Older,Low
17511,Men,Young,Low
17512,Men,Middle,Low
17513,Men,Young,Low
17514,Men,Middle,Low
17515,Men,Older,Mid
17516,Women,Middle,High
17517,Men,Young,Low
17518,Women,Middle,Mid
17519,Men,Young,Mid
17520,Men,Older,Low
17521,Men,Older,High
17522,Men,Older,Low
17523,Men,Young,Mid
17524,Men,Young,Low
17525,Women,Middle,Low
17526,Women,Middle,Low
17527,Men,Middle,Mid
17528,Men,Young,Low
17529,Men,Older,Mid
17530,Men,Young,Low
17531,Women,Middle,Mid
17532,Women,Middle,High
17533,Men,Young,High
17534,Men,Older,Mid
17535,Men,Young,Mid
17536,Men,Older,Low
17537,Men,Older,Low
17538,Men,Older,Mid
17539,Men,Young,Mid
17540,Men,Older,High
17541,Men,Older,High
17542,Men,Older,Low
17543,Men,Older,High
17544,Men,Young,High
17545,Men,Older,Mid
17546,Men,Older,High
17547,Men,Older,Mid
17548,Men,Young,Low
17549,Men,Young,High
17550,Women,Middle,High
17551,Men,Older,High
17552,Women,Middle,Low
17553,Women,Middle,High
17554,Men,Older,Mid
17555,Men,Young,Mid
17556,Men,Older,Low
17557,Women,Middle,High
17558,Men,Older,Mid
17559,Men,Older,Mid
17560,Women,Middle,High
17561,Men,Middle,High
17562,Men,Young,High
17563,Men,Older,Mid
17564,Men,Middle,Low
17565,Women,Middle,Mid
17566,Men,Young,Low
17567,Men,Older,Mid
17568,Men,Older,Low
17569,Men,Young,Low
17570,Men,Young,Low
17571,Men,Older,Low
17572,Men,Older,Low
17573,Women,Middle,Low
17574,Men,Young,High
17575,Men,Middle,High
17576,Men,Young,Low
17577,Men,Older,Low
17578,Men,Older,Mid
17579,Men,Young,Low
17580,Women,Middle,Mid
17581,Men,Older,Low
17582,Men,Young,Low
17583,Women,Middle,Low
17584,Women,Middle,Low
17585,Men,Middle,Low
17586,Men,Middle,Mid
17587,Men,Young,Low
17588,Men,Middle,Mid
17589,Men,Older,Low
17590,Men,Older,Low
17591,Men,Young,Low
17592,Men,Middle,Mid
17593,Men,Older,Mid
17594,Men,Older,Mid
17595,Men,Middle,High
17596,Men,Older,High
17597,Men,Middle,Mid
17598,Women,Middle,Low
17599,Men,Middle,Low
17600,Women,Middle,Mid
17601,Women,Middle,Low
17602,Men,Older,Mid
17603,Women,Middle,Low
17604,Women,Middle,Low
17605,Men,Middle,High
17606,Women,Middle,Mid
17607,Men,Older,Mid
17608,Men,Older,Low
17609,Men,Middle,Low
17610,Men,Older,High
17611,Men,Older,Mid
17612,Men,Middle,Low
17613,Men,Young,Mid
17614,Men,Older,Low
17615,Men,Older,Low
17616,Men,Older,Mid
17617,Men,Older,Mid
17618,Men,Older,Mid
17619,Women,Middle,Low
17620,Men,Young,Low
17621,Men,Older,Mid
17622,Men,Young,Mid
17623,Men,Older,Mid
17624,Men,Middle,Low
17625,Men,Older,Mid
17626,Men,Older,High
17627,Men,Older,Mid
17628,Men,Older,High
17629,Men,Middle,Mid
17630,Men,Older,Low
17631,Men,Middle,Mid
17632,Men,Young,High
17633,Men,Young,Low
17634,Men,Young,Low
17635,Men,Older,Low
17636,Men,Older,Mid
17637,Men,Older,Low
17638,Men,Older,Mid
17639,Men,Young,High
17640,Men,Middle,Mid
17641,Women,Middle,Mid
17642,Men,Young,Mid
17643,Men,Older,Low
17644,Men,Older,High
17645,Men,Older,High
17646,Men,Older,Mid
17647,Men,Older,Low
17648,Women,Middle,Low
17649,Men,Older,High
17650,Men,Older,High
17651,Men,Young,Low
17652,Men,Older,Mid
17653,Men,Older,Low
17654,Men,Young,Low
17655,Men,Older,Mid
17656,Men,Young,Low
17657,Men,Older,Mid
17658,Men,Middle,Low
17659,Women,Middle,Low
17660,Men,Middle,Mid
17661,Men,Young,Low
17662,Men,Middle,Low
17663,Men,Older,Low
17664,Men,Older,Mid
17665,Men,Young,High
17666,Men,Middle,Mid
17667,Men,Young,High
17668,Men,Older,Mid
17669,Men,Older,Low
17670,Men,Middle,Mid
17671,Men,Older,Mid
17672,Men,Older,Mid
17673,Men,Middle,Low
17674,Men,Older,Mid
17675,Men,Older,High
17676,Men,Older,Low
17677,Men,Older,High
17678,Men,Older,Low
17679,Men,Older,Mid
17680,Women,Middle,Mid
17681,Men,Middle,High
17682,Women,Middle,Low
17683,Men,Young,High
17684,Women,Middle,Mid
17685,Men,Young,Mid
17686,Men,Older,Mid
17687,Men,Older,Low
17688,Men,Young,Low
17689,Women,Middle,Mid
17690,Men,Older,Mid
17691,Women,Middle,Mid
17692,Men,Middle,Low
17693,Men,Young,Mid
17694,Women,Middle,Mid
17695,Men,Older,High
17696,Women,Middle,Mid
17697,Men,Older,High
17698,Men,Middle,Low
17699,Men,Young,High
17700,Women,Middle,Low
17701,Men,Middle,Low
17702,Men,Older,Mid
17703,Men,Older,Low
17704,Men,Young,Low
17705,Men,Young,Mid
17706,Men,Middle,Mid
17707,Men,Young,Mid
17708,Women,Middle,Low
17709,Men,Young,Mid
17710,Men,Older,Low
17711,Men,Young,Mid
17712,Women,Middle,Mid
17713,Men,Middle,High
17714,Men,Young,High
17715,Women,Middle,High
17716,Men,Older,Low
17717,Men,Middle,Mid
17718,Men,Young,Mid
17719,Men,Young,Low
17720,Men,Older,Mid
17721,Men,Older,Low
17722,Men,Young,Low
17723,Women,Middle,Mid
17724,Men,Young,High
17725,Men,Older,Low
17726,Men,Middle,Mid
17727,Women,Middle,Mid
17728,Men,Middle,Mid
17729,Men,Young,Low
17730,Men,Young,Low
17731,Women,Middle,Low
17732,Men,Older,Low
17733,Men,Middle,Low
17734,Women,Middle,Mid
17735,Men,Older,Low
17736,Women,Middle,Low
17737,Men,Middle,Mid
17738,Men,Older,Mid
17739,Women,Middle,Low
17740,Men,Middle,Low
17741,Men,Young,Low
17742,Men,Middle,High
17743,Women,Middle,Mid
17744,Men,Middle,Mid
17745,Men,Older,Mid
17746,Men,Young,Mid
17747,Men,Older,Mid
17748,Men,Older,Mid
17749,Men,Young,Low
17750,Men,Older,Low
17751,Men,Older,Mid
17752,Men,Older,High
17753,Men,Middle,Low
17754,Men,Older,Low
17755,Men,Young,Low
17756,Men,Older,High
17757,Men,Young,Low
17758,Men,Middle,High
17759,Men,Middle,Low
17760,Men,Young,Mid
17761,Men,Older,Low
17762,Men,Older,Mid
17763,Men,Young,Low
17764,Women,Middle,Low
17765,Men,Older,Mid
17766,Men,Young,Low
17767,Men,Older,Low
17768,Men,Older,High
17769,Men,Young,High
17770,Men,Older,Mid
17771,Women,Middle,High
17772,Women,Middle,High
17773,Men,Young,High
17774,Men,Middle,Mid
17775,Women,Middle,Low
17776,Men,Middle,Mid
17777,Men,Older,Low
17778,Men,Middle,Low
17779,Men,Older,Mid
17780,Men,Older,Mid
17781,Men,Young,Mid
17782,Women,Middle,Mid
17783,Women,Middle,High
17784,Men,Young,High
17785,Men,Older,Mid
17786,Women,Middle,Mid
17787,Men,Older,Mid
17788,Women,Middle,Low
17789,Men,Young,Low
17790,Men,Middle,Low
17791,Men,Middle,Low
17792,Women,Middle,Low
17793,Women,Middle,High
17794,Men,Older,Mid
17795,Men,Middle,Low
17796,Men,Older,Mid
17797,Men,Older,Mid
17798,Men,Older,Low
17799,Men,Young,Low
17800,Men,Older,Mid
17801,Men,Older,Low
17802,Men,Young,Low
17803,Women,Middle,Low
17804,Men,Young,Low
17805,Men,Young,High
17806,Men,Middle,Low
17807,Men,Young,High
17808,Men,Older,Mid
17809,Men,Middle,Low
17810,Men,Young,Low
17811,Men,Older,High
17812,Women,Middle,Mid
17813,Men,Middle,Low
17814,Men,Young,Mid
17815,Men,Young,Mid
17816,Men,Older,High
17817,Men,Young,High
17818,Men,Young,Mid
17819,Men,Older,High
17820,Men,Middle,Low
17821,Men,Older,High
17822,Men,Older,Mid
17823,Women,Middle,High
17824,Men,Young,Low
17825,Women,Middle,Mid
17826,Men,Older,Low
17827,Women,Middle,High
17828,Men,Middle,Low
17829,Men,Young,Mid
17830,Men,Older,Mid
17831,Men,Middle,Mid
17832,Men,Young,Mid
17833,Men,Middle,Low
17834,Women,Middle,High
17835,Men,Young,Mid
17836,Women,Middle,Low
17837,Women,Middle,Mid
17838,Men,Young,Mid
17839,Men,Young,Low
17840,Men,Middle,Mid
17841,Men,Middle,Low
17842,Men,Middle,Low
17843,Men,Middle,Low
17844,Men,Middle,Mid
17845,Men,Middle,Mid
17846,Men,Older,Mid
17847,Women,Middle,High
17848,Men,Young,Low
17849,Women,Middle,Mid
17850,Men,Young,Low
17851,Men,Older,Mid
17852,Men,Young,Mid
17853,Men,Young,Low
17854,Men,Middle,Low
17855,Women,Middle,Mid
17856,Men,Older,Mid
17857,Women,Middle,Mid
17858,Women,Middle,Low
17859,Men,Middle,High
17860,Women,Middle,Low
17861,Women,Middle,Mid
17862,Men,Older,High
17863,Men,Older,Low
17864,Men,Older,High
17865,Men,Young,Low
17866,Women,Middle,High
17867,Men,Older,Low
17868,Women,Middle,Mid
17869,Men,Older,Low
17870,Women,Middle,Mid
17871,Men,Older,Mid
17872,Men,Middle,High
17873,Men,Middle,Mid
17874,Men,Older,Low
17875,Men,Older,High
17876,Men,Middle,Mid
17877,Men,Young,High
17878,Women,Middle,High
17879,Men,Middle,Low
17880,Women,Middle,Low
17881,Women,Middle,Mid
17882,Men,Young,Low
17883,Men,Older,High
17884,Men,Young,Mid
17885,Men,Older,High
17886,Men,Young,Low
17887,Men,Middle,High
17888,Men,Middle,Low
17889,Men,Young,Low
17890,Men,Older,High
17891,Women,Middle,High
17892,Women,Middle,Low
17893,Men,Young,Low
17894,Men,Middle,Low
17895,Men,Young,Low
17896,Men,Older,Mid
17897,Women,Middle,Mid
17898,Men,Older,High
17899,Men,Older,Low
17900,Men,Young,Low
17901,Men,Older,Low
17902,Men,Middle,Low
17903,Men,Older,High
17904,Men,Young,Low
17905,Men,Middle,Low
17906,Men,Middle,Mid
17907,Women,Middle,High
17908,Men,Older,Low
17909,Men,Middle,Mid
17910,Men,Older,Low
17911,Men,Middle,Mid
17912,Men,Young,Mid
17913,Men,Young,High
17914,Men,Middle,Low
17915,Men,Middle,High
17916,Men,Young,Low
17917,Men,Older,High
17918,Men,Middle,Low
17919,Men,Young,Mid
17920,Men,Middle,High
17921,Men,Older,Low
17922,Men,Young,Mid
17923,Men,Older,Mid
17924,Men,Older,Low
17925,Men,Older,Mid
17926,Men,Older,High
17927,Women,Middle,Low
17928,Men,Older,Low
17929,Men,Middle,High
17930,Men,Older,High
17931,Women,Middle,Mid
17932,Men,Young,Low
17933,Men,Young,High
17934,Men,Middle,High
17935,Men,Older,Low
17936,Women,Middle,Low
17937,Men,Older,High
17938,Men,Older,High
17939,Men,Older,High
17940,Men,Young,High
17941,Women,Middle,Mid
17942,Men,Young,Mid
17943,Men,Young,Low
17944,Men,Young,Mid
17945,Men,Middle,High
17946,Men,Older,Mid
17947,Men,Middle,Low
17948,Men,Older,Low
17949,Men,Middle,Low
17950,Men,Older,Mid
17951,Women,Middle,Mid
17952,Men,Young,Mid
17953,Women,Middle,Mid
17954,Men,Young,Low
17955,Women,Middle,Mid
17956,Men,Young,Mid
17957,Men,Young,Mid
17958,Men,Older,Mid
17959,Men,Young,Low
17960,Men,Older,High
17961,Men,Older,Mid
17962,Men,Young,Mid
17963,Women,Middle,Low
17964,Men,Young,Low
17965,Men,Young,High
17966,Women,Middle,Mid
17967,Men,Young,Low
17968,Men,Older,Low
17969,Men,Young,Low
17970,Men,Young,Mid
17971,Men,Middle,Mid
17972,Women,Middle,High
17973,Men,Young,Mid
17974,Men,Middle,Mid
17975,Men,Middle,Low
17976,Men,Young,Low
17977,Women,Middle,Mid
17978,Men,Older,High
17979,Men,Older,Low
17980,Men,Older,High
17981,Men,Young,Low
17982,Men,Older,Mid
17983,Men,Older,Low
17984,Men,Older,High
17985,Men,Young,Low
17986,Men,Young,Low
17987,Men,Young,Low
17988,Men,Young,Low
17989,Women,Middle,High
17990,Men,Older,Mid
17991,Men,Young,High
17992,Women,Middle,Mid
17993,Men,Middle,Mid
17994,Men,Young,Low
17995,Men,Middle,Low
17996,Men,Older,High
17997,Men,Older,High
17998,Men,Middle,Mid
17999,Men,Older,Low
18000,Men,Older,Mid
18001,Men,Young,Mid
18002,Men,Middle,Low
18003,Women,Middle,Low
18004,Men,Young,High
18005,Men,Young,Low
18006,Men,Older,Mid
18007,Men,Older,High
18008,Men,Middle,High
18009,Men,Young,Low
18010,Women,Middle,Mid
18011,Men,Older,High
18012,Men,Middle,Mid
18013,Men,Older,Low
18014,Women,Middle,Low
18015,Men,Young,Low
18016,Women,Middle,Low
18017,Men,Young,Low
18018,Men,Older,Mid
18019,Men,Middle,Mid
18020,Men,Middle,Mid
18021,Men,Young,Mid
18022,Women,Middle,Mid
18023,Men,Older,Mid
18024,Men,Older,Mid
18025,Men,Young,High
18026,Men,Middle,Low
18027,Men,Older,Mid
18028,Women,Middle,Low
18029,Men,Older,Mid
18030,Men,Older,Low
18031,Men,Older,Low
18032,Men,Young,Low
18033,Men,Young,Low
18034,Men,Older,High
18035,Men,Young,Low
18036,Men,Young,Mid
18037,Men,Young,Low
18038,Men,Middle,Low
18039,Men,Older,Low
18040,Men,Young,High
18041,Women,Middle,High
18042,Men,Young,Low
18043,Men,Older,Low
18044,Men,Young,Low
18045,Women,Middle,Mid
18046,Men,Older,Mid
18047,Men,Middle,Mid
18048,Men,Young,Mid
18049,Men,Young,Low
18050,Men,Older,Mid
18051,Men,Young,Low
18052,Women,Middle,Low
18053,Men,Older,High
18054,Men,Older,Mid
18055,Men,Young,High
18056,Men,Young,Low
18057,Men,Middle,Mid
18058,Men,Older,Low
18059,Men,Young,Low
18060,Men,Middle,Mid
18061,Men,Older,High
18062,Men,Older,High
18063,Men,Young,Low
18064,Men,Older,High
18065,Women,Middle,Low
18066,Men,Middle,High
18067,Men,Young,Low
18068,Men,Young,Mid
18069,Men,Older,High
18070,Men,Older,Low
18071,Men,Young,Low
18072,Women,Middle,Low
18073,Men,Young,Low
18074,Men,Young,Mid
18075,Women,Middle,Low
18076,Men,Young,Low
18077,Men,Young,Low
18078,Men,Young,High
18079,Women,Middle,Mid
18080,Men,Middle,Low
18081,Women,Middle,High
18082,Men,Young,Low
18083,Women,Middle,Mid
18084,Women,Middle,Low
18085,Men,Older,Mid
18086,Men,Young,Mid
18087,Women,Middle,Mid
18088,Men,Young,Low
18089,Men,Young,Low
18090,Men,Older,Mid
18091,Men,Young,Mid
18092,Men,Older,Low
18093,Men,Middle,High
18094,Women,Middle,Mid
18095,Men,Older,High
18096,Men,Young,Low
18097,Women,Middle,Low
18098,Women,Middle,Mid
18099,Men,Young,Low
18100,Men,Older,High
18101,Men,Older,High
18102,Men,Middle,High
18103,Men,Young,Mid
18104,Men,Middle,Low
18105,Men,Middle,Mid
18106,Women,Middle,Low
18107,Men,Older,Low
18108,Men,Middle,High
18109,Women,Middle,Mid
18110,Men,Older,Mid
18111,Men,Young,Low
18112,Women,Middle,High
18113,Women,Middle,Mid
18114,Women,Middle,Low
18115,Men,Middle,Low
18116,Men,Young,Mid
18117,Men,Middle,Mid
18118,Men,Older,Mid
18119,Men,Older,High
18120,Men,Older,High
18121,Women,Middle,Mid
18122,Men,Middle,Low
18123,Men,Middle,Mid
18124,Men,Older,Low
18125,Men,Older,High
18126,Men,Middle,Mid
18127,Men,Young,Low
18128,Men,Young,Low
18129,Men,Young,Mid
18130,Men,Young,Low
18131,Men,Middle,Low
18132,Men,Young,Low
18133,Men,Older,Mid
18134,Men,Middle,High
18135,Women,Middle,Low
18136,Men,Older,Low
18137,Men,Middle,Mid
18138,Men,Young,High
18139,Men,Middle,High
18140,Men,Older,Low
18141,Men,Young,Mid
18142,Men,Middle,Low
18143,Men,Middle,High
18144,Men,Young,Mid
18145,Men,Older,Mid
18146,Men,Older,Low
18147,Men,Young,Low
18148,Women,Middle,Low
18149,Men,Older,High
18150,Women,Middle,Mid
18151,Men,Young,Low
18152,Men,Young,Mid
18153,Men,Young,Low
18154,Men,Older,High
18155,Men,Young,Low
18156,Women,Middle,High
18157,Men,Young,Low
18158,Men,Older,Mid
18159,Men,Young,High
18160,Men,Older,Mid
18161,Women,Middle,Low
18162,Men,Young,Mid
18163,Women,Middle,Mid
18164,Men,Young,Low
18165,Men,Older,Low
18166,Women,Middle,Mid
18167,Men,Older,Mid
18168,Men,Young,Low
18169,Men,Older,High
18170,Men,Older,High
18171,Men,Young,Low
18172,Men,Older,Mid
18173,Men,Older,Low
18174,Men,Older,Low
18175,Men,Older,High
18176,Women,Middle,Low
18177,Men,Older,Mid
18178,Men,Young,Low
18179,Women,Middle,Mid
18180,Men,Older,Low
18181,Men,Older,Low
18182,Men,Older,High
18183,Men,Older,Low
18184,Men,Older,Mid
18185,Men,Middle,Low
18186,Men,Older,Mid
18187,Men,Young,Mid
18188,Men,Older,Mid
18189,Men,Young,Low
18190,Men,Older,Mid
18191,Men,Young,High
18192,Men,Middle,High
18193,Men,Young,High
18194,Men,Middle,Low
18195,Men,Older,Low
18196,Men,Young,Mid
18197,Men,Young,High
18198,Men,Older,High
18199,Men,Young,High
18200,Women,Middle,High
18201,Men,Middle,Low
18202,Men,Older,High
18203,Men,Young,Low
18204,Men,Older,Low
18205,Men,Middle,High
18206,Men,Young,High
18207,Men,Middle,High
18208,Men,Young,Low
18209,Men,Young,Low
18210,Men,Older,Low
18211,Men,Young,Low
18212,Men,Middle,Low
18213,Men,Middle,Mid
18214,Men,Older,Mid
18215,Men,Young,Mid
18216,Men,Young,Mid
18217,Women,Middle,Low
18218,Men,Young,Mid
18219,Men,Older,Low
18220,Men,Young,High
18221,Men,Middle,Low
18222,Women,Middle,Mid
18223,Men,Young,Low
18224,Men,Older,High
18225,Men,Young,Low
18226,Men,Middle,Low
18227,Men,Older,Mid
18228,Men,Young,Low
18229,Men,Young,Mid
18230,Men,Older,Mid
18231,Men,Middle,Low
18232,Men,Older,Low
18233,Women,Middle,Low
18234,Men,Middle,High
18235,Men,Middle,High
18236,Men,Middle,High
18237,Men,Middle,High
18238,Men,Older,Low
18239,Men,Middle,High
18240,Men,Older,Low
18241,Men,Young,Mid
18242,Women,Middle,Low
18243,Men,Young,Low
18244,Men,Young,Low
18245,Men,Middle,Low
18246,Women,Middle,High
18247,Men,Young,Low
18248,Men,Young,Mid
18249,Men,Young,High
18250,Men,Older,Low
18251,Men,Older,Mid
18252,Men,Older,Mid
18253,Men,Young,High
18254,Men,Middle,Mid
18255,Men,Young,Low
18256,Men,Older,High
18257,Men,Older,High
18258,Women,Middle,Low
18259,Men,Young,Low
18260,Women,Middle,Mid
18261,Women,Middle,High
18262,Men,Middle,Mid
18263,Men,Older,High
18264,Men,Older,High
18265,Men,Young,Low
18266,Men,Older,High
18267,Men,Older,Mid
18268,Women,Middle,High
18269,Men,Older,High
18270,Men,Young,High
18271,Men,Middle,Low
18272,Men,Young,High
18273,Men,Older,High
18274,Women,Middle,Low
18275,Men,Older,Mid
18276,Men,Young,Mid
18277,Men,Young,Low
18278,Men,Older,Mid
18279,Men,Older,Mid
18280,Men,Older,Low
18281,Men,Young,Low
18282,Women,Middle,Mid
18283,Men,Older,Mid
18284,Men,Young,Low
18285,Men,Older,Low
18286,Men,Young,Mid
18287,Men,Older,Low
18288,Men,Middle,Low
18289,Men,Older,High
18290,Women,Middle,Low
18291,Men,Young,High
18292,Men,Young,Low
18293,Men,Young,High
18294,Men,Young,Low
18295,Men,Older,High
18296,Men,Middle,High
18297,Women,Middle,Mid
18298,Men,Young,High
18299,Men,Young,Mid
18300,Men,Young,Mid
18301,Men,Older,Low
18302,Men,Older,Mid
18303,Men,Older,High
18304,Women,Middle,Low
18305,Men,Older,Mid
18306,Men,Young,Mid
18307,Men,Older,Low
18308,Men,Older,Mid
18309,Men,Older,High
18310,Men,Older,Mid
18311,Men,Young,Low
18312,Women,Middle,High
18313,Men,Middle,Low
18314,Men,Middle,Mid
18315,Men,Older,High
18316,Men,Young,Mid
18317,Men,Middle,Low
18318,Men,Older,Low
18319,Men,Young,High
18320,Men,Young,High
18321,Men,Older,Mid
18322,Men,Young,Low
18323,Men,Older,Low
18324,Women,Middle,Mid
18325,Men,Middle,Mid
18326,Men,Older,Low
18327,Men,Older,Mid
18328,Women,Middle,Low
18329,Men,Young,Mid
18330,Men,Young,Low
18331,Men,Middle,Low
18332,Men,Middle,Low
18333,Men,Young,High
18334,Men,Older,Mid
18335,Men,Older,Mid
18336,Men,Young,Mid
18337,Men,Middle,Low
18338,Men,Older,Low
18339,Women,Middle,Low
18340,Men,Older,Low
18341,Men,Older,Low
18342,Men,Young,Mid
18343,Men,Young,Mid
18344,Men,Older,Low
18345,Men,Young,Low
18346,Men,Young,Mid
18347,Men,Older,Mid
18348,Men,Older,Mid
18349,Men,Young,Low
18350,Men,Middle,Low
18351,Men,Older,Mid
18352,Men,Older,Low
18353,Men,Young,Low
18354,Men,Middle,Low
18355,Men,Young,High
18356,Men,Young,Low
18357,Men,Older,Mid
18358,Men,Older,Mid
18359,Men,Older,High
18360,Men,Young,Low
18361,Women,Middle,Low
18362,Women,Middle,Low
18363,Men,Young,Low
18364,Men,Older,Mid
18365,Women,Middle,Low
18366,Men,Young,Low
18367,Men,Older,High
18368,Women,Middle,Low
18369,Women,Middle,Mid
18370,Men,Middle,Low
18371,Women,Middle,Low
18372,Men,Young,Low
18373,Men,Middle,Mid
18374,Men,Older,Mid
18375,Women,Middle,Low
18376,Men,Young,Low
18377,Men,Middle,Mid
18378,Men,Middle,Low
18379,Women,Middle,Low
18380,Men,Young,Low
18381,Men,Young,Low
18382,Women,Middle,High
18383,Men,Older,Low
18384,Men,Young,Mid
18385,Men,Young,Mid
18386,Men,Older,Low
18387,Men,Middle,High
18388,Men,Young,Low
18389,Men,Older,Mid
18390,Men,Young,Low
18391,Men,Older,Mid
18392,Men,Older,High
18393,Men,Young,Low
18394,Women,Middle,Low
18395,Men,Young,Low
18396,Men,Young,Mid
18397,Women,Middle,Mid
18398,Men,Young,Mid
18399,Men,Older,Low
18400,Men,Young,Low
18401,Men,Young,Low
18402,Men,Older,High
18403,Men,Older,Low
18404,Women,Middle,Low
18405,Men,Older,High
18406,Men,Middle,Low
18407,Men,Middle,Low
18408,Men,Older,Low
18409,Women,Middle,High
18410,Men,Older,Low
18411,Men,Young,High
18412,Men,Young,Low
18413,Men,Older,Mid
18414,Men,Older,Mid
18415,Men,Older,High
18416,Women,Middle,Mid
18417,Women,Middle,Mid
18418,Men,Young,Low
18419,Men,Older,Mid
18420,Men,Young,Mid
18421,Men,Older,Low
18422,Men,Older,High
18423,Men,Older,High
18424,Men,Middle,Low
18425,Men,Older,Mid
18426,Men,Young,Mid
18427,Men,Middle,Mid
18428,Men,Young,Mid
18429,Men,Older,Mid
18430,Men,Young,Low
18431,Men,Older,High
18432,Men,Older,Mid
18433,Men,Young,Mid
18434,Men,Older,High
18435,Men,Older,Low
18436,Women,Middle,Low
18437,Women,Middle,Low
18438,Women,Middle,Mid
18439,Men,Older,Mid
18440,Men,Older,Low
18441,Men,Young,Low
18442,Men,Young,Mid
18443,Men,Older,Mid
18444,Men,Middle,High
18445,Men,Older,Low
18446,Men,Middle,Low
18447,Women,Middle,High
18448,Men,Older,Low
18449,Women,Middle,High
18450,Men,Older,Low
18451,Women,Middle,Low
18452,Men,Older,High
18453,Men,Young,Low
18454,Men,Older,High
18455,Men,Middle,Mid
18456,Men,Young,Low
18457,Men,Older,Mid
18458,Men,Young,High
18459,Women,Middle,High
18460,Men,Young,Low
18461,Men,Young,Low
18462,Men,Middle,Mid
18463,Men,Older,Low
18464,Men,Middle,Mid
18465,Men,Young,Low
18466,Women,Middle,Mid
18467,Women,Middle,Mid
18468,Men,Older,Low
18469,Men,Older,Low
18470,Women,Middle,Mid
18471,Women,Middle,Low
18472,Women,Middle,Low
18473,Men,Middle,Mid
18474,Men,Young,Mid
18475,Men,Older,High
18476,Men,Young,Low
18477,Men,Middle,Mid
18478,Women,Middle,High
18479,Men,Young,Mid
18480,Men,Older,Low
18481,Men,Middle,High
18482,Men,Young,Low
18483,Men,Older,High
18484,Women,Middle,Mid
18485,Women,Middle,Low
18486,Men,Young,Low
18487,Men,Older,High
18488,Men,Young,Low
18489,Men,Young,Mid
18490,Men,Young,Low
18491,Men,Middle,Mid
18492,Men,Older,Mid
18493,Men,Middle,Low
18494,Men,Older,Low
18495,Women,Middle,Low
18496,Men,Older,Mid
18497,Men,Older,Mid
18498,Men,Older,High
18499,Men,Young,Low
18500,Men,Older,High
18501,Men,Older,High
18502,Men,Young,Low
18503,Women,Middle,Mid
18504,Men,Older,High
18505,Men,Middle,High
18506,Men,Older,Mid
18507,Men,Middle,High
18508,Men,Older,High
18509,Men,Middle,Low
18510,Women,Middle,Low
18511,Men,Young,Low
18512,Men,Young,Low
18513,Men,Young,Low
18514,Men,Older,Low
18515,Men,Older,Mid
18516,Men,Older,Low
18517,Women,Middle,Mid
18518,Men,Young,Low
18519,Men,Older,High
18520,Women,Middle,Low
18521,Men,Older,Mid
18522,Men,Older,Mid
18523,Men,Middle,Mid
18524,Men,Young,Low
18525,Men,Middle,Mid
18526,Men,Young,Low
18527,Men,Middle,Low
18528,Men,Young,Low
18529,Men,Middle,Low
18530,Men,Middle,High
18531,Men,Older,High
18532,Men,Older,High
18533,Men,Older,Low
18534,Men,Young,Mid
18535,Women,Middle,Low
18536,Men,Young,Low
18537,Men,Young,Mid
18538,Men,Middle,Low
18539,Men,Older,High
18540,Men,Middle,Low
18541,Men,Middle,Low
18542,Men,Middle,Low
18543,Men,Young,Low
18544,Men,Young,Mid
18545,Men,Older,Mid
18546,Women,Middle,High
18547,Men,Older,Mid
18548,Men,Young,Low
18549,Men,Older,Mid
18550,Men,Older,Mid
18551,Women,Middle,Low
18552,Men,Young,Low
18553,Men,Young,Low
18554,Men,Older,Mid
18555,Men,Middle,High
18556,Men,Young,Low
18557,Men,Middle,Low
18558,Men,Young,Low
18559,Men,Young,Low
18560,Men,Older,Low
18561,Men,Young,Low
18562,Men,Older,Low
18563,Men,Older,Low
18564,Men,Older,Low
18565,Men,Older,High
18566,Men,Older,Mid
18567,Men,Young,Mid
18568,Men,Young,High
18569,Men,Older,High
18570,Men,Young,Low
18571,Men,Young,Mid
18572,Men,Middle,Low
18573,Men,Young,Low
18574,Men,Young,Low
18575,Men,Young,Mid
18576,Men,Older,Low
18577,Men,Older,Mid
18578,Men,Older,High
18579,Women,Middle,Mid
18580,Men,Older,Mid
18581,Women,Middle,Low
18582,Men,Older,Mid
18583,Men,Young,Low
18584,Men,Older,Low
18585,Men,Young,Low
18586,Women,Middle,High
18587,Women,Middle,High
18588,Men,Young,Mid
18589,Men,Middle,Mid
18590,Men,Older,Mid
18591,Women,Middle,Mid
18592,Men,Older,Low
18593,Men,Young,Mid
18594,Men,Young,Mid
18595,Men,Older,Low
18596,Women,Middle,Mid
18597,Women,Middle,Low
18598,Men,Young,Mid
18599,Men,Middle,Mid
18600,Men,Young,Low
18601,Men,Young,Low
18602,Men,Middle,Low
18603,Women,Middle,High
18604,Men,Older,Mid
18605,Men,Young,Low
18606,Men,Middle,Mid
18607,Women,Middle,Low
18608,Men,Middle,High
18609,Men,Middle,Low
18610,Men,Middle,Mid
18611,Men,Middle,Mid
18612,Men,Older,Mid
18613,Men,Young,Mid
18614,Women,Middle,Mid
18615,Men,Older,High
18616,Men,Older,Mid
18617,Men,Young,Low
18618,Men,Older,Low
18619,Men,Young,Mid
18620,Men,Older,Mid
18621,Men,Young,Mid
18622,Men,Middle,Low
18623,Women,Middle,Low
18624,Men,Middle,High
18625,Men,Older,Mid
18626,Men,Older,Low
18627,Men,Older,Low
18628,Women,Middle,Mid
18629,Women,Middle,Low
18630,Men,Older,Mid
18631,Men,Older,Mid
18632,Men,Older,Mid
18633,Men,Young,Mid
18634,Men,Young,High
18635,Men,Young,Mid
18636,Men,Older,Low
18637,Men,Older,High
18638,Men,Middle,Mid
18639,Men,Young,Low
18640,Men,Older,Low
18641,Men,Older,Mid
18642,Men,Older,Mid
18643,Men,Young,Low
18644,Women,Middle,Low
18645,Men,Young,Low
18646,Women,Middle,High
18647,Men,Middle,Low
18648,Men,Older,Low
18649,Men,Older,Low
18650,Men,Older,Mid
18651,Men,Older,Mid
18652,Men,Young,Low
18653,Women,Middle,Mid
18654,Men,Older,High
18655,Women,Middle,High
18656,Men,Young,Low
18657,Men,Middle,Low
18658,Men,Young,Low
18659,Women,Middle,High
18660,Women,Middle,Low
18661,Men,Older,Low
18662,Men,Young,High
18663,Men,Middle,Low
18664,Men,Older,Low
18665,Men,Middle,Low
18666,Men,Older,High
18667,Men,Older,Mid
18668,Men,Older,Low
18669,Men,Young,Mid
18670,Men,Older,Mid
18671,Men,Older,Mid
18672,Men,Older,Mid
18673,Men,Older,High
18674,Men,Older,Low
18675,Men,Young,Mid
18676,Men,Young,High
18677,Men,Older,Low
18678,Men,Middle,High
18679,Men,Older,Mid
18680,Women,Middle,Mid
18681,Men,Young,Mid
18682,Men,Young,Mid
18683,Men,Middle,High
18684,Men,Middle,Mid
18685,Men,Young,Low
18686,Men,Older,Low
18687,Men,Young,Low
18688,Men,Older,High
18689,Men,Older,Low
18690,Men,Middle,Mid
18691,Men,Middle,Mid
18692,Women,Middle,Mid
18693,Men,Middle,High
18694,Men,Older,Low
18695,Men,Young,Low
18696,Men,Middle,High
18697,Men,Young,Low
18698,Men,Older,Low
18699,Women,Middle,Mid
18700,Men,Older,Low
18701,Women,Middle,Low
18702,Women,Middle,High
18703,Men,Young,High
18704,Men,Young,Mid
18705,Women,Middle,High
18706,Men,Young,Low
18707,Women,Middle,Low
18708,Men,Middle,Mid
18709,Men,Young,Low
18710,Men,Young,Low
18711,Men,Young,Low
18712,Women,Middle,Mid
18713,Men,Older,Low
18714,Men,Older,Low
18715,Men,Young,Mid
18716,Women,Middle,High
18717,Men,Young,Mid
18718,Men,Older,Low
18719,Men,Middle,Low
18720,Men,Middle,High
18721,Men,Middle,Low
18722,Women,Middle,Mid
18723,Women,Middle,Mid
18724,Men,Older,Low
18725,Men,Older,High
18726,Men,Older,Mid
18727,Men,Young,Low
18728,Women,Middle,Low
18729,Women,Middle,Low
18730,Men,Older,Low
18731,Men,Older,Low
18732,Women,Middle,Low
18733,Men,Middle,Mid
18734,Men,Young,High
18735,Men,Middle,Low
18736,Men,Older,Mid
18737,Women,Middle,Low
18738,Men,Young,Low
18739,Men,Middle,Low
18740,Men,Older,Low
18741,Men,Young,Mid
18742,Men,Middle,High
18743,Men,Young,Low
18744,Men,Young,Low
18745,Women,Middle,High
18746,Men,Older,Low
18747,Men,Middle,High
18748,Men,Young,Low
18749,Men,Older,Low
18750,Women,Middle,Mid
18751,Men,Older,High
18752,Men,Young,Mid
18753,Men,Older,Mid
18754,Men,Young,Low
18755,Men,Older,High
18756,Men,Young,Mid
18757,Men,Young,Low
18758,Women,Middle,Mid
18759,Men,Young,Low
18760,Men,Young,Mid
18761,Men,Young,Low
18762,Men,Young,Low
18763,Men,Middle,Low
18764,Men,Older,High
18765,Men,Older,High
18766,Men,Young,High
18767,Men,Young,Low
18768,Men,Middle,Mid
18769,Women,Middle,Mid
18770,Men,Middle,Mid
18771,Men,Young,Mid
18772,Men,Middle,Mid
18773,Men,Young,Low
18774,Men,Young,Low
18775,Men,Older,Mid
18776,Women,Middle,High
18777,Men,Older,Mid
18778,Women,Middle,High
18779,Men,Older,Low
18780,Men,Older,Mid
18781,Men,Older,Low
18782,Men,Young,Low
18783,Women,Middle,Mid
18784,Men,Young,Low
18785,Men,Middle,Mid
18786,Men,Middle,Mid
18787,Women,Middle,Low
18788,Men,Older,Mid
18789,Men,Older,Mid
18790,Men,Older,Low
18791,Men,Young,Mid
18792,Men,Middle,Low
18793,Men,Middle,Mid
18794,Men,Older,Mid
18795,Men,Young,Mid
18796,Women,Middle,High
18797,Men,Young,High
18798,Men,Older,Mid
18799,Women,Middle,High
18800,Men,Young,Low
18801,Men,Older,Low
18802,Men,Young,High
18803,Men,Older,Mid
18804,Men,Young,Low
18805,Men,Young,Low
18806,Men,Young,Low
18807,Men,Young,Mid
18808,Men,Middle,Low
18809,Men,Older,Mid
18810,Men,Older,Mid
18811,Men,Young,Mid
18812,Men,Older,Mid
18813,Women,Middle,Mid
18814,Men,Middle,Low
18815,Men,Older,High
18816,Men,Older,High
18817,Men,Young,Low
18818,Men,Young,Low
18819,Men,Middle,Low
18820,Men,Middle,Mid
18821,Men,Older,Mid
18822,Men,Older,Mid
18823,Men,Older,Mid
18824,Men,Older,Low
18825,Men,Older,Low
18826,Men,Middle,Mid
18827,Women,Middle,Low
18828,Women,Middle,Mid
18829,Men,Older,Mid
18830,Men,Young,Low
18831,Men,Middle,High
18832,Men,Middle,Mid
18833,Men,Middle,Low
18834,Men,Young,Mid
18835,Men,Middle,Mid
18836,Men,Middle,Mid
18837,Men,Young,Mid
18838,Men,Young,Low
18839,Women,Middle,High
18840,Men,Older,Mid
18841,Men,Middle,Mid
18842,Men,Young,High
18843,Men,Older,High
18844,Men,Older,High
18845,Men,Older,High
18846,Men,Middle,Low
18847,Men,Young,Low
18848,Women,Middle,Mid
18849,Men,Older,Mid
18850,Men,Middle,High
18851,Men,Young,Mid
18852,Women,Middle,High
18853,Men,Middle,Mid
18854,Men,Middle,Low
18855,Women,Middle,Low
18856,Men,Older,Mid
18857,Men,Older,Low
18858,Men,Older,Low
18859,Men,Older,Low
18860,Men,Older,High
18861,Men,Young,Mid
18862,Men,Young,Low
18863,Men,Older,Low
18864,Women,Middle,Mid
18865,Men,Older,High
18866,Men,Older,Mid
18867,Men,Older,Mid
18868,Men,Older,Low
18869,Men,Middle,Mid
18870,Women,Middle,Mid
18871,Men,Older,High
18872,Women,Middle,Low
18873,Women,Middle,High
18874,Men,Middle,High
18875,Men,Older,Mid
18876,Men,Young,Mid
18877,Men,Young,Low
18878,Men,Older,Low
18879,Men,Young,High
18880,Women,Middle,High
18881,Men,Young,High
18882,Men,Middle,Mid
18883,Men,Older,Mid
18884,Men,Older,Mid
18885,Men,Older,High
18886,Men,Older,Low
18887,Men,Middle,Mid
18888,Women,Middle,Low
18889,Men,Young,Mid
18890,Men,Middle,Mid
18891,Men,Young,High
18892,Women,Middle,Low
18893,Men,Middle,Low
18894,Men,Older,High
18895,Women,Middle,Low
18896,Women,Middle,High
18897,Men,Middle,Low
18898,Men,Older,Mid
18899,Men,Young,Low
18900,Men,Young,Low
18901,Women,Middle,Low
18902,Men,Young,Low
18903,Men,Older,Mid
18904,Men,Older,Mid
18905,Men,Older,Mid
18906,Men,Young,High
18907,Men,Young,Mid
18908,Men,Older,Low
18909,Men,Young,Low
18910,Men,Middle,Low
18911,Men,Middle,Mid
18912,Men,Young,Mid
18913,Women,Middle,Low
18914,Men,Older,Mid
18915,Men,Middle,Low
18916,Men,Middle,Mid
18917,Men,Older,Mid
18918,Men,Young,Low
18919,Women,Middle,High
18920,Men,Older,Low
18921,Men,Middle,High
18922,Men,Older,Low
18923,Men,Young,Mid
18924,Men,Young,Mid
18925,Men,Young,Low
18926,Women,Middle,Low
18927,Men,Older,Mid
18928,Men,Young,High
18929,Women,Middle,Low
18930,Women,Middle,High
18931,Men,Young,Mid
18932,Men,Older,Low
18933,Men,Middle,Mid
18934,Men,Young,Mid
18935,Men,Middle,High
18936,Men,Older,Mid
18937,Men,Young,Low
18938,Men,Young,Mid
18939,Men,Older,Mid
18940,Men,Older,High
18941,Men,Young,Mid
18942,Men,Older,Mid
18943,Men,Older,High
18944,Men,Middle,High
18945,Men,Middle,Low
18946,Men,Older,High
18947,Men,Older,Low
18948,Men,Older,High
18949,Men,Older,Mid
18950,Men,Young,Low
18951,Men,Older,High
18952,Men,Young,Mid
18953,Men,Young,High
18954,Women,Middle,High
18955,Men,Older,Low
18956,Men,Young,High
18957,Men,Older,Mid
18958,Men,Older,High
18959,Women,Middle,Low
18960,Men,Older,High
18961,Men,Older,Low
18962,Men,Older,Mid
18963,Men,Middle,Low
18964,Women,Middle,Mid
18965,Men,Young,Low
18966,Men,Young,Low
18967,Men,Older,Low
18968,Men,Young,Low
18969,Men,Older,Low
18970,Men,Middle,Low
18971,Men,Young,High
18972,Men,Young,Low
18973,Men,Middle,High
18974,Men,Older,Mid
18975,Women,Middle,Mid
18976,Men,Older,Mid
18977,Men,Young,Mid
18978,Men,Older,Low
18979,Men,Older,High
18980,Men,Older,High
18981,Men,Older,Mid
18982,Women,Middle,High
18983,Women,Middle,High
18984,Men,Middle,High
18985,Men,Young,Low
18986,Men,Young,Low
18987,Men,Older,High
18988,Men,Older,Mid
18989,Men,Older,Mid
18990,Men,Young,High
18991,Men,Young,Mid
18992,Women,Middle,High
18993,Men,Older,High
18994,Women,Middle,High
18995,Men,Older,Mid
18996,Men,Older,Low
18997,Men,Young,High
18998,Men,Middle,High
18999,Men,Older,Low
19000,Men,Young,Low
19001,Men,Young,Low
19002,Men,Young,Low
19003,Women,Middle,Low
19004,Men,Older,Low
19005,Men,Young,Low
19006,Men,Older,Low
19007,Men,Middle,Low
19008,Men,Young,High
19009,Men,Older,Mid
19010,Men,Middle,Low
19011,Men,Older,Low
19012,Women,Middle,Low
19013,Men,Middle,Mid
19014,Men,Young,Low
19015,Women,Middle,Low
19016,Men,Older,Mid
19017,Men,Older,High
19018,Women,Middle,Low
19019,Men,Young,High
19020,Men,Young,Mid
19021,Women,Middle,Mid
19022,Men,Older,Mid
19023,Men,Middle,Low
19024,Men,Young,Low
19025,Men,Middle,High
19026,Men,Middle,High
19027,Women,Middle,Low
19028,Men,Older,High
19029,Men,Young,Mid
19030,Men,Older,Low
19031,Men,Older,Mid
19032,Men,Older,High
19033,Men,Middle,Mid
19034,Men,Young,Low
19035,Men,Older,Mid
19036,Men,Middle,High
19037,Men,Middle,Low
19038,Men,Young,Mid
19039,Women,Middle,High
19040,Men,Young,Mid
19041,Men,Middle,Low
19042,Men,Young,Low
19043,Men,Young,Mid
19044,Men,Older,High
19045,Women,Middle,Mid
19046,Men,Young,Low
19047,Men,Young,Low
19048,Men,Older,Low
19049,Men,Older,Mid
19050,Men,Older,Mid
19051,Men,Young,Mid
19052,Men,Young,Mid
19053,Men,Older,High
19054,Men,Young,Low
19055,Men,Middle,Low
19056,Men,Young,Low
19057,Men,Young,Low
19058,Men,Older,Mid
19059,Men,Older,Mid
19060,Men,Older,Low
19061,Men,Older,Mid
19062,Men,Middle,Low
19063,Men,Older,Low
19064,Men,Older,Low
19065,Men,Young,Mid
19066,Men,Young,High
19067,Men,Middle,Mid
19068,Men,Older,Mid
19069,Men,Older,Low
19070,Men,Young,Mid
19071,Women,Middle,Low
19072,Men,Middle,High
19073,Men,Young,Mid
19074,Men,Middle,High
19075,Men,Young,Mid
19076,Men,Middle,Mid
19077,Women,Middle,High
19078,Men,Older,High
19079,Men,Older,Mid
19080,Women,Middle,Mid
19081,Men,Young,Low
19082,Men,Older,Low
19083,Men,Older,Low
19084,Men,Young,Mid
19085,Women,Middle,Mid
19086,Men,Older,High
19087,Men,Young,Low
19088,Men,Older,High
19089,Women,Middle,Mid
19090,Men,Middle,Low
19091,Men,Middle,High
19092,Men,Young,Low
19093,Women,Middle,Low
19094,Women,Middle,Mid
19095,Men,Young,Mid
19096,Men,Older,Low
19097,Men,Older,High
19098,Women,Middle,Low
19099,Men,Older,Low
19100,Men,Young,Mid
19101,Men,Young,Low
19102,Men,Young,High
19103,Men,Middle,High
19104,Men,Young,Low
19105,Men,Middle,Low
19106,Men,Older,Low
19107,Women,Middle,High
19108,Men,Older,High
19109,Men,Middle,Low
19110,Men,Middle,High
19111,Men,Middle,Low
19112,Men,Young,Mid
19113,Men,Older,Low
19114,Men,Older,Mid
19115,Women,Middle,Mid
19116,Men,Older,Mid
19117,Men,Young,Mid
19118,Men,Middle,High
19119,Men,Young,Low
19120,Men,Middle,Mid
19121,Women,Middle,Low
19122,Men,Young,High
19123,Women,Middle,Low
19124,Men,Middle,Low
19125,Men,Young,Low
19126,Men,Older,High
19127,Men,Young,Mid
19128,Men,Young,Mid
19129,Men,Older,Mid
19130,Men,Middle,Mid
19131,Men,Older,Low
19132,Men,Older,High
19133,Men,Older,Low
19134,Men,Older,Mid
19135,Men,Young,Low
19136,Men,Older,Mid
19137,Men,Older,Low
19138,Women,Middle,Low
19139,Men,Older,Low
19140,Women,Middle,Low
19141,Men,Middle,Mid
19142,Men,Middle,High
19143,Men,Older,Mid
19144,Men,Young,Low
19145,Men,Older,Mid
19146,Men,Older,High
19147,Men,Young,Mid
19148,Men,Young,High
19149,Men,Older,Mid
19150,Men,Middle,Low
19151,Men,Older,High
19152,Men,Young,Low
19153,Men,Young,Low
19154,Men,Young,Low
19155,Women,Middle,Mid
19156,Men,Young,Mid
19157,Men,Young,Low
19158,Men,Older,Mid
19159,Men,Middle,Mid
19160,Men,Older,Low
19161,Men,Middle,Mid
19162,Men,Middle,Low
19163,Men,Young,Mid
19164,Men,Young,Low
19165,Men,Young,Low
19166,Women,Middle,Mid
19167,Women,Middle,Low
19168,Men,Middle,Low
19169,Men,Middle,Mid
19170,Men,Older,Mid
19171,Men,Older,Low
19172,Men,Older,High
19173,Women,Middle,Mid
19174,Men,Older,Low
19175,Men,Young,Low
19176,Women,Middle,Mid
19177,Men,Young,Mid
19178,Women,Middle,Mid
19179,Women,Middle,Low
19180,Men,Middle,Low
19181,Men,Young,Mid
19182,Men,Older,Low
19183,Men,Older,High
19184,Women,Middle,Mid
19185,Men,Older,Mid
19186,Men,Older,Low
19187,Men,Young,Low
19188,Women,Middle,Low
19189,Men,Middle,Low
19190,Men,Middle,High
19191,Men,Older,Mid
19192,Women,Middle,Mid
19193,Men,Middle,Low
19194,Men,Middle,Low
19195,Women,Middle,Mid
19196,Men,Middle,Low
19197,Men,Older,High
19198,Men,Older,Mid
19199,Men,Middle,Mid
19200,Men,Older,Mid
19201,Men,Young,Low
19202,Men,Young,Low
19203,Women,Middle,High
19204,Men,Older,High
19205,Men,Young,Low
19206,Women,Middle,Low
19207,Women,Middle,High
19208,Men,Middle,Low
19209,Men,Older,Mid
19210,Men,Middle,Low
19211,Women,Middle,High
19212,Women,Middle,Mid
19213,Men,Young,Low
19214,Men,Young,Mid
19215,Men,Middle,Low
19216,Men,Older,Low
19217,Men,Older,Mid
19218,Men,Older,Mid
19219,Men,Middle,Low
19220,Men,Young,Mid
19221,Men,Middle,High
19222,Men,Young,Low
19223,Women,Middle,High
19224,Men,Young,Low
19225,Men,Older,Mid
19226,Men,Young,Low
19227,Men,Older,High
19228,Men,Young,High
19229,Men,Young,Low
19230,Men,Young,Low
19231,Men,Older,High
19232,Men,Older,Mid
19233,Men,Middle,Low
19234,Women,Middle,Low
19235,Women,Middle,Mid
19236,Men,Young,Mid
19237,Men,Middle,Low
19238,Women,Middle,Mid
19239,Men,Young,Low
19240,Men,Young,Low
19241,Women,Middle,Low
19242,Women,Middle,Mid
19243,Men,Middle,Mid
19244,Men,Young,High
19245,Men,Older,Mid
19246,Men,Older,Mid
19247,Men,Older,Low
19248,Men,Middle,Low
19249,Men,Older,Mid
19250,Men,Middle,Mid
19251,Men,Older,Low
19252,Women,Middle,High
19253,Men,Older,High
19254,Men,Young,Mid
19255,Men,Older,Low
19256,Men,Older,Mid
19257,Men,Young,High
19258,Men,Older,Mid
19259,Men,Young,Low
19260,Men,Older,High
19261,Men,Middle,Mid
19262,Men,Young,Low
19263,Women,Middle,Mid
19264,Men,Older,Mid
19265,Women,Middle,Low
19266,Men,Young,Low
19267,Men,Young,Mid
19268,Men,Older,Mid
19269,Women,Middle,Low
19270,Men,Older,Low
19271,Women,Middle,Low
19272,Women,Middle,High
19273,Men,Older,Low
19274,Men,Middle,Low
19275,Men,Older,Low
19276,Men,Older,Mid
19277,Men,Young,Mid
19278,Men,Older,High
19279,Men,Young,Mid
19280,Men,Young,Low
19281,Women,Middle,Mid
19282,Women,Middle,Low
19283,Women,Middle,High
19284,Women,Middle,High
19285,Women,Middle,Low
19286,Men,Older,Low
19287,Men,Middle,Mid
19288,Men,Older,Low
19289,Men,Young,Low
19290,Men,Young,Mid
19291,Women,Middle,Low
19292,Men,Middle,Low
19293,Men,Young,Low
19294,Men,Older,High
19295,Men,Young,High
19296,Men,Older,Mid
19297,Men,Middle,Mid
19298,Men,Older,Mid
19299,Men,Older,High
19300,Women,Middle,Mid
19301,Men,Middle,High
19302,Men,Middle,Low
19303,Men,Older,Mid
19304,Men,Young,Mid
19305,Men,Middle,Low
19306,Women,Middle,Mid
19307,Women,Middle,Low
19308,Men,Older,Low
19309,Men,Young,Low
19310,Men,Young,Low
19311,Women,Middle,Low
19312,Women,Middle,Mid
19313,Men,Older,Low
19314,Men,Older,High
19315,Women,Middle,Mid
19316,Men,Middle,Mid
19317,Men,Young,Low
19318,Men,Older,High
19319,Men,Older,Low
19320,Men,Older,High
19321,Men,Middle,Low
19322,Men,Older,Mid
19323,Men,Young,Low
19324,Men,Middle,Low
19325,Men,Older,High
19326,Women,Middle,Low
19327,Men,Older,Low
19328,Men,Young,Mid
19329,Men,Young,Low
19330,Women,Middle,Mid
19331,Men,Older,Low
19332,Women,Middle,Low
19333,Men,Older,High
19334,Men,Young,Mid
19335,Men,Young,Low
19336,Men,Older,Low
19337,Men,Older,High
19338,Men,Older,Mid
19339,Women,Middle,Low
19340,Men,Older,Low
19341,Men,Older,Low
19342,Men,Middle,Mid
19343,Men,Older,High
19344,Men,Older,High
19345,Men,Middle,Low
19346,Women,Middle,Low
19347,Men,Middle,High
19348,Men,Young,Low
19349,Men,Middle,Mid
19350,Men,Middle,Low
19351,Women,Middle,Low
19352,Women,Middle,Mid
19353,Women,Middle,Mid
19354,Men,Young,Low
19355,Men,Older,Mid
19356,Men,Older,High
19357,Men,Middle,High
19358,Women,Middle,Low
19359,Men,Older,Low
19360,Men,Older,Mid
19361,Women,Middle,High
19362,Women,Middle,Low
19363,Men,Young,Low
19364,Men,Young,Low
19365,Men,Older,Mid
19366,Men,Older,Low
19367,Men,Young,Low
19368,Men,Older,Mid
19369,Men,Older,Low
19370,Women,Middle,Low
19371,Men,Young,Low
19372,Women,Middle,Low
19373,Men,Young,Mid
19374,Women,Middle,Mid
19375,Men,Older,High
19376,Men,Older,High
19377,Men,Middle,Low
19378,Men,Middle,Low
19379,Men,Older,Mid
19380,Men,Young,Low
19381,Men,Older,High
19382,Women,Middle,Low
19383,Men,Middle,Mid
19384,Men,Young,Low
19385,Women,Middle,Mid
19386,Men,Older,High
19387,Men,Older,Mid
19388,Men,Young,Low
19389,Women,Middle,High
19390,Men,Older,High
19391,Men,Older,Mid
19392,Men,Young,Low
19393,Men,Middle,Mid
19394,Men,Young,Mid
19395,Men,Older,Mid
19396,Men,Older,Low
19397,Men,Young,Low
19398,Men,Young,Low
19399,Men,Middle,Low
19400,Men,Young,Low
19401,Women,Middle,Low
19402,Women,Middle,Low
19403,Men,Young,Low
19404,Women,Middle,Mid
19405,Men,Young,Low
19406,Men,Young,Low
19407,Men,Young,Mid
19408,Women,Middle,Low
19409,Men,Young,Low
19410,Men,Young,Low
19411,Men,Young,Low
19412,Men,Older,High
19413,Men,Young,Low
19414,Women,Middle,Low
19415,Men,Older,Mid
19416,Women,Middle,High
19417,Men,Young,Low
19418,Men,Older,Mid
19419,Men,Middle,High
19420,Men,Older,Low
19421,Men,Middle,Mid
19422,Men,Older,Mid
19423,Men,Older,Low
19424,Men,Young,Low
19425,Men,Middle,Mid
19426,Men,Young,Low
19427,Men,Middle,Low
19428,Men,Middle,High
19429,Men,Older,Mid
19430,Men,Older,High
19431,Men,Middle,Low
19432,Men,Middle,High
19433,Men,Middle,Mid
19434,Men,Older,Mid
19435,Men,Older,Mid
19436,Women,Middle,Low
19437,Men,Older,Mid
19438,Men,Middle,Low
19439,Men,Older,Mid
19440,Women,Middle,Low
19441,Men,Young,Low
19442,Men,Older,Low
19443,Men,Middle,Mid
19444,Men,Older,High
19445,Men,Young,Low
19446,Men,Middle,High
19447,Women,Middle,High
19448,Men,Middle,Low
19449,Men,Older,Low
19450,Men,Young,Low
19451,Men,Middle,Low
19452,Women,Middle,Mid
19453,Men,Middle,Mid
19454,Men,Middle,Mid
19455,Men,Older,Mid
19456,Women,Middle,Low
19457,Men,Middle,Low
19458,Men,Older,Mid
19459,Men,Young,High
19460,Men,Older,Low
19461,Men,Older,High
19462,Men,Middle,High
19463,Men,Young,Low
19464,Men,Young,Low
19465,Men,Older,High
19466,Men,Young,Low
19467,Men,Older,High
19468,Men,Older,Mid
19469,Men,Young,Low
19470,Men,Older,Mid
19471,Men,Young,Mid
19472,Women,Middle,Mid
19473,Men,Young,Mid
19474,Men,Young,Mid
19475,Men,Middle,Mid
19476,Men,Young,Mid
19477,Men,Older,Low
19478,Women,Middle,High
19479,Men,Middle,Low
19480,Men,Older,Low
19481,Men,Middle,High
19482,Men,Older,Low
19483,Men,Older,Mid
19484,Men,Older,Mid
19485,Men,Older,Mid
19486,Women,Middle,High
19487,Men,Older,High
19488,Men,Young,High
19489,Women,Middle,Mid
19490,Men,Young,Low
19491,Men,Older,Mid
19492,Women,Middle,High
19493,Men,Young,Low
19494,Men,Middle,High
19495,Men,Middle,High
19496,Women,Middle,Mid
19497,Men,Older,Low
19498,Men,Older,High
19499,Men,Middle,Mid
19500,Men,Young,Low
19501,Men,Older,Mid
19502,Men,Young,Low
19503,Women,Middle,Mid
19504,Men,Middle,Mid
19505,Men,Young,Mid
19506,Women,Middle,Mid
19507,Women,Middle,Mid
19508,Women,Middle,Mid
19509,Men,Middle,Mid
19510,Men,Young,Low
19511,Women,Middle,High
19512,Men,Older,Low
19513,Women,Middle,High
19514,Women,Middle,Mid
19515,Women,Middle,Low
19516,Women,Middle,Mid
19517,Men,Older,Mid
19518,Men,Young,High
19519,Men,Older,Low
19520,Men,Older,Mid
19521,Women,Middle,Mid
19522,Men,Older,High
19523,Men,Young,Low
19524,Men,Young,Low
19525,Men,Young,Low
19526,Men,Young,Low
19527,Men,Middle,Mid
19528,Men,Older,Mid
19529,Men,Older,Low
19530,Men,Middle,Low
19531,Men,Young,Mid
19532,Women,Middle,Mid
19533,Men,Middle,Mid
19534,Men,Young,High
19535,Men,Young,Mid
19536,Men,Young,High
19537,Women,Middle,Mid
19538,Men,Older,Mid
19539,Women,Middle,Mid
19540,Women,Middle,Low
19541,Men,Middle,Low
19542,Women,Middle,High
19543,Women,Middle,Low
19544,Men,Older,Low
19545,Men,Middle,Mid
19546,Men,Young,Low
19547,Women,Middle,Mid
19548,Women,Middle,Low
19549,Men,Older,High
19550,Women,Middle,Low
19551,Men,Older,High
19552,Men,Older,High
19553,Men,Middle,Low
19554,Men,Older,High
19555,Men,Young,Low
19556,Men,Middle,Mid
19557,Men,Older,High
19558,Men,Older,Mid
19559,Women,Middle,Mid
19560,Men,Young,Mid
19561,Men,Older,High
19562,Men,Young,High
19563,Men,Young,Low
19564,Men,Young,Low
19565,Men,Middle,Mid
19566,Men,Young,High
19567,Men,Older,Mid
19568,Men,Older,High
19569,Men,Middle,Low
19570,Men,Young,Mid
19571,Men,Young,Mid
19572,Men,Young,Mid
19573,Men,Young,Low
19574,Men,Young,Low
19575,Men,Young,Mid
19576,Men,Middle,Low
19577,Women,Middle,Low
19578,Women,Middle,Mid
19579,Men,Middle,Low
19580,Men,Middle,High
19581,Men,Older,Mid
19582,Women,Middle,Low
19583,Men,Middle,Low
19584,Men,Young,Mid
19585,Women,Middle,High
19586,Men,Older,Mid
19587,Men,Older,Low
19588,Men,Older,Mid
19589,Men,Older,Low
19590,Men,Older,High
19591,Men,Young,High
19592,Men,Older,Low
19593,Men,Older,Mid
19594,Men,Older,Mid
19595,Men,Young,Low
19596,Men,Middle,High
19597,Men,Older,Low
19598,Men,Middle,Mid
19599,Men,Young,Mid
19600,Men,Middle,High
19601,Men,Older,Mid
19602,Men,Older,Mid
19603,Men,Older,Mid
19604,Men,Young,Low
19605,Men,Older,Mid
19606,Men,Young,Low
19607,Men,Older,High
19608,Men,Middle,Mid
19609,Men,Middle,Mid
19610,Women,Middle,Mid
19611,Men,Middle,Low
19612,Women,Middle,Mid
19613,Men,Older,Mid
19614,Men,Young,Low
19615,Men,Older,Low
19616,Men,Older,Low
19617,Men,Middle,Mid
19618,Men,Young,Mid
19619,Men,Older,Mid
19620,Men,Older,Low
19621,Men,Young,Low
19622,Men,Young,Mid
19623,Men,Young,Low
19624,Women,Middle,High
19625,Men,Young,High
19626,Men,Middle,Low
19627,Men,Older,Mid
19628,Men,Young,Low
19629,Men,Middle,High
19630,Women,Middle,High
19631,Men,Older,Mid
19632,Women,Middle,High
19633,Men,Older,Mid
19634,Men,Older,Mid
19635,Men,Young,Low
19636,Women,Middle,Low
19637,Men,Young,High
19638,Men,Older,High
19639,Men,Middle,High
19640,Men,Young,Mid
19641,Men,Middle,Mid
19642,Women,Middle,Low
19643,Men,Older,Mid
19644,Men,Middle,Low
19645,Men,Older,Low
19646,Men,Older,Mid
19647,Women,Middle,High
19648,Men,Older,Mid
19649,Men,Young,Mid
19650,Women,Middle,Low
19651,Men,Older,Low
19652,Men,Older,Low
19653,Men,Middle,Low
19654,Men,Middle,Low
19655,Men,Young,High
19656,Men,Middle,Mid
19657,Men,Young,Low
19658,Men,Young,Mid
19659,Men,Older,High
19660,Men,Young,Low
19661,Men,Middle,Mid
19662,Men,Older,Low
19663,Men,Young,Mid
19664,Women,Middle,Low
19665,Men,Middle,Low
19666,Women,Middle,Low
19667,Women,Middle,Low
19668,Men,Young,Mid
19669,Men,Young,Mid
19670,Men,Young,Low
19671,Women,Middle,Mid
19672,Women,Middle,Low
19673,Women,Middle,Mid
19674,Men,Young,Low
19675,Women,Middle,High
19676,Men,Young,Mid
19677,Women,Middle,High
19678,Men,Middle,Mid
19679,Men,Middle,Mid
19680,Men,Older,Low
19681,Men,Young,Low
19682,Men,Young,Low
19683,Men,Older,Mid
19684,Men,Older,Mid
19685,Men,Middle,Low
19686,Men,Middle,High
19687,Men,Young,Mid
19688,Men,Older,Mid
19689,Women,Middle,Mid
19690,Women,Middle,Low
19691,Men,Older,Mid
19692,Men,Older,Low
19693,Men,Older,Low
19694,Men,Young,Mid
19695,Men,Young,High
19696,Men,Young,High
19697,Men,Older,High
19698,Men,Middle,Mid
19699,Men,Young,Mid
19700,Men,Young,High
19701,Men,Older,High
19702,Men,Young,Mid
19703,Men,Middle,Low
19704,Men,Older,Low
19705,Men,Older,Mid
19706,Men,Young,High
19707,Men,Older,High
19708,Women,Middle,Low
19709,Men,Older,High
19710,Men,Older,Mid
19711,Men,Young,Low
19712,Men,Middle,Low
19713,Women,Middle,Mid
19714,Men,Middle,Low
19715,Men,Young,Low
19716,Men,Young,Low
19717,Men,Older,Mid
19718,Men,Young,Low
19719,Men,Older,High
19720,Men,Older,High
19721,Men,Middle,Mid
19722,Women,Middle,Low
19723,Women,Middle,High
19724,Men,Middle,Low
19725,Men,Young,Low
19726,Men,Older,Mid
19727,Men,Young,High
19728,Men,Middle,Low
19729,Men,Older,Low
19730,Men,Older,High
19731,Men,Older,High
19732,Men,Young,Low
19733,Men,Young,High
19734,Men,Young,Mid
19735,Men,Older,Mid
19736,Men,Older,High
19737,Women,Middle,High
19738,Men,Older,Mid
19739,Men,Older,Low
19740,Men,Young,Mid
19741,Men,Older,Mid
19742,Women,Middle,Low
19743,Men,Young,Low
19744,Women,Middle,Low
19745,Men,Older,Low
19746,Men,Older,Mid
19747,Men,Young,Mid
19748,Women,Middle,Mid
19749,Men,Older,Low
19750,Men,Older,Low
19751,Men,Older,Low
19752,Men,Older,Low
19753,Men,Older,High
19754,Men,Young,Mid
19755,Women,Middle,Mid
19756,Men,Young,Mid
19757,Men,Young,High
19758,Men,Middle,Low
19759,Men,Older,Mid
19760,Women,Middle,Low
19761,Men,Young,Mid
19762,Women,Middle,High
19763,Men,Young,Low
19764,Men,Middle,High
19765,Men,Young,High
19766,Men,Older,Low
19767,Men,Young,Low
19768,Men,Middle,Low
19769,Men,Young,Low
19770,Men,Young,High
19771,Men,Young,High
19772,Men,Older,High
19773,Men,Young,High
19774,Men,Older,Low
19775,Men,Middle,High
19776,Women,Middle,Mid
19777,Women,Middle,Mid
19778,Men,Older,Mid
19779,Men,Older,Mid
19780,Men,Young,Low
19781,Men,Young,Low
19782,Men,Older,Low
19783,Men,Older,Low
19784,Women,Middle,High
19785,Women,Middle,Low
19786,Men,Middle,Low
19787,Men,Middle,Low
19788,Men,Young,Mid
19789,Men,Middle,High
19790,Men,Older,High
19791,Men,Older,Mid
19792,Women,Middle,Mid
19793,Men,Older,High
19794,Women,Middle,Low
19795,Men,Middle,Low
19796,Men,Young,Low
19797,Men,Middle,Mid
19798,Women,Middle,High
19799,Men,Young,Low
19800,Men,Young,Mid
19801,Men,Older,Low
19802,Women,Middle,Low
19803,Men,Young,Mid
19804,Men,Middle,Mid
19805,Women,Middle,Mid
19806,Men,Older,Low
19807,Men,Older,Mid
19808,Men,Young,Mid
19809,Men,Middle,Mid
19810,Men,Middle,Mid
19811,Men,Older,Low
19812,Women,Middle,Mid
19813,Men,Older,High
19814,Women,Middle,Low
19815,Men,Young,High
19816,Men,Young,High
19817,Men,Young,Mid
19818,Men,Young,Low
19819,Men,Older,Low
19820,Men,Young,High
19821,Men,Middle,Mid
19822,Women,Middle,Low
19823,Women,Middle,Mid
19824,Men,Middle,Mid
19825,Men,Young,Low
19826,Men,Young,Mid
19827,Women,Middle,Low
19828,Women,Middle,Low
19829,Women,Middle,Mid
19830,Men,Older,Mid
19831,Men,Older,High
19832,Men,Older,Mid
19833,Men,Young,Mid
19834,Women,Middle,Mid
19835,Men,Older,High
19836,Men,Young,High
19837,Men,Young,High
19838,Men,Older,Mid
19839,Men,Older,High
19840,Men,Older,High
19841,Men,Middle,Mid
19842,Men,Older,Low
19843,Men,Young,High
19844,Men,Older,High
19845,Women,Middle,Low
19846,Men,Older,Low
19847,Men,Older,Low
19848,Men,Middle,High
19849,Men,Young,High
19850,Men,Young,Low
19851,Men,Older,Mid
19852,Women,Middle,Low
19853,Men,Young,Mid
19854,Women,Middle,Low
19855,Men,Older,High
19856,Men,Older,High
19857,Women,Middle,Low
19858,Men,Middle,Low
19859,Men,Older,Mid
19860,Men,Young,Low
19861,Men,Young,Mid
19862,Men,Middle,Low
19863,Men,Older,Mid
19864,Men,Young,Low
19865,Men,Older,High
19866,Men,Young,Mid
19867,Men,Young,Mid
19868,Women,Middle,Low
19869,Men,Older,Low
19870,Men,Older,Mid
19871,Men,Older,Low
19872,Men,Young,Low
19873,Women,Middle,Mid
19874,Men,Young,Low
19875,Men,Older,Low
19876,Women,Middle,High
19877,Men,Older,Low
19878,Women,Middle,High
19879,Men,Young,Low
19880,Men,Older,Mid
19881,Men,Young,Mid
19882,Men,Older,Mid
19883,Men,Young,High
19884,Men,Older,Mid
19885,Men,Older,Low
19886,Women,Middle,Low
19887,Women,Middle,Low
19888,Men,Older,Mid
19889,Men,Older,Low
19890,Men,Young,Low
19891,Women,Middle,Mid
19892,Men,Young,Low
19893,Men,Older,High
19894,Men,Older,High
19895,Men,Older,Mid
19896,Men,Young,High
19897,Men,Young,Mid
19898,Men,Older,Low
19899,Men,Older,Low
19900,Men,Young,Mid
19901,Men,Older,High
19902,Women,Middle,Mid
19903,Women,Middle,High
19904,Men,Older,Mid
19905,Men,Young,Low
19906,Men,Middle,Low
19907,Men,Older,High
19908,Women,Middle,Mid
19909,Men,Middle,Low
19910,Men,Young,Low
19911,Men,Young,Low
19912,Men,Middle,Low
19913,Men,Older,Low
19914,Men,Older,Mid
19915,Men,Older,Mid
19916,Men,Young,Low
19917,Men,Middle,High
19918,Men,Young,High
19919,Women,Middle,High
19920,Men,Older,Low
19921,Men,Young,Mid
19922,Men,Young,High
19923,Women,Middle,High
19924,Men,Older,Mid
19925,Men,Older,Low
19926,Women,Middle,High
19927,Men,Middle,High
19928,Men,Young,Mid
19929,Men,Older,High
19930,Women,Middle,Low
19931,Men,Young,Mid
19932,Men,Older,Mid
19933,Men,Young,Low
19934,Men,Middle,Mid
19935,Men,Middle,Mid
19936,Men,Young,High
19937,Men,Older,Mid
19938,Women,Middle,Low
19939,Men,Older,Low
19940,Men,Middle,Low
19941,Men,Older,Low
19942,Men,Young,Low
19943,Women,Middle,Mid
19944,Men,Middle,High
19945,Men,Young,Low
19946,Men,Older,Low
19947,Women,Middle,High
19948,Men,Middle,Low
19949,Women,Middle,Low
19950,Men,Older,Low
19951,Women,Middle,Mid
19952,Women,Middle,Mid
19953,Men,Middle,Low
19954,Men,Older,Low
19955,Men,Middle,Mid
19956,Men,Older,Low
19957,Women,Middle,High
19958,Men,Older,Mid
19959,Men,Young,Mid
19960,Men,Middle,Low
19961,Women,Middle,High
19962,Men,Older,Mid
19963,Men,Older,Mid
19964,Women,Middle,Low
19965,Men,Young,Low
19966,Men,Older,Mid
19967,Men,Older,Low
19968,Women,Middle,Low
19969,Women,Middle,Low
19970,Women,Middle,Low
19971,Men,Older,High
19972,Men,Young,Low
19973,Women,Middle,Mid
19974,Men,Older,Mid
19975,Men,Young,Mid
19976,Men,Older,High
19977,Men,Older,Mid
19978,Men,Young,Mid
19979,Men,Young,Low
19980,Men,Older,High
19981,Men,Young,Low
19982,Men,Older,High
19983,Men,Young,Mid
19984,Men,Middle,High
19985,Men,Older,Low
19986,Men,Older,Mid
19987,Men,Older,Low
19988,Men,Young,Low
19989,Men,Young,Low
19990,Men,Young,Mid
19991,Men,Young,Low
19992,Men,Older,Low
19993,Men,Older,High
19994,Men,Middle,Mid
19995,Men,Young,Low
19996,Men,Young,Mid
19997,Men,Older,Low
19998,Men,Older,Mid
19999,Men,Older,Mid
20000,Women,Middle,Low
